Timing Analyzer report for watch
Mon Nov 24 13:43:30 2025
Quartus Prime Version 24.1std.0 Build 1077 03/04/2025 SC Lite Edition


---------------------
; Table of Contents ;
---------------------
  1. Legal Notice
  2. Timing Analyzer Summary
  3. Parallel Compilation
  4. Clocks
  5. Slow 1200mV 85C Model Fmax Summary
  6. Timing Closure Recommendations
  7. Slow 1200mV 85C Model Setup Summary
  8. Slow 1200mV 85C Model Hold Summary
  9. Slow 1200mV 85C Model Recovery Summary
 10. Slow 1200mV 85C Model Removal Summary
 11. Slow 1200mV 85C Model Minimum Pulse Width Summary
 12. Slow 1200mV 85C Model Setup: 'pll_inst|altpll_component|auto_generated|pll1|clk[0]'
 13. Slow 1200mV 85C Model Setup: 'CLOCK_50'
 14. Slow 1200mV 85C Model Hold: 'CLOCK_50'
 15. Slow 1200mV 85C Model Hold: 'pll_inst|altpll_component|auto_generated|pll1|clk[0]'
 16. Slow 1200mV 85C Model Metastability Summary
 17. Slow 1200mV 0C Model Fmax Summary
 18. Slow 1200mV 0C Model Setup Summary
 19. Slow 1200mV 0C Model Hold Summary
 20. Slow 1200mV 0C Model Recovery Summary
 21. Slow 1200mV 0C Model Removal Summary
 22. Slow 1200mV 0C Model Minimum Pulse Width Summary
 23. Slow 1200mV 0C Model Setup: 'pll_inst|altpll_component|auto_generated|pll1|clk[0]'
 24. Slow 1200mV 0C Model Setup: 'CLOCK_50'
 25. Slow 1200mV 0C Model Hold: 'CLOCK_50'
 26. Slow 1200mV 0C Model Hold: 'pll_inst|altpll_component|auto_generated|pll1|clk[0]'
 27. Slow 1200mV 0C Model Metastability Summary
 28. Fast 1200mV 0C Model Setup Summary
 29. Fast 1200mV 0C Model Hold Summary
 30. Fast 1200mV 0C Model Recovery Summary
 31. Fast 1200mV 0C Model Removal Summary
 32. Fast 1200mV 0C Model Minimum Pulse Width Summary
 33. Fast 1200mV 0C Model Setup: 'pll_inst|altpll_component|auto_generated|pll1|clk[0]'
 34. Fast 1200mV 0C Model Setup: 'CLOCK_50'
 35. Fast 1200mV 0C Model Hold: 'CLOCK_50'
 36. Fast 1200mV 0C Model Hold: 'pll_inst|altpll_component|auto_generated|pll1|clk[0]'
 37. Fast 1200mV 0C Model Metastability Summary
 38. Multicorner Timing Analysis Summary
 39. Board Trace Model Assignments
 40. Input Transition Times
 41. Signal Integrity Metrics (Slow 1200mv 0c Model)
 42. Signal Integrity Metrics (Slow 1200mv 85c Model)
 43. Signal Integrity Metrics (Fast 1200mv 0c Model)
 44. Setup Transfers
 45. Hold Transfers
 46. Report TCCS
 47. Report RSKM
 48. Unconstrained Paths Summary
 49. Clock Status Summary
 50. Unconstrained Input Ports
 51. Unconstrained Output Ports
 52. Unconstrained Input Ports
 53. Unconstrained Output Ports
 54. Timing Analyzer Messages



----------------
; Legal Notice ;
----------------
Copyright (C) 2025  Altera Corporation. All rights reserved.
Your use of Altera Corporation's design tools, logic functions 
and other software and tools, and any partner logic 
functions, and any output files from any of the foregoing 
(including device programming or simulation files), and any 
associated documentation or information are expressly subject 
to the terms and conditions of the Altera Program License 
Subscription Agreement, the Altera Quartus Prime License Agreement,
the Altera IP License Agreement, or other applicable license
agreement, including, without limitation, that your use is for
the sole purpose of programming logic devices manufactured by
Altera and sold by Altera or its authorized distributors.  Please
refer to the Altera Software License Subscription Agreements 
on the Quartus Prime software download page.



+---------------------------------------------------------------------------------+
; Timing Analyzer Summary                                                         ;
+-----------------------+---------------------------------------------------------+
; Quartus Prime Version ; Version 24.1std.0 Build 1077 03/04/2025 SC Lite Edition ;
; Timing Analyzer       ; Legacy Timing Analyzer                                  ;
; Revision Name         ; watch                                                   ;
; Device Family         ; Cyclone IV GX                                           ;
; Device Name           ; EP4CGX150DF31C7                                         ;
; Timing Models         ; Final                                                   ;
; Delay Model           ; Combined                                                ;
; Rise/Fall Delays      ; Enabled                                                 ;
+-----------------------+---------------------------------------------------------+


+------------------------------------------+
; Parallel Compilation                     ;
+----------------------------+-------------+
; Processors                 ; Number      ;
+----------------------------+-------------+
; Number detected on machine ; 12          ;
; Maximum allowed            ; 6           ;
;                            ;             ;
; Average used               ; 1.45        ;
; Maximum used               ; 6           ;
;                            ;             ;
; Usage by Processor         ; % Time Used ;
;     Processor 1            ; 100.0%      ;
;     Processor 2            ;  11.6%      ;
;     Processor 3            ;   9.9%      ;
;     Processor 4            ;   9.7%      ;
;     Processors 5-6         ;   7.0%      ;
+----------------------------+-------------+


+------------------------------------------------------------------------------------------------------------------------------------------------------------------------------------------------------------------------------------------------------------------------------------------------------------------------------------+
; Clocks                                                                                                                                                                                                                                                                                                                             ;
+------------------------------------------------------+-----------+--------+------------+-------+--------+------------+-----------+-------------+-------+--------+-----------+------------+----------+----------+--------------------------------------------------------+----------------------------------------------------------+
; Clock Name                                           ; Type      ; Period ; Frequency  ; Rise  ; Fall   ; Duty Cycle ; Divide by ; Multiply by ; Phase ; Offset ; Edge List ; Edge Shift ; Inverted ; Master   ; Source                                                 ; Targets                                                  ;
+------------------------------------------------------+-----------+--------+------------+-------+--------+------------+-----------+-------------+-------+--------+-----------+------------+----------+----------+--------------------------------------------------------+----------------------------------------------------------+
; CLOCK_50                                             ; Base      ; 20.000 ; 50.0 MHz   ; 0.000 ; 10.000 ;            ;           ;             ;       ;        ;           ;            ;          ;          ;                                                        ; { CLOCK_50 }                                             ;
; pll_inst|altpll_component|auto_generated|pll1|clk[0] ; Generated ; 6.736  ; 148.46 MHz ; 0.000 ; 3.368  ; 50.00      ; 32        ; 95          ;       ;        ;           ;            ; false    ; CLOCK_50 ; pll_inst|altpll_component|auto_generated|pll1|inclk[0] ; { pll_inst|altpll_component|auto_generated|pll1|clk[0] } ;
+------------------------------------------------------+-----------+--------+------------+-------+--------+------------+-----------+-------------+-------+--------+-----------+------------+----------+----------+--------------------------------------------------------+----------------------------------------------------------+


+-------------------------------------------------------------------------------------------+
; Slow 1200mV 85C Model Fmax Summary                                                        ;
+-----------+-----------------+------------------------------------------------------+------+
; Fmax      ; Restricted Fmax ; Clock Name                                           ; Note ;
+-----------+-----------------+------------------------------------------------------+------+
; 38.0 MHz  ; 38.0 MHz        ; pll_inst|altpll_component|auto_generated|pll1|clk[0] ;      ;
; 55.86 MHz ; 55.86 MHz       ; CLOCK_50                                             ;      ;
+-----------+-----------------+------------------------------------------------------+------+
This panel reports FMAX for every clock in the design, regardless of the user-specified clock periods.  FMAX is only computed for paths where the source and destination registers or ports are driven by the same clock.  Paths of different clocks, including generated clocks, are ignored.  For paths between a clock and its inversion, FMAX is computed as if the rising and falling edges are scaled along with FMAX, such that the duty cycle (in terms of a percentage) is maintained. Altera recommends that you always use clock constraints and other slack reports for sign-off analysis.


----------------------------------
; Timing Closure Recommendations ;
----------------------------------
HTML report is unavailable in plain text report export.


+--------------------------------------------------------------------------------+
; Slow 1200mV 85C Model Setup Summary                                            ;
+------------------------------------------------------+---------+---------------+
; Clock                                                ; Slack   ; End Point TNS ;
+------------------------------------------------------+---------+---------------+
; pll_inst|altpll_component|auto_generated|pll1|clk[0] ; -24.933 ; -599.284      ;
; CLOCK_50                                             ; 2.097   ; 0.000         ;
+------------------------------------------------------+---------+---------------+


+------------------------------------------------------------------------------+
; Slow 1200mV 85C Model Hold Summary                                           ;
+------------------------------------------------------+-------+---------------+
; Clock                                                ; Slack ; End Point TNS ;
+------------------------------------------------------+-------+---------------+
; CLOCK_50                                             ; 0.392 ; 0.000         ;
; pll_inst|altpll_component|auto_generated|pll1|clk[0] ; 0.633 ; 0.000         ;
+------------------------------------------------------+-------+---------------+


------------------------------------------
; Slow 1200mV 85C Model Recovery Summary ;
------------------------------------------
No paths to report.


-----------------------------------------
; Slow 1200mV 85C Model Removal Summary ;
-----------------------------------------
No paths to report.


+------------------------------------------------------------------------------+
; Slow 1200mV 85C Model Minimum Pulse Width Summary                            ;
+------------------------------------------------------+-------+---------------+
; Clock                                                ; Slack ; End Point TNS ;
+------------------------------------------------------+-------+---------------+
; pll_inst|altpll_component|auto_generated|pll1|clk[0] ; 2.988 ; 0.000         ;
; CLOCK_50                                             ; 9.716 ; 0.000         ;
+------------------------------------------------------+-------+---------------+


+------------------------------------------------------------------------------------------------------------------------------------------------------------------------------------------------------+
; Slow 1200mV 85C Model Setup: 'pll_inst|altpll_component|auto_generated|pll1|clk[0]'                                                                                                                  ;
+---------+-----------------------------------------+-----------------------------------+--------------+------------------------------------------------------+--------------+------------+------------+
; Slack   ; From Node                               ; To Node                           ; Launch Clock ; Latch Clock                                          ; Relationship ; Clock Skew ; Data Delay ;
+---------+-----------------------------------------+-----------------------------------+--------------+------------------------------------------------------+--------------+------------+------------+
; -24.933 ; text_screen_gen:text_gen|char_ram~8811  ; text_screen_gen:text_gen|vga_r[1] ; CLOCK_50     ; pll_inst|altpll_component|auto_generated|pll1|clk[0] ; 0.208        ; -2.864     ; 22.235     ;
; -24.867 ; text_screen_gen:text_gen|char_ram~8811  ; text_screen_gen:text_gen|vga_b[1] ; CLOCK_50     ; pll_inst|altpll_component|auto_generated|pll1|clk[0] ; 0.208        ; -2.864     ; 22.169     ;
; -24.777 ; text_screen_gen:text_gen|char_ram~10554 ; text_screen_gen:text_gen|vga_r[1] ; CLOCK_50     ; pll_inst|altpll_component|auto_generated|pll1|clk[0] ; 0.208        ; -2.872     ; 22.071     ;
; -24.714 ; text_screen_gen:text_gen|char_ram~8811  ; text_screen_gen:text_gen|vga_r[7] ; CLOCK_50     ; pll_inst|altpll_component|auto_generated|pll1|clk[0] ; 0.208        ; -2.864     ; 22.016     ;
; -24.713 ; text_screen_gen:text_gen|char_ram~8811  ; text_screen_gen:text_gen|vga_g[1] ; CLOCK_50     ; pll_inst|altpll_component|auto_generated|pll1|clk[0] ; 0.208        ; -2.864     ; 22.015     ;
; -24.711 ; text_screen_gen:text_gen|char_ram~10554 ; text_screen_gen:text_gen|vga_b[1] ; CLOCK_50     ; pll_inst|altpll_component|auto_generated|pll1|clk[0] ; 0.208        ; -2.872     ; 22.005     ;
; -24.658 ; text_screen_gen:text_gen|char_ram~8811  ; text_screen_gen:text_gen|vga_r[2] ; CLOCK_50     ; pll_inst|altpll_component|auto_generated|pll1|clk[0] ; 0.208        ; -2.864     ; 21.960     ;
; -24.658 ; text_screen_gen:text_gen|char_ram~8811  ; text_screen_gen:text_gen|vga_b[3] ; CLOCK_50     ; pll_inst|altpll_component|auto_generated|pll1|clk[0] ; 0.208        ; -2.864     ; 21.960     ;
; -24.562 ; text_screen_gen:text_gen|char_ram~8811  ; text_screen_gen:text_gen|vga_r[5] ; CLOCK_50     ; pll_inst|altpll_component|auto_generated|pll1|clk[0] ; 0.208        ; -2.834     ; 21.894     ;
; -24.562 ; text_screen_gen:text_gen|char_ram~8811  ; text_screen_gen:text_gen|vga_g[3] ; CLOCK_50     ; pll_inst|altpll_component|auto_generated|pll1|clk[0] ; 0.208        ; -2.834     ; 21.894     ;
; -24.562 ; text_screen_gen:text_gen|char_ram~8811  ; text_screen_gen:text_gen|vga_g[4] ; CLOCK_50     ; pll_inst|altpll_component|auto_generated|pll1|clk[0] ; 0.208        ; -2.834     ; 21.894     ;
; -24.562 ; text_screen_gen:text_gen|char_ram~8811  ; text_screen_gen:text_gen|vga_g[7] ; CLOCK_50     ; pll_inst|altpll_component|auto_generated|pll1|clk[0] ; 0.208        ; -2.834     ; 21.894     ;
; -24.561 ; text_screen_gen:text_gen|char_ram~8811  ; text_screen_gen:text_gen|vga_b[0] ; CLOCK_50     ; pll_inst|altpll_component|auto_generated|pll1|clk[0] ; 0.208        ; -2.834     ; 21.893     ;
; -24.561 ; text_screen_gen:text_gen|char_ram~8811  ; text_screen_gen:text_gen|vga_b[2] ; CLOCK_50     ; pll_inst|altpll_component|auto_generated|pll1|clk[0] ; 0.208        ; -2.834     ; 21.893     ;
; -24.561 ; text_screen_gen:text_gen|char_ram~8811  ; text_screen_gen:text_gen|vga_b[4] ; CLOCK_50     ; pll_inst|altpll_component|auto_generated|pll1|clk[0] ; 0.208        ; -2.834     ; 21.893     ;
; -24.561 ; text_screen_gen:text_gen|char_ram~8811  ; text_screen_gen:text_gen|vga_b[5] ; CLOCK_50     ; pll_inst|altpll_component|auto_generated|pll1|clk[0] ; 0.208        ; -2.834     ; 21.893     ;
; -24.561 ; text_screen_gen:text_gen|char_ram~8811  ; text_screen_gen:text_gen|vga_b[6] ; CLOCK_50     ; pll_inst|altpll_component|auto_generated|pll1|clk[0] ; 0.208        ; -2.834     ; 21.893     ;
; -24.560 ; text_screen_gen:text_gen|char_ram~8811  ; text_screen_gen:text_gen|vga_r[0] ; CLOCK_50     ; pll_inst|altpll_component|auto_generated|pll1|clk[0] ; 0.208        ; -2.834     ; 21.892     ;
; -24.560 ; text_screen_gen:text_gen|char_ram~8811  ; text_screen_gen:text_gen|vga_r[3] ; CLOCK_50     ; pll_inst|altpll_component|auto_generated|pll1|clk[0] ; 0.208        ; -2.834     ; 21.892     ;
; -24.560 ; text_screen_gen:text_gen|char_ram~8811  ; text_screen_gen:text_gen|vga_r[6] ; CLOCK_50     ; pll_inst|altpll_component|auto_generated|pll1|clk[0] ; 0.208        ; -2.834     ; 21.892     ;
; -24.560 ; text_screen_gen:text_gen|char_ram~8811  ; text_screen_gen:text_gen|vga_g[2] ; CLOCK_50     ; pll_inst|altpll_component|auto_generated|pll1|clk[0] ; 0.208        ; -2.834     ; 21.892     ;
; -24.560 ; text_screen_gen:text_gen|char_ram~8811  ; text_screen_gen:text_gen|vga_g[5] ; CLOCK_50     ; pll_inst|altpll_component|auto_generated|pll1|clk[0] ; 0.208        ; -2.834     ; 21.892     ;
; -24.558 ; text_screen_gen:text_gen|char_ram~10554 ; text_screen_gen:text_gen|vga_r[7] ; CLOCK_50     ; pll_inst|altpll_component|auto_generated|pll1|clk[0] ; 0.208        ; -2.872     ; 21.852     ;
; -24.557 ; text_screen_gen:text_gen|char_ram~10554 ; text_screen_gen:text_gen|vga_g[1] ; CLOCK_50     ; pll_inst|altpll_component|auto_generated|pll1|clk[0] ; 0.208        ; -2.872     ; 21.851     ;
; -24.512 ; text_screen_gen:text_gen|char_ram~10582 ; text_screen_gen:text_gen|vga_r[1] ; CLOCK_50     ; pll_inst|altpll_component|auto_generated|pll1|clk[0] ; 0.208        ; -2.872     ; 21.806     ;
; -24.502 ; text_screen_gen:text_gen|char_ram~10554 ; text_screen_gen:text_gen|vga_r[2] ; CLOCK_50     ; pll_inst|altpll_component|auto_generated|pll1|clk[0] ; 0.208        ; -2.872     ; 21.796     ;
; -24.502 ; text_screen_gen:text_gen|char_ram~10554 ; text_screen_gen:text_gen|vga_b[3] ; CLOCK_50     ; pll_inst|altpll_component|auto_generated|pll1|clk[0] ; 0.208        ; -2.872     ; 21.796     ;
; -24.451 ; text_screen_gen:text_gen|char_ram~10547 ; text_screen_gen:text_gen|vga_r[1] ; CLOCK_50     ; pll_inst|altpll_component|auto_generated|pll1|clk[0] ; 0.208        ; -2.861     ; 21.756     ;
; -24.446 ; text_screen_gen:text_gen|char_ram~10582 ; text_screen_gen:text_gen|vga_b[1] ; CLOCK_50     ; pll_inst|altpll_component|auto_generated|pll1|clk[0] ; 0.208        ; -2.872     ; 21.740     ;
; -24.406 ; text_screen_gen:text_gen|char_ram~10554 ; text_screen_gen:text_gen|vga_r[5] ; CLOCK_50     ; pll_inst|altpll_component|auto_generated|pll1|clk[0] ; 0.208        ; -2.842     ; 21.730     ;
; -24.406 ; text_screen_gen:text_gen|char_ram~10554 ; text_screen_gen:text_gen|vga_g[3] ; CLOCK_50     ; pll_inst|altpll_component|auto_generated|pll1|clk[0] ; 0.208        ; -2.842     ; 21.730     ;
; -24.406 ; text_screen_gen:text_gen|char_ram~10554 ; text_screen_gen:text_gen|vga_g[4] ; CLOCK_50     ; pll_inst|altpll_component|auto_generated|pll1|clk[0] ; 0.208        ; -2.842     ; 21.730     ;
; -24.406 ; text_screen_gen:text_gen|char_ram~10554 ; text_screen_gen:text_gen|vga_g[7] ; CLOCK_50     ; pll_inst|altpll_component|auto_generated|pll1|clk[0] ; 0.208        ; -2.842     ; 21.730     ;
; -24.405 ; text_screen_gen:text_gen|char_ram~10554 ; text_screen_gen:text_gen|vga_b[0] ; CLOCK_50     ; pll_inst|altpll_component|auto_generated|pll1|clk[0] ; 0.208        ; -2.842     ; 21.729     ;
; -24.405 ; text_screen_gen:text_gen|char_ram~10554 ; text_screen_gen:text_gen|vga_b[2] ; CLOCK_50     ; pll_inst|altpll_component|auto_generated|pll1|clk[0] ; 0.208        ; -2.842     ; 21.729     ;
; -24.405 ; text_screen_gen:text_gen|char_ram~10554 ; text_screen_gen:text_gen|vga_b[4] ; CLOCK_50     ; pll_inst|altpll_component|auto_generated|pll1|clk[0] ; 0.208        ; -2.842     ; 21.729     ;
; -24.405 ; text_screen_gen:text_gen|char_ram~10554 ; text_screen_gen:text_gen|vga_b[5] ; CLOCK_50     ; pll_inst|altpll_component|auto_generated|pll1|clk[0] ; 0.208        ; -2.842     ; 21.729     ;
; -24.405 ; text_screen_gen:text_gen|char_ram~10554 ; text_screen_gen:text_gen|vga_b[6] ; CLOCK_50     ; pll_inst|altpll_component|auto_generated|pll1|clk[0] ; 0.208        ; -2.842     ; 21.729     ;
; -24.404 ; text_screen_gen:text_gen|char_ram~10554 ; text_screen_gen:text_gen|vga_r[0] ; CLOCK_50     ; pll_inst|altpll_component|auto_generated|pll1|clk[0] ; 0.208        ; -2.842     ; 21.728     ;
; -24.404 ; text_screen_gen:text_gen|char_ram~10554 ; text_screen_gen:text_gen|vga_r[3] ; CLOCK_50     ; pll_inst|altpll_component|auto_generated|pll1|clk[0] ; 0.208        ; -2.842     ; 21.728     ;
; -24.404 ; text_screen_gen:text_gen|char_ram~10554 ; text_screen_gen:text_gen|vga_r[6] ; CLOCK_50     ; pll_inst|altpll_component|auto_generated|pll1|clk[0] ; 0.208        ; -2.842     ; 21.728     ;
; -24.404 ; text_screen_gen:text_gen|char_ram~10554 ; text_screen_gen:text_gen|vga_g[2] ; CLOCK_50     ; pll_inst|altpll_component|auto_generated|pll1|clk[0] ; 0.208        ; -2.842     ; 21.728     ;
; -24.404 ; text_screen_gen:text_gen|char_ram~10554 ; text_screen_gen:text_gen|vga_g[5] ; CLOCK_50     ; pll_inst|altpll_component|auto_generated|pll1|clk[0] ; 0.208        ; -2.842     ; 21.728     ;
; -24.385 ; text_screen_gen:text_gen|char_ram~10547 ; text_screen_gen:text_gen|vga_b[1] ; CLOCK_50     ; pll_inst|altpll_component|auto_generated|pll1|clk[0] ; 0.208        ; -2.861     ; 21.690     ;
; -24.348 ; text_screen_gen:text_gen|char_ram~10575 ; text_screen_gen:text_gen|vga_r[1] ; CLOCK_50     ; pll_inst|altpll_component|auto_generated|pll1|clk[0] ; 0.208        ; -2.866     ; 21.648     ;
; -24.316 ; text_screen_gen:text_gen|char_ram~8811  ; text_screen_gen:text_gen|vga_r[4] ; CLOCK_50     ; pll_inst|altpll_component|auto_generated|pll1|clk[0] ; 0.208        ; -2.864     ; 21.618     ;
; -24.314 ; text_screen_gen:text_gen|char_ram~8811  ; text_screen_gen:text_gen|vga_g[0] ; CLOCK_50     ; pll_inst|altpll_component|auto_generated|pll1|clk[0] ; 0.208        ; -2.864     ; 21.616     ;
; -24.314 ; text_screen_gen:text_gen|char_ram~8811  ; text_screen_gen:text_gen|vga_g[6] ; CLOCK_50     ; pll_inst|altpll_component|auto_generated|pll1|clk[0] ; 0.208        ; -2.864     ; 21.616     ;
; -24.293 ; text_screen_gen:text_gen|char_ram~10582 ; text_screen_gen:text_gen|vga_r[7] ; CLOCK_50     ; pll_inst|altpll_component|auto_generated|pll1|clk[0] ; 0.208        ; -2.872     ; 21.587     ;
; -24.292 ; text_screen_gen:text_gen|char_ram~10582 ; text_screen_gen:text_gen|vga_g[1] ; CLOCK_50     ; pll_inst|altpll_component|auto_generated|pll1|clk[0] ; 0.208        ; -2.872     ; 21.586     ;
; -24.282 ; text_screen_gen:text_gen|char_ram~10575 ; text_screen_gen:text_gen|vga_b[1] ; CLOCK_50     ; pll_inst|altpll_component|auto_generated|pll1|clk[0] ; 0.208        ; -2.866     ; 21.582     ;
; -24.237 ; text_screen_gen:text_gen|char_ram~10582 ; text_screen_gen:text_gen|vga_r[2] ; CLOCK_50     ; pll_inst|altpll_component|auto_generated|pll1|clk[0] ; 0.208        ; -2.872     ; 21.531     ;
; -24.237 ; text_screen_gen:text_gen|char_ram~10582 ; text_screen_gen:text_gen|vga_b[3] ; CLOCK_50     ; pll_inst|altpll_component|auto_generated|pll1|clk[0] ; 0.208        ; -2.872     ; 21.531     ;
; -24.232 ; text_screen_gen:text_gen|char_ram~10547 ; text_screen_gen:text_gen|vga_r[7] ; CLOCK_50     ; pll_inst|altpll_component|auto_generated|pll1|clk[0] ; 0.208        ; -2.861     ; 21.537     ;
; -24.231 ; text_screen_gen:text_gen|char_ram~10547 ; text_screen_gen:text_gen|vga_g[1] ; CLOCK_50     ; pll_inst|altpll_component|auto_generated|pll1|clk[0] ; 0.208        ; -2.861     ; 21.536     ;
; -24.176 ; text_screen_gen:text_gen|char_ram~10547 ; text_screen_gen:text_gen|vga_r[2] ; CLOCK_50     ; pll_inst|altpll_component|auto_generated|pll1|clk[0] ; 0.208        ; -2.861     ; 21.481     ;
; -24.176 ; text_screen_gen:text_gen|char_ram~10547 ; text_screen_gen:text_gen|vga_b[3] ; CLOCK_50     ; pll_inst|altpll_component|auto_generated|pll1|clk[0] ; 0.208        ; -2.861     ; 21.481     ;
; -24.160 ; text_screen_gen:text_gen|char_ram~10554 ; text_screen_gen:text_gen|vga_r[4] ; CLOCK_50     ; pll_inst|altpll_component|auto_generated|pll1|clk[0] ; 0.208        ; -2.872     ; 21.454     ;
; -24.158 ; text_screen_gen:text_gen|char_ram~10554 ; text_screen_gen:text_gen|vga_g[0] ; CLOCK_50     ; pll_inst|altpll_component|auto_generated|pll1|clk[0] ; 0.208        ; -2.872     ; 21.452     ;
; -24.158 ; text_screen_gen:text_gen|char_ram~10554 ; text_screen_gen:text_gen|vga_g[6] ; CLOCK_50     ; pll_inst|altpll_component|auto_generated|pll1|clk[0] ; 0.208        ; -2.872     ; 21.452     ;
; -24.154 ; text_screen_gen:text_gen|char_ram~8818  ; text_screen_gen:text_gen|vga_r[1] ; CLOCK_50     ; pll_inst|altpll_component|auto_generated|pll1|clk[0] ; 0.208        ; -2.844     ; 21.476     ;
; -24.154 ; text_screen_gen:text_gen|char_ram~8846  ; text_screen_gen:text_gen|vga_r[1] ; CLOCK_50     ; pll_inst|altpll_component|auto_generated|pll1|clk[0] ; 0.208        ; -2.845     ; 21.475     ;
; -24.141 ; text_screen_gen:text_gen|char_ram~10582 ; text_screen_gen:text_gen|vga_r[5] ; CLOCK_50     ; pll_inst|altpll_component|auto_generated|pll1|clk[0] ; 0.208        ; -2.842     ; 21.465     ;
; -24.141 ; text_screen_gen:text_gen|char_ram~10582 ; text_screen_gen:text_gen|vga_g[3] ; CLOCK_50     ; pll_inst|altpll_component|auto_generated|pll1|clk[0] ; 0.208        ; -2.842     ; 21.465     ;
; -24.141 ; text_screen_gen:text_gen|char_ram~10582 ; text_screen_gen:text_gen|vga_g[4] ; CLOCK_50     ; pll_inst|altpll_component|auto_generated|pll1|clk[0] ; 0.208        ; -2.842     ; 21.465     ;
; -24.141 ; text_screen_gen:text_gen|char_ram~10582 ; text_screen_gen:text_gen|vga_g[7] ; CLOCK_50     ; pll_inst|altpll_component|auto_generated|pll1|clk[0] ; 0.208        ; -2.842     ; 21.465     ;
; -24.140 ; text_screen_gen:text_gen|char_ram~10582 ; text_screen_gen:text_gen|vga_b[0] ; CLOCK_50     ; pll_inst|altpll_component|auto_generated|pll1|clk[0] ; 0.208        ; -2.842     ; 21.464     ;
; -24.140 ; text_screen_gen:text_gen|char_ram~10582 ; text_screen_gen:text_gen|vga_b[2] ; CLOCK_50     ; pll_inst|altpll_component|auto_generated|pll1|clk[0] ; 0.208        ; -2.842     ; 21.464     ;
; -24.140 ; text_screen_gen:text_gen|char_ram~10582 ; text_screen_gen:text_gen|vga_b[4] ; CLOCK_50     ; pll_inst|altpll_component|auto_generated|pll1|clk[0] ; 0.208        ; -2.842     ; 21.464     ;
; -24.140 ; text_screen_gen:text_gen|char_ram~10582 ; text_screen_gen:text_gen|vga_b[5] ; CLOCK_50     ; pll_inst|altpll_component|auto_generated|pll1|clk[0] ; 0.208        ; -2.842     ; 21.464     ;
; -24.140 ; text_screen_gen:text_gen|char_ram~10582 ; text_screen_gen:text_gen|vga_b[6] ; CLOCK_50     ; pll_inst|altpll_component|auto_generated|pll1|clk[0] ; 0.208        ; -2.842     ; 21.464     ;
; -24.139 ; text_screen_gen:text_gen|char_ram~10582 ; text_screen_gen:text_gen|vga_r[0] ; CLOCK_50     ; pll_inst|altpll_component|auto_generated|pll1|clk[0] ; 0.208        ; -2.842     ; 21.463     ;
; -24.139 ; text_screen_gen:text_gen|char_ram~10582 ; text_screen_gen:text_gen|vga_r[3] ; CLOCK_50     ; pll_inst|altpll_component|auto_generated|pll1|clk[0] ; 0.208        ; -2.842     ; 21.463     ;
; -24.139 ; text_screen_gen:text_gen|char_ram~10582 ; text_screen_gen:text_gen|vga_r[6] ; CLOCK_50     ; pll_inst|altpll_component|auto_generated|pll1|clk[0] ; 0.208        ; -2.842     ; 21.463     ;
; -24.139 ; text_screen_gen:text_gen|char_ram~10582 ; text_screen_gen:text_gen|vga_g[2] ; CLOCK_50     ; pll_inst|altpll_component|auto_generated|pll1|clk[0] ; 0.208        ; -2.842     ; 21.463     ;
; -24.139 ; text_screen_gen:text_gen|char_ram~10582 ; text_screen_gen:text_gen|vga_g[5] ; CLOCK_50     ; pll_inst|altpll_component|auto_generated|pll1|clk[0] ; 0.208        ; -2.842     ; 21.463     ;
; -24.129 ; text_screen_gen:text_gen|char_ram~10575 ; text_screen_gen:text_gen|vga_r[7] ; CLOCK_50     ; pll_inst|altpll_component|auto_generated|pll1|clk[0] ; 0.208        ; -2.866     ; 21.429     ;
; -24.128 ; text_screen_gen:text_gen|char_ram~10575 ; text_screen_gen:text_gen|vga_g[1] ; CLOCK_50     ; pll_inst|altpll_component|auto_generated|pll1|clk[0] ; 0.208        ; -2.866     ; 21.428     ;
; -24.102 ; text_screen_gen:text_gen|char_ram~8783  ; text_screen_gen:text_gen|vga_r[1] ; CLOCK_50     ; pll_inst|altpll_component|auto_generated|pll1|clk[0] ; 0.208        ; -2.851     ; 21.417     ;
; -24.088 ; text_screen_gen:text_gen|char_ram~8818  ; text_screen_gen:text_gen|vga_b[1] ; CLOCK_50     ; pll_inst|altpll_component|auto_generated|pll1|clk[0] ; 0.208        ; -2.844     ; 21.410     ;
; -24.088 ; text_screen_gen:text_gen|char_ram~8846  ; text_screen_gen:text_gen|vga_b[1] ; CLOCK_50     ; pll_inst|altpll_component|auto_generated|pll1|clk[0] ; 0.208        ; -2.845     ; 21.409     ;
; -24.080 ; text_screen_gen:text_gen|char_ram~10547 ; text_screen_gen:text_gen|vga_r[5] ; CLOCK_50     ; pll_inst|altpll_component|auto_generated|pll1|clk[0] ; 0.208        ; -2.831     ; 21.415     ;
; -24.080 ; text_screen_gen:text_gen|char_ram~10547 ; text_screen_gen:text_gen|vga_g[3] ; CLOCK_50     ; pll_inst|altpll_component|auto_generated|pll1|clk[0] ; 0.208        ; -2.831     ; 21.415     ;
; -24.080 ; text_screen_gen:text_gen|char_ram~10547 ; text_screen_gen:text_gen|vga_g[4] ; CLOCK_50     ; pll_inst|altpll_component|auto_generated|pll1|clk[0] ; 0.208        ; -2.831     ; 21.415     ;
; -24.080 ; text_screen_gen:text_gen|char_ram~10547 ; text_screen_gen:text_gen|vga_g[7] ; CLOCK_50     ; pll_inst|altpll_component|auto_generated|pll1|clk[0] ; 0.208        ; -2.831     ; 21.415     ;
; -24.079 ; text_screen_gen:text_gen|char_ram~10547 ; text_screen_gen:text_gen|vga_b[0] ; CLOCK_50     ; pll_inst|altpll_component|auto_generated|pll1|clk[0] ; 0.208        ; -2.831     ; 21.414     ;
; -24.079 ; text_screen_gen:text_gen|char_ram~10547 ; text_screen_gen:text_gen|vga_b[2] ; CLOCK_50     ; pll_inst|altpll_component|auto_generated|pll1|clk[0] ; 0.208        ; -2.831     ; 21.414     ;
; -24.079 ; text_screen_gen:text_gen|char_ram~10547 ; text_screen_gen:text_gen|vga_b[4] ; CLOCK_50     ; pll_inst|altpll_component|auto_generated|pll1|clk[0] ; 0.208        ; -2.831     ; 21.414     ;
; -24.079 ; text_screen_gen:text_gen|char_ram~10547 ; text_screen_gen:text_gen|vga_b[5] ; CLOCK_50     ; pll_inst|altpll_component|auto_generated|pll1|clk[0] ; 0.208        ; -2.831     ; 21.414     ;
; -24.079 ; text_screen_gen:text_gen|char_ram~10547 ; text_screen_gen:text_gen|vga_b[6] ; CLOCK_50     ; pll_inst|altpll_component|auto_generated|pll1|clk[0] ; 0.208        ; -2.831     ; 21.414     ;
; -24.078 ; text_screen_gen:text_gen|char_ram~10547 ; text_screen_gen:text_gen|vga_r[0] ; CLOCK_50     ; pll_inst|altpll_component|auto_generated|pll1|clk[0] ; 0.208        ; -2.831     ; 21.413     ;
; -24.078 ; text_screen_gen:text_gen|char_ram~10547 ; text_screen_gen:text_gen|vga_r[3] ; CLOCK_50     ; pll_inst|altpll_component|auto_generated|pll1|clk[0] ; 0.208        ; -2.831     ; 21.413     ;
; -24.078 ; text_screen_gen:text_gen|char_ram~10547 ; text_screen_gen:text_gen|vga_r[6] ; CLOCK_50     ; pll_inst|altpll_component|auto_generated|pll1|clk[0] ; 0.208        ; -2.831     ; 21.413     ;
; -24.078 ; text_screen_gen:text_gen|char_ram~10547 ; text_screen_gen:text_gen|vga_g[2] ; CLOCK_50     ; pll_inst|altpll_component|auto_generated|pll1|clk[0] ; 0.208        ; -2.831     ; 21.413     ;
; -24.078 ; text_screen_gen:text_gen|char_ram~10547 ; text_screen_gen:text_gen|vga_g[5] ; CLOCK_50     ; pll_inst|altpll_component|auto_generated|pll1|clk[0] ; 0.208        ; -2.831     ; 21.413     ;
; -24.073 ; text_screen_gen:text_gen|char_ram~10575 ; text_screen_gen:text_gen|vga_r[2] ; CLOCK_50     ; pll_inst|altpll_component|auto_generated|pll1|clk[0] ; 0.208        ; -2.866     ; 21.373     ;
; -24.073 ; text_screen_gen:text_gen|char_ram~10575 ; text_screen_gen:text_gen|vga_b[3] ; CLOCK_50     ; pll_inst|altpll_component|auto_generated|pll1|clk[0] ; 0.208        ; -2.866     ; 21.373     ;
; -24.036 ; text_screen_gen:text_gen|char_ram~8783  ; text_screen_gen:text_gen|vga_b[1] ; CLOCK_50     ; pll_inst|altpll_component|auto_generated|pll1|clk[0] ; 0.208        ; -2.851     ; 21.351     ;
; -23.978 ; text_screen_gen:text_gen|char_ram~8762  ; text_screen_gen:text_gen|vga_r[1] ; CLOCK_50     ; pll_inst|altpll_component|auto_generated|pll1|clk[0] ; 0.208        ; -2.843     ; 21.301     ;
; -23.977 ; text_screen_gen:text_gen|char_ram~10575 ; text_screen_gen:text_gen|vga_r[5] ; CLOCK_50     ; pll_inst|altpll_component|auto_generated|pll1|clk[0] ; 0.208        ; -2.836     ; 21.307     ;
+---------+-----------------------------------------+-----------------------------------+--------------+------------------------------------------------------+--------------+------------+------------+


+-----------------------------------------------------------------------------------------------------------------------------------------------------------------+
; Slow 1200mV 85C Model Setup: 'CLOCK_50'                                                                                                                         ;
+-------+-----------------------------------------+-----------------------------------------+--------------+-------------+--------------+------------+------------+
; Slack ; From Node                               ; To Node                                 ; Launch Clock ; Latch Clock ; Relationship ; Clock Skew ; Data Delay ;
+-------+-----------------------------------------+-----------------------------------------+--------------+-------------+--------------+------------+------------+
; 2.097 ; uart_rx:uart_inst|rx_data[0]            ; text_screen_gen:text_gen|char_ram~18822 ; CLOCK_50     ; CLOCK_50    ; 20.000       ; -0.096     ; 17.805     ;
; 2.097 ; uart_rx:uart_inst|rx_data[0]            ; text_screen_gen:text_gen|char_ram~18818 ; CLOCK_50     ; CLOCK_50    ; 20.000       ; -0.096     ; 17.805     ;
; 2.097 ; uart_rx:uart_inst|rx_data[0]            ; text_screen_gen:text_gen|char_ram~18816 ; CLOCK_50     ; CLOCK_50    ; 20.000       ; -0.096     ; 17.805     ;
; 2.097 ; uart_rx:uart_inst|rx_data[0]            ; text_screen_gen:text_gen|char_ram~18820 ; CLOCK_50     ; CLOCK_50    ; 20.000       ; -0.096     ; 17.805     ;
; 2.329 ; uart_rx:uart_inst|rx_data[1]            ; text_screen_gen:text_gen|char_ram~18822 ; CLOCK_50     ; CLOCK_50    ; 20.000       ; -0.096     ; 17.573     ;
; 2.329 ; uart_rx:uart_inst|rx_data[1]            ; text_screen_gen:text_gen|char_ram~18818 ; CLOCK_50     ; CLOCK_50    ; 20.000       ; -0.096     ; 17.573     ;
; 2.329 ; uart_rx:uart_inst|rx_data[1]            ; text_screen_gen:text_gen|char_ram~18816 ; CLOCK_50     ; CLOCK_50    ; 20.000       ; -0.096     ; 17.573     ;
; 2.329 ; uart_rx:uart_inst|rx_data[1]            ; text_screen_gen:text_gen|char_ram~18820 ; CLOCK_50     ; CLOCK_50    ; 20.000       ; -0.096     ; 17.573     ;
; 2.389 ; uart_rx:uart_inst|rx_data[5]            ; text_screen_gen:text_gen|char_ram~18822 ; CLOCK_50     ; CLOCK_50    ; 20.000       ; -0.096     ; 17.513     ;
; 2.389 ; uart_rx:uart_inst|rx_data[5]            ; text_screen_gen:text_gen|char_ram~18818 ; CLOCK_50     ; CLOCK_50    ; 20.000       ; -0.096     ; 17.513     ;
; 2.389 ; uart_rx:uart_inst|rx_data[5]            ; text_screen_gen:text_gen|char_ram~18816 ; CLOCK_50     ; CLOCK_50    ; 20.000       ; -0.096     ; 17.513     ;
; 2.389 ; uart_rx:uart_inst|rx_data[5]            ; text_screen_gen:text_gen|char_ram~18820 ; CLOCK_50     ; CLOCK_50    ; 20.000       ; -0.096     ; 17.513     ;
; 2.401 ; uart_rx:uart_inst|rx_data[7]            ; text_screen_gen:text_gen|char_ram~18822 ; CLOCK_50     ; CLOCK_50    ; 20.000       ; -0.096     ; 17.501     ;
; 2.401 ; uart_rx:uart_inst|rx_data[7]            ; text_screen_gen:text_gen|char_ram~18818 ; CLOCK_50     ; CLOCK_50    ; 20.000       ; -0.096     ; 17.501     ;
; 2.401 ; uart_rx:uart_inst|rx_data[7]            ; text_screen_gen:text_gen|char_ram~18816 ; CLOCK_50     ; CLOCK_50    ; 20.000       ; -0.096     ; 17.501     ;
; 2.401 ; uart_rx:uart_inst|rx_data[7]            ; text_screen_gen:text_gen|char_ram~18820 ; CLOCK_50     ; CLOCK_50    ; 20.000       ; -0.096     ; 17.501     ;
; 2.460 ; uart_rx:uart_inst|rx_data[2]            ; text_screen_gen:text_gen|char_ram~18822 ; CLOCK_50     ; CLOCK_50    ; 20.000       ; -0.096     ; 17.442     ;
; 2.460 ; uart_rx:uart_inst|rx_data[2]            ; text_screen_gen:text_gen|char_ram~18818 ; CLOCK_50     ; CLOCK_50    ; 20.000       ; -0.096     ; 17.442     ;
; 2.460 ; uart_rx:uart_inst|rx_data[2]            ; text_screen_gen:text_gen|char_ram~18816 ; CLOCK_50     ; CLOCK_50    ; 20.000       ; -0.096     ; 17.442     ;
; 2.460 ; uart_rx:uart_inst|rx_data[2]            ; text_screen_gen:text_gen|char_ram~18820 ; CLOCK_50     ; CLOCK_50    ; 20.000       ; -0.096     ; 17.442     ;
; 2.650 ; uart_rx:uart_inst|rx_data[0]            ; text_screen_gen:text_gen|char_ram~11849 ; CLOCK_50     ; CLOCK_50    ; 20.000       ; -0.094     ; 17.254     ;
; 2.671 ; uart_rx:uart_inst|rx_data[0]            ; text_screen_gen:text_gen|char_ram~17928 ; CLOCK_50     ; CLOCK_50    ; 20.000       ; 0.346      ; 17.673     ;
; 2.671 ; uart_rx:uart_inst|rx_data[0]            ; text_screen_gen:text_gen|char_ram~17931 ; CLOCK_50     ; CLOCK_50    ; 20.000       ; 0.346      ; 17.673     ;
; 2.712 ; uart_rx:uart_inst|rx_data[6]            ; text_screen_gen:text_gen|char_ram~18822 ; CLOCK_50     ; CLOCK_50    ; 20.000       ; -0.096     ; 17.190     ;
; 2.712 ; uart_rx:uart_inst|rx_data[6]            ; text_screen_gen:text_gen|char_ram~18818 ; CLOCK_50     ; CLOCK_50    ; 20.000       ; -0.096     ; 17.190     ;
; 2.712 ; uart_rx:uart_inst|rx_data[6]            ; text_screen_gen:text_gen|char_ram~18816 ; CLOCK_50     ; CLOCK_50    ; 20.000       ; -0.096     ; 17.190     ;
; 2.712 ; uart_rx:uart_inst|rx_data[6]            ; text_screen_gen:text_gen|char_ram~18820 ; CLOCK_50     ; CLOCK_50    ; 20.000       ; -0.096     ; 17.190     ;
; 2.714 ; uart_rx:uart_inst|rx_data[4]            ; text_screen_gen:text_gen|char_ram~18822 ; CLOCK_50     ; CLOCK_50    ; 20.000       ; -0.096     ; 17.188     ;
; 2.714 ; uart_rx:uart_inst|rx_data[4]            ; text_screen_gen:text_gen|char_ram~18818 ; CLOCK_50     ; CLOCK_50    ; 20.000       ; -0.096     ; 17.188     ;
; 2.714 ; uart_rx:uart_inst|rx_data[4]            ; text_screen_gen:text_gen|char_ram~18816 ; CLOCK_50     ; CLOCK_50    ; 20.000       ; -0.096     ; 17.188     ;
; 2.714 ; uart_rx:uart_inst|rx_data[4]            ; text_screen_gen:text_gen|char_ram~18820 ; CLOCK_50     ; CLOCK_50    ; 20.000       ; -0.096     ; 17.188     ;
; 2.779 ; uart_rx:uart_inst|rx_data[3]            ; text_screen_gen:text_gen|char_ram~18822 ; CLOCK_50     ; CLOCK_50    ; 20.000       ; -0.096     ; 17.123     ;
; 2.779 ; uart_rx:uart_inst|rx_data[3]            ; text_screen_gen:text_gen|char_ram~18818 ; CLOCK_50     ; CLOCK_50    ; 20.000       ; -0.096     ; 17.123     ;
; 2.779 ; uart_rx:uart_inst|rx_data[3]            ; text_screen_gen:text_gen|char_ram~18816 ; CLOCK_50     ; CLOCK_50    ; 20.000       ; -0.096     ; 17.123     ;
; 2.779 ; uart_rx:uart_inst|rx_data[3]            ; text_screen_gen:text_gen|char_ram~18820 ; CLOCK_50     ; CLOCK_50    ; 20.000       ; -0.096     ; 17.123     ;
; 2.861 ; uart_rx:uart_inst|rx_data[0]            ; text_screen_gen:text_gen|char_ram~18829 ; CLOCK_50     ; CLOCK_50    ; 20.000       ; -0.100     ; 17.037     ;
; 2.861 ; uart_rx:uart_inst|rx_data[0]            ; text_screen_gen:text_gen|char_ram~18825 ; CLOCK_50     ; CLOCK_50    ; 20.000       ; -0.100     ; 17.037     ;
; 2.861 ; uart_rx:uart_inst|rx_data[0]            ; text_screen_gen:text_gen|char_ram~18823 ; CLOCK_50     ; CLOCK_50    ; 20.000       ; -0.100     ; 17.037     ;
; 2.878 ; uart_rx:uart_inst|rx_data[0]            ; text_screen_gen:text_gen|char_ram~18819 ; CLOCK_50     ; CLOCK_50    ; 20.000       ; -0.090     ; 17.030     ;
; 2.886 ; uart_rx:uart_inst|rx_data[1]            ; text_screen_gen:text_gen|char_ram~11849 ; CLOCK_50     ; CLOCK_50    ; 20.000       ; -0.094     ; 17.018     ;
; 2.903 ; uart_rx:uart_inst|rx_data[1]            ; text_screen_gen:text_gen|char_ram~17928 ; CLOCK_50     ; CLOCK_50    ; 20.000       ; 0.346      ; 17.441     ;
; 2.903 ; uart_rx:uart_inst|rx_data[1]            ; text_screen_gen:text_gen|char_ram~17931 ; CLOCK_50     ; CLOCK_50    ; 20.000       ; 0.346      ; 17.441     ;
; 2.913 ; uart_rx:uart_inst|rx_data[5]            ; text_screen_gen:text_gen|char_ram~11849 ; CLOCK_50     ; CLOCK_50    ; 20.000       ; -0.094     ; 16.991     ;
; 2.935 ; uart_rx:uart_inst|rx_data[7]            ; text_screen_gen:text_gen|char_ram~11849 ; CLOCK_50     ; CLOCK_50    ; 20.000       ; -0.094     ; 16.969     ;
; 2.949 ; uart_rx:uart_inst|rx_data[0]            ; text_screen_gen:text_gen|char_ram~19274 ; CLOCK_50     ; CLOCK_50    ; 20.000       ; -0.069     ; 16.980     ;
; 2.963 ; uart_rx:uart_inst|rx_data[5]            ; text_screen_gen:text_gen|char_ram~17928 ; CLOCK_50     ; CLOCK_50    ; 20.000       ; 0.346      ; 17.381     ;
; 2.963 ; uart_rx:uart_inst|rx_data[5]            ; text_screen_gen:text_gen|char_ram~17931 ; CLOCK_50     ; CLOCK_50    ; 20.000       ; 0.346      ; 17.381     ;
; 2.975 ; uart_rx:uart_inst|rx_data[7]            ; text_screen_gen:text_gen|char_ram~17928 ; CLOCK_50     ; CLOCK_50    ; 20.000       ; 0.346      ; 17.369     ;
; 2.975 ; uart_rx:uart_inst|rx_data[7]            ; text_screen_gen:text_gen|char_ram~17931 ; CLOCK_50     ; CLOCK_50    ; 20.000       ; 0.346      ; 17.369     ;
; 2.989 ; uart_rx:uart_inst|rx_data[0]            ; text_screen_gen:text_gen|char_ram~19270 ; CLOCK_50     ; CLOCK_50    ; 20.000       ; -0.094     ; 16.915     ;
; 3.003 ; uart_rx:uart_inst|rx_data[2]            ; text_screen_gen:text_gen|char_ram~11849 ; CLOCK_50     ; CLOCK_50    ; 20.000       ; -0.094     ; 16.901     ;
; 3.011 ; uart_rx:uart_inst|rx_data[0]            ; text_screen_gen:text_gen|char_ram~13649 ; CLOCK_50     ; CLOCK_50    ; 20.000       ; -0.078     ; 16.909     ;
; 3.034 ; uart_rx:uart_inst|rx_data[2]            ; text_screen_gen:text_gen|char_ram~17928 ; CLOCK_50     ; CLOCK_50    ; 20.000       ; 0.346      ; 17.310     ;
; 3.034 ; uart_rx:uart_inst|rx_data[2]            ; text_screen_gen:text_gen|char_ram~17931 ; CLOCK_50     ; CLOCK_50    ; 20.000       ; 0.346      ; 17.310     ;
; 3.093 ; uart_rx:uart_inst|rx_data[1]            ; text_screen_gen:text_gen|char_ram~18829 ; CLOCK_50     ; CLOCK_50    ; 20.000       ; -0.100     ; 16.805     ;
; 3.093 ; uart_rx:uart_inst|rx_data[1]            ; text_screen_gen:text_gen|char_ram~18825 ; CLOCK_50     ; CLOCK_50    ; 20.000       ; -0.100     ; 16.805     ;
; 3.093 ; uart_rx:uart_inst|rx_data[1]            ; text_screen_gen:text_gen|char_ram~18823 ; CLOCK_50     ; CLOCK_50    ; 20.000       ; -0.100     ; 16.805     ;
; 3.110 ; uart_rx:uart_inst|rx_data[1]            ; text_screen_gen:text_gen|char_ram~18819 ; CLOCK_50     ; CLOCK_50    ; 20.000       ; -0.090     ; 16.798     ;
; 3.135 ; text_screen_gen:text_gen|cursor_pos[10] ; text_screen_gen:text_gen|cursor_pos[10] ; CLOCK_50     ; CLOCK_50    ; 20.000       ; -0.091     ; 16.772     ;
; 3.143 ; uart_rx:uart_inst|rx_data[0]            ; text_screen_gen:text_gen|char_ram~18826 ; CLOCK_50     ; CLOCK_50    ; 20.000       ; -0.079     ; 16.776     ;
; 3.143 ; uart_rx:uart_inst|rx_data[0]            ; text_screen_gen:text_gen|char_ram~3793  ; CLOCK_50     ; CLOCK_50    ; 20.000       ; 0.403      ; 17.258     ;
; 3.153 ; uart_rx:uart_inst|rx_data[5]            ; text_screen_gen:text_gen|char_ram~18829 ; CLOCK_50     ; CLOCK_50    ; 20.000       ; -0.100     ; 16.745     ;
; 3.153 ; uart_rx:uart_inst|rx_data[5]            ; text_screen_gen:text_gen|char_ram~18825 ; CLOCK_50     ; CLOCK_50    ; 20.000       ; -0.100     ; 16.745     ;
; 3.153 ; uart_rx:uart_inst|rx_data[5]            ; text_screen_gen:text_gen|char_ram~18823 ; CLOCK_50     ; CLOCK_50    ; 20.000       ; -0.100     ; 16.745     ;
; 3.154 ; text_screen_gen:text_gen|cursor_pos[10] ; text_screen_gen:text_gen|cursor_pos[11] ; CLOCK_50     ; CLOCK_50    ; 20.000       ; -0.091     ; 16.753     ;
; 3.158 ; uart_rx:uart_inst|rx_data[0]            ; text_screen_gen:text_gen|char_ram~19264 ; CLOCK_50     ; CLOCK_50    ; 20.000       ; -0.104     ; 16.736     ;
; 3.158 ; uart_rx:uart_inst|rx_data[0]            ; text_screen_gen:text_gen|char_ram~19268 ; CLOCK_50     ; CLOCK_50    ; 20.000       ; -0.104     ; 16.736     ;
; 3.165 ; uart_rx:uart_inst|rx_data[7]            ; text_screen_gen:text_gen|char_ram~18829 ; CLOCK_50     ; CLOCK_50    ; 20.000       ; -0.100     ; 16.733     ;
; 3.165 ; uart_rx:uart_inst|rx_data[7]            ; text_screen_gen:text_gen|char_ram~18825 ; CLOCK_50     ; CLOCK_50    ; 20.000       ; -0.100     ; 16.733     ;
; 3.165 ; uart_rx:uart_inst|rx_data[7]            ; text_screen_gen:text_gen|char_ram~18823 ; CLOCK_50     ; CLOCK_50    ; 20.000       ; -0.100     ; 16.733     ;
; 3.170 ; uart_rx:uart_inst|rx_data[5]            ; text_screen_gen:text_gen|char_ram~18819 ; CLOCK_50     ; CLOCK_50    ; 20.000       ; -0.090     ; 16.738     ;
; 3.181 ; uart_rx:uart_inst|rx_data[1]            ; text_screen_gen:text_gen|char_ram~19274 ; CLOCK_50     ; CLOCK_50    ; 20.000       ; -0.069     ; 16.748     ;
; 3.182 ; uart_rx:uart_inst|rx_data[7]            ; text_screen_gen:text_gen|char_ram~18819 ; CLOCK_50     ; CLOCK_50    ; 20.000       ; -0.090     ; 16.726     ;
; 3.200 ; uart_rx:uart_inst|rx_data[0]            ; text_screen_gen:text_gen|char_ram~19277 ; CLOCK_50     ; CLOCK_50    ; 20.000       ; -0.110     ; 16.688     ;
; 3.200 ; uart_rx:uart_inst|rx_data[0]            ; text_screen_gen:text_gen|char_ram~19273 ; CLOCK_50     ; CLOCK_50    ; 20.000       ; -0.110     ; 16.688     ;
; 3.220 ; text_screen_gen:text_gen|cursor_pos[9]  ; text_screen_gen:text_gen|cursor_pos[10] ; CLOCK_50     ; CLOCK_50    ; 20.000       ; -0.091     ; 16.687     ;
; 3.221 ; uart_rx:uart_inst|rx_data[1]            ; text_screen_gen:text_gen|char_ram~19270 ; CLOCK_50     ; CLOCK_50    ; 20.000       ; -0.094     ; 16.683     ;
; 3.224 ; uart_rx:uart_inst|rx_data[2]            ; text_screen_gen:text_gen|char_ram~18829 ; CLOCK_50     ; CLOCK_50    ; 20.000       ; -0.100     ; 16.674     ;
; 3.224 ; uart_rx:uart_inst|rx_data[2]            ; text_screen_gen:text_gen|char_ram~18825 ; CLOCK_50     ; CLOCK_50    ; 20.000       ; -0.100     ; 16.674     ;
; 3.224 ; uart_rx:uart_inst|rx_data[2]            ; text_screen_gen:text_gen|char_ram~18823 ; CLOCK_50     ; CLOCK_50    ; 20.000       ; -0.100     ; 16.674     ;
; 3.232 ; uart_rx:uart_inst|rx_data[4]            ; text_screen_gen:text_gen|char_ram~11849 ; CLOCK_50     ; CLOCK_50    ; 20.000       ; -0.094     ; 16.672     ;
; 3.239 ; uart_rx:uart_inst|rx_data[0]            ; text_screen_gen:text_gen|char_ram~19272 ; CLOCK_50     ; CLOCK_50    ; 20.000       ; 0.340      ; 17.099     ;
; 3.239 ; uart_rx:uart_inst|rx_data[0]            ; text_screen_gen:text_gen|char_ram~19271 ; CLOCK_50     ; CLOCK_50    ; 20.000       ; 0.340      ; 17.099     ;
; 3.239 ; uart_rx:uart_inst|rx_data[0]            ; text_screen_gen:text_gen|char_ram~19276 ; CLOCK_50     ; CLOCK_50    ; 20.000       ; 0.340      ; 17.099     ;
; 3.239 ; text_screen_gen:text_gen|cursor_pos[9]  ; text_screen_gen:text_gen|cursor_pos[11] ; CLOCK_50     ; CLOCK_50    ; 20.000       ; -0.091     ; 16.668     ;
; 3.241 ; uart_rx:uart_inst|rx_data[2]            ; text_screen_gen:text_gen|char_ram~18819 ; CLOCK_50     ; CLOCK_50    ; 20.000       ; -0.090     ; 16.667     ;
; 3.241 ; uart_rx:uart_inst|rx_data[5]            ; text_screen_gen:text_gen|char_ram~19274 ; CLOCK_50     ; CLOCK_50    ; 20.000       ; -0.069     ; 16.688     ;
; 3.247 ; uart_rx:uart_inst|rx_data[1]            ; text_screen_gen:text_gen|char_ram~13649 ; CLOCK_50     ; CLOCK_50    ; 20.000       ; -0.078     ; 16.673     ;
; 3.253 ; uart_rx:uart_inst|rx_data[7]            ; text_screen_gen:text_gen|char_ram~19274 ; CLOCK_50     ; CLOCK_50    ; 20.000       ; -0.069     ; 16.676     ;
; 3.269 ; uart_rx:uart_inst|rx_data[6]            ; text_screen_gen:text_gen|char_ram~11849 ; CLOCK_50     ; CLOCK_50    ; 20.000       ; -0.094     ; 16.635     ;
; 3.274 ; uart_rx:uart_inst|rx_data[5]            ; text_screen_gen:text_gen|char_ram~13649 ; CLOCK_50     ; CLOCK_50    ; 20.000       ; -0.078     ; 16.646     ;
; 3.281 ; uart_rx:uart_inst|rx_data[5]            ; text_screen_gen:text_gen|char_ram~19270 ; CLOCK_50     ; CLOCK_50    ; 20.000       ; -0.094     ; 16.623     ;
; 3.286 ; uart_rx:uart_inst|rx_data[6]            ; text_screen_gen:text_gen|char_ram~17928 ; CLOCK_50     ; CLOCK_50    ; 20.000       ; 0.346      ; 17.058     ;
; 3.286 ; uart_rx:uart_inst|rx_data[6]            ; text_screen_gen:text_gen|char_ram~17931 ; CLOCK_50     ; CLOCK_50    ; 20.000       ; 0.346      ; 17.058     ;
; 3.288 ; uart_rx:uart_inst|rx_data[4]            ; text_screen_gen:text_gen|char_ram~17928 ; CLOCK_50     ; CLOCK_50    ; 20.000       ; 0.346      ; 17.056     ;
; 3.288 ; uart_rx:uart_inst|rx_data[4]            ; text_screen_gen:text_gen|char_ram~17931 ; CLOCK_50     ; CLOCK_50    ; 20.000       ; 0.346      ; 17.056     ;
; 3.291 ; uart_rx:uart_inst|rx_data[0]            ; text_screen_gen:text_gen|char_ram~21715 ; CLOCK_50     ; CLOCK_50    ; 20.000       ; -0.030     ; 16.677     ;
; 3.293 ; uart_rx:uart_inst|rx_data[0]            ; text_screen_gen:text_gen|char_ram~7625  ; CLOCK_50     ; CLOCK_50    ; 20.000       ; -0.115     ; 16.590     ;
; 3.293 ; uart_rx:uart_inst|rx_data[0]            ; text_screen_gen:text_gen|char_ram~7623  ; CLOCK_50     ; CLOCK_50    ; 20.000       ; -0.115     ; 16.590     ;
; 3.293 ; uart_rx:uart_inst|rx_data[7]            ; text_screen_gen:text_gen|char_ram~19270 ; CLOCK_50     ; CLOCK_50    ; 20.000       ; -0.094     ; 16.611     ;
+-------+-----------------------------------------+-----------------------------------------+--------------+-------------+--------------+------------+------------+


+-------------------------------------------------------------------------------------------------------------------------------------------------------------------------------------------------+
; Slow 1200mV 85C Model Hold: 'CLOCK_50'                                                                                                                                                          ;
+-------+---------------------------------------------------------+---------------------------------------------------------+--------------+-------------+--------------+------------+------------+
; Slack ; From Node                                               ; To Node                                                 ; Launch Clock ; Latch Clock ; Relationship ; Clock Skew ; Data Delay ;
+-------+---------------------------------------------------------+---------------------------------------------------------+--------------+-------------+--------------+------------+------------+
; 0.392 ; lcd_driver:lcd_inst|LCD_RS                              ; lcd_driver:lcd_inst|LCD_RS                              ; CLOCK_50     ; CLOCK_50    ; 0.000        ; 0.091      ; 0.669      ;
; 0.392 ; lcd_driver:lcd_inst|LCD_DATA[7]                         ; lcd_driver:lcd_inst|LCD_DATA[7]                         ; CLOCK_50     ; CLOCK_50    ; 0.000        ; 0.091      ; 0.669      ;
; 0.392 ; lcd_driver:lcd_inst|LCD_DATA[6]                         ; lcd_driver:lcd_inst|LCD_DATA[6]                         ; CLOCK_50     ; CLOCK_50    ; 0.000        ; 0.091      ; 0.669      ;
; 0.392 ; lcd_driver:lcd_inst|LCD_DATA[3]                         ; lcd_driver:lcd_inst|LCD_DATA[3]                         ; CLOCK_50     ; CLOCK_50    ; 0.000        ; 0.091      ; 0.669      ;
; 0.392 ; lcd_driver:lcd_inst|LCD_DATA[2]                         ; lcd_driver:lcd_inst|LCD_DATA[2]                         ; CLOCK_50     ; CLOCK_50    ; 0.000        ; 0.091      ; 0.669      ;
; 0.392 ; lcd_driver:lcd_inst|LCD_DATA[1]                         ; lcd_driver:lcd_inst|LCD_DATA[1]                         ; CLOCK_50     ; CLOCK_50    ; 0.000        ; 0.091      ; 0.669      ;
; 0.392 ; lcd_driver:lcd_inst|state.S_DELAY                       ; lcd_driver:lcd_inst|state.S_DELAY                       ; CLOCK_50     ; CLOCK_50    ; 0.000        ; 0.091      ; 0.669      ;
; 0.392 ; lcd_driver:lcd_inst|state.S_INIT_1                      ; lcd_driver:lcd_inst|state.S_INIT_1                      ; CLOCK_50     ; CLOCK_50    ; 0.000        ; 0.091      ; 0.669      ;
; 0.392 ; lcd_driver:lcd_inst|state.S_PWR_UP                      ; lcd_driver:lcd_inst|state.S_PWR_UP                      ; CLOCK_50     ; CLOCK_50    ; 0.000        ; 0.091      ; 0.669      ;
; 0.392 ; lcd_driver:lcd_inst|next_state_after_delay.S_INIT_2     ; lcd_driver:lcd_inst|next_state_after_delay.S_INIT_2     ; CLOCK_50     ; CLOCK_50    ; 0.000        ; 0.091      ; 0.669      ;
; 0.392 ; lcd_driver:lcd_inst|next_state_after_delay.S_IDLE       ; lcd_driver:lcd_inst|next_state_after_delay.S_IDLE       ; CLOCK_50     ; CLOCK_50    ; 0.000        ; 0.091      ; 0.669      ;
; 0.392 ; lcd_driver:lcd_inst|busy                                ; lcd_driver:lcd_inst|busy                                ; CLOCK_50     ; CLOCK_50    ; 0.000        ; 0.091      ; 0.669      ;
; 0.393 ; lcd_driver:lcd_inst|LCD_DATA[0]                         ; lcd_driver:lcd_inst|LCD_DATA[0]                         ; CLOCK_50     ; CLOCK_50    ; 0.000        ; 0.090      ; 0.669      ;
; 0.393 ; lcd_driver:lcd_inst|next_state_after_delay.S_ENTRY_MODE ; lcd_driver:lcd_inst|next_state_after_delay.S_ENTRY_MODE ; CLOCK_50     ; CLOCK_50    ; 0.000        ; 0.090      ; 0.669      ;
; 0.393 ; lcd_driver:lcd_inst|next_state_after_delay.S_DISP_CLEAR ; lcd_driver:lcd_inst|next_state_after_delay.S_DISP_CLEAR ; CLOCK_50     ; CLOCK_50    ; 0.000        ; 0.090      ; 0.669      ;
; 0.393 ; lcd_driver:lcd_inst|next_state_after_delay.S_DISP_OFF   ; lcd_driver:lcd_inst|next_state_after_delay.S_DISP_OFF   ; CLOCK_50     ; CLOCK_50    ; 0.000        ; 0.090      ; 0.669      ;
; 0.393 ; lcd_driver:lcd_inst|next_state_after_delay.S_FUNC_SET   ; lcd_driver:lcd_inst|next_state_after_delay.S_FUNC_SET   ; CLOCK_50     ; CLOCK_50    ; 0.000        ; 0.090      ; 0.669      ;
; 0.393 ; lcd_driver:lcd_inst|next_state_after_delay.S_INIT_3     ; lcd_driver:lcd_inst|next_state_after_delay.S_INIT_3     ; CLOCK_50     ; CLOCK_50    ; 0.000        ; 0.090      ; 0.669      ;
; 0.393 ; lcd_driver:lcd_inst|next_state_after_delay.S_DISP_ON    ; lcd_driver:lcd_inst|next_state_after_delay.S_DISP_ON    ; CLOCK_50     ; CLOCK_50    ; 0.000        ; 0.090      ; 0.669      ;
; 0.393 ; uart_rx:uart_inst|state.S_IDLE                          ; uart_rx:uart_inst|state.S_IDLE                          ; CLOCK_50     ; CLOCK_50    ; 0.000        ; 0.090      ; 0.669      ;
; 0.393 ; uart_rx:uart_inst|state.S_DATA_BITS                     ; uart_rx:uart_inst|state.S_DATA_BITS                     ; CLOCK_50     ; CLOCK_50    ; 0.000        ; 0.090      ; 0.669      ;
; 0.393 ; uart_rx:uart_inst|state.S_START_BIT                     ; uart_rx:uart_inst|state.S_START_BIT                     ; CLOCK_50     ; CLOCK_50    ; 0.000        ; 0.090      ; 0.669      ;
; 0.393 ; uart_rx:uart_inst|bit_index[0]                          ; uart_rx:uart_inst|bit_index[0]                          ; CLOCK_50     ; CLOCK_50    ; 0.000        ; 0.090      ; 0.669      ;
; 0.394 ; uart_rx:uart_inst|rx_byte[3]                            ; uart_rx:uart_inst|rx_byte[3]                            ; CLOCK_50     ; CLOCK_50    ; 0.000        ; 0.089      ; 0.669      ;
; 0.394 ; uart_rx:uart_inst|rx_byte[7]                            ; uart_rx:uart_inst|rx_byte[7]                            ; CLOCK_50     ; CLOCK_50    ; 0.000        ; 0.089      ; 0.669      ;
; 0.394 ; uart_rx:uart_inst|rx_byte[6]                            ; uart_rx:uart_inst|rx_byte[6]                            ; CLOCK_50     ; CLOCK_50    ; 0.000        ; 0.089      ; 0.669      ;
; 0.394 ; uart_rx:uart_inst|rx_byte[0]                            ; uart_rx:uart_inst|rx_byte[0]                            ; CLOCK_50     ; CLOCK_50    ; 0.000        ; 0.089      ; 0.669      ;
; 0.394 ; uart_rx:uart_inst|rx_byte[1]                            ; uart_rx:uart_inst|rx_byte[1]                            ; CLOCK_50     ; CLOCK_50    ; 0.000        ; 0.089      ; 0.669      ;
; 0.394 ; uart_rx:uart_inst|rx_byte[2]                            ; uart_rx:uart_inst|rx_byte[2]                            ; CLOCK_50     ; CLOCK_50    ; 0.000        ; 0.089      ; 0.669      ;
; 0.394 ; uart_rx:uart_inst|rx_byte[5]                            ; uart_rx:uart_inst|rx_byte[5]                            ; CLOCK_50     ; CLOCK_50    ; 0.000        ; 0.089      ; 0.669      ;
; 0.394 ; uart_rx:uart_inst|rx_byte[4]                            ; uart_rx:uart_inst|rx_byte[4]                            ; CLOCK_50     ; CLOCK_50    ; 0.000        ; 0.089      ; 0.669      ;
; 0.394 ; uart_rx:uart_inst|bit_index[1]                          ; uart_rx:uart_inst|bit_index[1]                          ; CLOCK_50     ; CLOCK_50    ; 0.000        ; 0.089      ; 0.669      ;
; 0.394 ; uart_rx:uart_inst|bit_index[2]                          ; uart_rx:uart_inst|bit_index[2]                          ; CLOCK_50     ; CLOCK_50    ; 0.000        ; 0.089      ; 0.669      ;
; 0.397 ; lcd_driver:lcd_inst|state.S_WAIT_EN                     ; lcd_driver:lcd_inst|state.S_WAIT_EN                     ; CLOCK_50     ; CLOCK_50    ; 0.000        ; 0.091      ; 0.674      ;
; 0.398 ; uart_rx:uart_inst|state.S_CLEANUP                       ; uart_rx:uart_inst|state.S_CLEANUP                       ; CLOCK_50     ; CLOCK_50    ; 0.000        ; 0.090      ; 0.674      ;
; 0.417 ; lcd_driver:lcd_inst|next_state_after_delay.S_FUNC_SET   ; lcd_driver:lcd_inst|state.S_FUNC_SET                    ; CLOCK_50     ; CLOCK_50    ; 0.000        ; 0.090      ; 0.693      ;
; 0.417 ; uart_rx:uart_inst|rx_byte[0]                            ; uart_rx:uart_inst|rx_data[0]                            ; CLOCK_50     ; CLOCK_50    ; 0.000        ; 0.089      ; 0.692      ;
; 0.417 ; uart_rx:uart_inst|rx_byte[2]                            ; uart_rx:uart_inst|rx_data[2]                            ; CLOCK_50     ; CLOCK_50    ; 0.000        ; 0.089      ; 0.692      ;
; 0.418 ; uart_rx:uart_inst|rx_byte[5]                            ; uart_rx:uart_inst|rx_data[5]                            ; CLOCK_50     ; CLOCK_50    ; 0.000        ; 0.089      ; 0.693      ;
; 0.419 ; uart_rx:uart_inst|rx_byte[7]                            ; uart_rx:uart_inst|rx_data[7]                            ; CLOCK_50     ; CLOCK_50    ; 0.000        ; 0.089      ; 0.694      ;
; 0.426 ; uart_rx:uart_inst|state.S_CLEANUP                       ; uart_rx:uart_inst|state.S_STOP_BIT                      ; CLOCK_50     ; CLOCK_50    ; 0.000        ; 0.090      ; 0.702      ;
; 0.427 ; uart_rx:uart_inst|state.S_CLEANUP                       ; uart_rx:uart_inst|state.S_START_BIT                     ; CLOCK_50     ; CLOCK_50    ; 0.000        ; 0.090      ; 0.703      ;
; 0.430 ; lcd_driver:lcd_inst|cnt[19]                             ; lcd_driver:lcd_inst|cnt[19]                             ; CLOCK_50     ; CLOCK_50    ; 0.000        ; 0.090      ; 0.706      ;
; 0.430 ; uart_rx:uart_inst|state.S_CLEANUP                       ; uart_rx:uart_inst|state.S_IDLE                          ; CLOCK_50     ; CLOCK_50    ; 0.000        ; 0.090      ; 0.706      ;
; 0.436 ; lcd_driver:lcd_inst|next_state_after_delay.S_IDLE       ; lcd_driver:lcd_inst|state.S_IDLE                        ; CLOCK_50     ; CLOCK_50    ; 0.000        ; 0.091      ; 0.713      ;
; 0.442 ; uart_rx:uart_inst|state.S_DATA_BITS                     ; uart_rx:uart_inst|bit_index[0]                          ; CLOCK_50     ; CLOCK_50    ; 0.000        ; 0.090      ; 0.718      ;
; 0.458 ; lcd_char_valid                                          ; lcd_driver:lcd_inst|busy                                ; CLOCK_50     ; CLOCK_50    ; 0.000        ; 0.091      ; 0.735      ;
; 0.467 ; lcd_char_valid                                          ; lcd_driver:lcd_inst|state.S_WAIT_EN                     ; CLOCK_50     ; CLOCK_50    ; 0.000        ; 0.091      ; 0.744      ;
; 0.546 ; lcd_driver:lcd_inst|next_state_after_delay.S_INIT_3     ; lcd_driver:lcd_inst|state.S_INIT_3                      ; CLOCK_50     ; CLOCK_50    ; 0.000        ; 0.090      ; 0.822      ;
; 0.547 ; lcd_driver:lcd_inst|next_state_after_delay.S_ENTRY_MODE ; lcd_driver:lcd_inst|state.S_ENTRY_MODE                  ; CLOCK_50     ; CLOCK_50    ; 0.000        ; 0.090      ; 0.823      ;
; 0.548 ; lcd_driver:lcd_inst|next_state_after_delay.S_DISP_OFF   ; lcd_driver:lcd_inst|state.S_DISP_OFF                    ; CLOCK_50     ; CLOCK_50    ; 0.000        ; 0.090      ; 0.824      ;
; 0.581 ; uart_rx:uart_inst|rx_byte[1]                            ; uart_rx:uart_inst|rx_data[1]                            ; CLOCK_50     ; CLOCK_50    ; 0.000        ; 0.088      ; 0.855      ;
; 0.593 ; uart_rx:uart_inst|rx_byte[6]                            ; uart_rx:uart_inst|rx_data[6]                            ; CLOCK_50     ; CLOCK_50    ; 0.000        ; 0.089      ; 0.868      ;
; 0.594 ; uart_rx:uart_inst|rx_byte[4]                            ; uart_rx:uart_inst|rx_data[4]                            ; CLOCK_50     ; CLOCK_50    ; 0.000        ; 0.089      ; 0.869      ;
; 0.596 ; uart_rx:uart_inst|rx_byte[3]                            ; uart_rx:uart_inst|rx_data[3]                            ; CLOCK_50     ; CLOCK_50    ; 0.000        ; 0.089      ; 0.871      ;
; 0.622 ; uart_rx:uart_inst|rx_data[2]                            ; text_screen_gen:text_gen|char_ram~14219                 ; CLOCK_50     ; CLOCK_50    ; 0.000        ; 0.087      ; 0.895      ;
; 0.630 ; lcd_char_data[7]                                        ; lcd_driver:lcd_inst|LCD_DATA[7]                         ; CLOCK_50     ; CLOCK_50    ; 0.000        ; 0.091      ; 0.907      ;
; 0.632 ; lcd_driver:lcd_inst|next_state_after_delay.S_DISP_ON    ; lcd_driver:lcd_inst|state.S_DISP_ON                     ; CLOCK_50     ; CLOCK_50    ; 0.000        ; 0.090      ; 0.908      ;
; 0.637 ; lcd_driver:lcd_inst|cnt[1]                              ; lcd_driver:lcd_inst|cnt[1]                              ; CLOCK_50     ; CLOCK_50    ; 0.000        ; 0.090      ; 0.913      ;
; 0.640 ; lcd_driver:lcd_inst|cnt[2]                              ; lcd_driver:lcd_inst|cnt[2]                              ; CLOCK_50     ; CLOCK_50    ; 0.000        ; 0.090      ; 0.916      ;
; 0.646 ; lcd_driver:lcd_inst|cnt[17]                             ; lcd_driver:lcd_inst|cnt[17]                             ; CLOCK_50     ; CLOCK_50    ; 0.000        ; 0.090      ; 0.922      ;
; 0.650 ; lcd_driver:lcd_inst|cnt[9]                              ; lcd_driver:lcd_inst|cnt[9]                              ; CLOCK_50     ; CLOCK_50    ; 0.000        ; 0.090      ; 0.926      ;
; 0.650 ; lcd_driver:lcd_inst|cnt[11]                             ; lcd_driver:lcd_inst|cnt[11]                             ; CLOCK_50     ; CLOCK_50    ; 0.000        ; 0.090      ; 0.926      ;
; 0.651 ; lcd_driver:lcd_inst|cnt[13]                             ; lcd_driver:lcd_inst|cnt[13]                             ; CLOCK_50     ; CLOCK_50    ; 0.000        ; 0.090      ; 0.927      ;
; 0.651 ; uart_rx:uart_inst|clk_cnt[1]                            ; uart_rx:uart_inst|clk_cnt[1]                            ; CLOCK_50     ; CLOCK_50    ; 0.000        ; 0.089      ; 0.926      ;
; 0.652 ; uart_rx:uart_inst|clk_cnt[13]                           ; uart_rx:uart_inst|clk_cnt[13]                           ; CLOCK_50     ; CLOCK_50    ; 0.000        ; 0.089      ; 0.927      ;
; 0.652 ; uart_rx:uart_inst|clk_cnt[3]                            ; uart_rx:uart_inst|clk_cnt[3]                            ; CLOCK_50     ; CLOCK_50    ; 0.000        ; 0.089      ; 0.927      ;
; 0.652 ; uart_rx:uart_inst|clk_cnt[5]                            ; uart_rx:uart_inst|clk_cnt[5]                            ; CLOCK_50     ; CLOCK_50    ; 0.000        ; 0.089      ; 0.927      ;
; 0.653 ; lcd_driver:lcd_inst|cnt[10]                             ; lcd_driver:lcd_inst|cnt[10]                             ; CLOCK_50     ; CLOCK_50    ; 0.000        ; 0.090      ; 0.929      ;
; 0.653 ; uart_rx:uart_inst|clk_cnt[7]                            ; uart_rx:uart_inst|clk_cnt[7]                            ; CLOCK_50     ; CLOCK_50    ; 0.000        ; 0.089      ; 0.928      ;
; 0.653 ; uart_rx:uart_inst|clk_cnt[9]                            ; uart_rx:uart_inst|clk_cnt[9]                            ; CLOCK_50     ; CLOCK_50    ; 0.000        ; 0.089      ; 0.928      ;
; 0.653 ; uart_rx:uart_inst|clk_cnt[11]                           ; uart_rx:uart_inst|clk_cnt[11]                           ; CLOCK_50     ; CLOCK_50    ; 0.000        ; 0.089      ; 0.928      ;
; 0.654 ; lcd_driver:lcd_inst|cnt[12]                             ; lcd_driver:lcd_inst|cnt[12]                             ; CLOCK_50     ; CLOCK_50    ; 0.000        ; 0.090      ; 0.930      ;
; 0.654 ; lcd_driver:lcd_inst|cnt[14]                             ; lcd_driver:lcd_inst|cnt[14]                             ; CLOCK_50     ; CLOCK_50    ; 0.000        ; 0.090      ; 0.930      ;
; 0.654 ; lcd_driver:lcd_inst|state.S_INIT_2                      ; lcd_driver:lcd_inst|next_state_after_delay.S_INIT_3     ; CLOCK_50     ; CLOCK_50    ; 0.000        ; 0.090      ; 0.930      ;
; 0.654 ; uart_rx:uart_inst|clk_cnt[2]                            ; uart_rx:uart_inst|clk_cnt[2]                            ; CLOCK_50     ; CLOCK_50    ; 0.000        ; 0.089      ; 0.929      ;
; 0.654 ; uart_rx:uart_inst|clk_cnt[6]                            ; uart_rx:uart_inst|clk_cnt[6]                            ; CLOCK_50     ; CLOCK_50    ; 0.000        ; 0.089      ; 0.929      ;
; 0.654 ; uart_rx:uart_inst|clk_cnt[15]                           ; uart_rx:uart_inst|clk_cnt[15]                           ; CLOCK_50     ; CLOCK_50    ; 0.000        ; 0.089      ; 0.929      ;
; 0.655 ; uart_rx:uart_inst|clk_cnt[4]                            ; uart_rx:uart_inst|clk_cnt[4]                            ; CLOCK_50     ; CLOCK_50    ; 0.000        ; 0.089      ; 0.930      ;
; 0.655 ; uart_rx:uart_inst|clk_cnt[12]                           ; uart_rx:uart_inst|clk_cnt[12]                           ; CLOCK_50     ; CLOCK_50    ; 0.000        ; 0.089      ; 0.930      ;
; 0.655 ; uart_rx:uart_inst|clk_cnt[14]                           ; uart_rx:uart_inst|clk_cnt[14]                           ; CLOCK_50     ; CLOCK_50    ; 0.000        ; 0.089      ; 0.930      ;
; 0.656 ; lcd_driver:lcd_inst|cnt[18]                             ; lcd_driver:lcd_inst|cnt[18]                             ; CLOCK_50     ; CLOCK_50    ; 0.000        ; 0.090      ; 0.932      ;
; 0.656 ; lcd_driver:lcd_inst|cnt[7]                              ; lcd_driver:lcd_inst|cnt[7]                              ; CLOCK_50     ; CLOCK_50    ; 0.000        ; 0.090      ; 0.932      ;
; 0.656 ; uart_rx:uart_inst|clk_cnt[8]                            ; uart_rx:uart_inst|clk_cnt[8]                            ; CLOCK_50     ; CLOCK_50    ; 0.000        ; 0.089      ; 0.931      ;
; 0.656 ; uart_rx:uart_inst|clk_cnt[10]                           ; uart_rx:uart_inst|clk_cnt[10]                           ; CLOCK_50     ; CLOCK_50    ; 0.000        ; 0.089      ; 0.931      ;
; 0.657 ; lcd_driver:lcd_inst|cnt[5]                              ; lcd_driver:lcd_inst|cnt[5]                              ; CLOCK_50     ; CLOCK_50    ; 0.000        ; 0.090      ; 0.933      ;
; 0.658 ; lcd_driver:lcd_inst|cnt[3]                              ; lcd_driver:lcd_inst|cnt[3]                              ; CLOCK_50     ; CLOCK_50    ; 0.000        ; 0.090      ; 0.934      ;
; 0.660 ; lcd_driver:lcd_inst|cnt[0]                              ; lcd_driver:lcd_inst|cnt[0]                              ; CLOCK_50     ; CLOCK_50    ; 0.000        ; 0.090      ; 0.936      ;
; 0.660 ; lcd_driver:lcd_inst|cnt[6]                              ; lcd_driver:lcd_inst|cnt[6]                              ; CLOCK_50     ; CLOCK_50    ; 0.000        ; 0.090      ; 0.936      ;
; 0.660 ; lcd_driver:lcd_inst|state.S_DISP_CLEAR                  ; lcd_driver:lcd_inst|next_state_after_delay.S_ENTRY_MODE ; CLOCK_50     ; CLOCK_50    ; 0.000        ; 0.090      ; 0.936      ;
; 0.663 ; lcd_driver:lcd_inst|cnt[16]                             ; lcd_driver:lcd_inst|cnt[16]                             ; CLOCK_50     ; CLOCK_50    ; 0.000        ; 0.090      ; 0.939      ;
; 0.668 ; lcd_driver:lcd_inst|cnt[4]                              ; lcd_driver:lcd_inst|cnt[4]                              ; CLOCK_50     ; CLOCK_50    ; 0.000        ; 0.090      ; 0.944      ;
; 0.673 ; lcd_driver:lcd_inst|state.S_WAIT_EN                     ; lcd_driver:lcd_inst|state.S_HOLD                        ; CLOCK_50     ; CLOCK_50    ; 0.000        ; 0.091      ; 0.950      ;
; 0.676 ; uart_rx:uart_inst|clk_cnt[0]                            ; uart_rx:uart_inst|clk_cnt[0]                            ; CLOCK_50     ; CLOCK_50    ; 0.000        ; 0.089      ; 0.951      ;
; 0.679 ; lcd_driver:lcd_inst|state.S_INIT_1                      ; lcd_driver:lcd_inst|next_state_after_delay.S_INIT_2     ; CLOCK_50     ; CLOCK_50    ; 0.000        ; 0.091      ; 0.956      ;
; 0.680 ; lcd_driver:lcd_inst|state.S_IDLE                        ; lcd_driver:lcd_inst|LCD_RS                              ; CLOCK_50     ; CLOCK_50    ; 0.000        ; 0.091      ; 0.957      ;
; 0.696 ; lcd_driver:lcd_inst|next_state_after_delay.S_DISP_CLEAR ; lcd_driver:lcd_inst|state.S_DISP_CLEAR                  ; CLOCK_50     ; CLOCK_50    ; 0.000        ; 0.090      ; 0.972      ;
; 0.710 ; lcd_char_valid                                          ; lcd_driver:lcd_inst|state.S_HOLD                        ; CLOCK_50     ; CLOCK_50    ; 0.000        ; 0.091      ; 0.987      ;
; 0.717 ; uart_rx:uart_inst|state.S_IDLE                          ; uart_rx:uart_inst|bit_index[0]                          ; CLOCK_50     ; CLOCK_50    ; 0.000        ; 0.090      ; 0.993      ;
; 0.770 ; lcd_char_data[5]                                        ; lcd_driver:lcd_inst|LCD_DATA[5]                         ; CLOCK_50     ; CLOCK_50    ; 0.000        ; 0.096      ; 1.052      ;
+-------+---------------------------------------------------------+---------------------------------------------------------+--------------+-------------+--------------+------------+------------+


+--------------------------------------------------------------------------------------------------------------------------------------------------------------------------------------------------------------------------------+
; Slow 1200mV 85C Model Hold: 'pll_inst|altpll_component|auto_generated|pll1|clk[0]'                                                                                                                                             ;
+-------+--------------------------------+--------------------------------+------------------------------------------------------+------------------------------------------------------+--------------+------------+------------+
; Slack ; From Node                      ; To Node                        ; Launch Clock                                         ; Latch Clock                                          ; Relationship ; Clock Skew ; Data Delay ;
+-------+--------------------------------+--------------------------------+------------------------------------------------------+------------------------------------------------------+--------------+------------+------------+
; 0.633 ; vga_controller:vga_c|h_cnt[1]  ; vga_controller:vga_c|h_cnt[1]  ; pll_inst|altpll_component|auto_generated|pll1|clk[0] ; pll_inst|altpll_component|auto_generated|pll1|clk[0] ; 0.000        ; 0.107      ; 0.926      ;
; 0.634 ; vga_controller:vga_c|h_cnt[5]  ; vga_controller:vga_c|h_cnt[5]  ; pll_inst|altpll_component|auto_generated|pll1|clk[0] ; pll_inst|altpll_component|auto_generated|pll1|clk[0] ; 0.000        ; 0.107      ; 0.927      ;
; 0.636 ; vga_controller:vga_c|h_cnt[2]  ; vga_controller:vga_c|h_cnt[2]  ; pll_inst|altpll_component|auto_generated|pll1|clk[0] ; pll_inst|altpll_component|auto_generated|pll1|clk[0] ; 0.000        ; 0.107      ; 0.929      ;
; 0.649 ; vga_controller:vga_c|v_cnt[3]  ; vga_controller:vga_c|v_cnt[3]  ; pll_inst|altpll_component|auto_generated|pll1|clk[0] ; pll_inst|altpll_component|auto_generated|pll1|clk[0] ; 0.000        ; 0.091      ; 0.926      ;
; 0.652 ; vga_controller:vga_c|v_cnt[4]  ; vga_controller:vga_c|v_cnt[4]  ; pll_inst|altpll_component|auto_generated|pll1|clk[0] ; pll_inst|altpll_component|auto_generated|pll1|clk[0] ; 0.000        ; 0.091      ; 0.929      ;
; 0.659 ; vga_controller:vga_c|h_cnt[0]  ; vga_controller:vga_c|h_cnt[0]  ; pll_inst|altpll_component|auto_generated|pll1|clk[0] ; pll_inst|altpll_component|auto_generated|pll1|clk[0] ; 0.000        ; 0.107      ; 0.952      ;
; 0.671 ; vga_controller:vga_c|v_cnt[1]  ; vga_controller:vga_c|v_cnt[1]  ; pll_inst|altpll_component|auto_generated|pll1|clk[0] ; pll_inst|altpll_component|auto_generated|pll1|clk[0] ; 0.000        ; 0.091      ; 0.948      ;
; 0.951 ; vga_controller:vga_c|h_cnt[1]  ; vga_controller:vga_c|h_cnt[2]  ; pll_inst|altpll_component|auto_generated|pll1|clk[0] ; pll_inst|altpll_component|auto_generated|pll1|clk[0] ; 0.000        ; 0.107      ; 1.244      ;
; 0.963 ; vga_controller:vga_c|h_cnt[0]  ; vga_controller:vga_c|h_cnt[1]  ; pll_inst|altpll_component|auto_generated|pll1|clk[0] ; pll_inst|altpll_component|auto_generated|pll1|clk[0] ; 0.000        ; 0.107      ; 1.256      ;
; 0.966 ; vga_controller:vga_c|v_cnt[3]  ; vga_controller:vga_c|v_cnt[4]  ; pll_inst|altpll_component|auto_generated|pll1|clk[0] ; pll_inst|altpll_component|auto_generated|pll1|clk[0] ; 0.000        ; 0.091      ; 1.243      ;
; 0.968 ; vga_controller:vga_c|h_cnt[0]  ; vga_controller:vga_c|h_cnt[2]  ; pll_inst|altpll_component|auto_generated|pll1|clk[0] ; pll_inst|altpll_component|auto_generated|pll1|clk[0] ; 0.000        ; 0.107      ; 1.261      ;
; 0.975 ; vga_controller:vga_c|h_cnt[3]  ; vga_controller:vga_c|h_cnt[3]  ; pll_inst|altpll_component|auto_generated|pll1|clk[0] ; pll_inst|altpll_component|auto_generated|pll1|clk[0] ; 0.000        ; 0.107      ; 1.268      ;
; 0.978 ; vga_controller:vga_c|v_cnt[2]  ; vga_controller:vga_c|v_cnt[3]  ; pll_inst|altpll_component|auto_generated|pll1|clk[0] ; pll_inst|altpll_component|auto_generated|pll1|clk[0] ; 0.000        ; 0.091      ; 1.255      ;
; 0.978 ; vga_controller:vga_c|v_cnt[0]  ; vga_controller:vga_c|v_cnt[1]  ; pll_inst|altpll_component|auto_generated|pll1|clk[0] ; pll_inst|altpll_component|auto_generated|pll1|clk[0] ; 0.000        ; 0.091      ; 1.255      ;
; 0.983 ; vga_controller:vga_c|v_cnt[2]  ; vga_controller:vga_c|v_cnt[4]  ; pll_inst|altpll_component|auto_generated|pll1|clk[0] ; pll_inst|altpll_component|auto_generated|pll1|clk[0] ; 0.000        ; 0.091      ; 1.260      ;
; 0.986 ; vga_controller:vga_c|h_cnt[4]  ; vga_controller:vga_c|h_cnt[5]  ; pll_inst|altpll_component|auto_generated|pll1|clk[0] ; pll_inst|altpll_component|auto_generated|pll1|clk[0] ; 0.000        ; 0.107      ; 1.279      ;
; 1.003 ; vga_controller:vga_c|h_cnt[4]  ; vga_controller:vga_c|h_cnt[4]  ; pll_inst|altpll_component|auto_generated|pll1|clk[0] ; pll_inst|altpll_component|auto_generated|pll1|clk[0] ; 0.000        ; 0.107      ; 1.296      ;
; 1.071 ; vga_controller:vga_c|h_cnt[3]  ; vga_controller:vga_c|h_cnt[5]  ; pll_inst|altpll_component|auto_generated|pll1|clk[0] ; pll_inst|altpll_component|auto_generated|pll1|clk[0] ; 0.000        ; 0.107      ; 1.364      ;
; 1.089 ; vga_controller:vga_c|h_cnt[2]  ; vga_controller:vga_c|h_cnt[5]  ; pll_inst|altpll_component|auto_generated|pll1|clk[0] ; pll_inst|altpll_component|auto_generated|pll1|clk[0] ; 0.000        ; 0.107      ; 1.382      ;
; 1.104 ; vga_controller:vga_c|v_cnt[0]  ; vga_controller:vga_c|v_cnt[3]  ; pll_inst|altpll_component|auto_generated|pll1|clk[0] ; pll_inst|altpll_component|auto_generated|pll1|clk[0] ; 0.000        ; 0.091      ; 1.381      ;
; 1.109 ; vga_controller:vga_c|v_cnt[0]  ; vga_controller:vga_c|v_cnt[4]  ; pll_inst|altpll_component|auto_generated|pll1|clk[0] ; pll_inst|altpll_component|auto_generated|pll1|clk[0] ; 0.000        ; 0.091      ; 1.386      ;
; 1.110 ; vga_controller:vga_c|v_cnt[1]  ; vga_controller:vga_c|v_cnt[3]  ; pll_inst|altpll_component|auto_generated|pll1|clk[0] ; pll_inst|altpll_component|auto_generated|pll1|clk[0] ; 0.000        ; 0.091      ; 1.387      ;
; 1.115 ; vga_controller:vga_c|v_cnt[1]  ; vga_controller:vga_c|v_cnt[4]  ; pll_inst|altpll_component|auto_generated|pll1|clk[0] ; pll_inst|altpll_component|auto_generated|pll1|clk[0] ; 0.000        ; 0.091      ; 1.392      ;
; 1.141 ; vga_controller:vga_c|h_cnt[11] ; vga_controller:vga_c|h_sync    ; pll_inst|altpll_component|auto_generated|pll1|clk[0] ; pll_inst|altpll_component|auto_generated|pll1|clk[0] ; 0.000        ; 0.084      ; 1.411      ;
; 1.162 ; vga_controller:vga_c|v_cnt[0]  ; vga_controller:vga_c|v_cnt[0]  ; pll_inst|altpll_component|auto_generated|pll1|clk[0] ; pll_inst|altpll_component|auto_generated|pll1|clk[0] ; 0.000        ; 0.091      ; 1.439      ;
; 1.198 ; vga_controller:vga_c|h_cnt[1]  ; vga_controller:vga_c|h_cnt[5]  ; pll_inst|altpll_component|auto_generated|pll1|clk[0] ; pll_inst|altpll_component|auto_generated|pll1|clk[0] ; 0.000        ; 0.107      ; 1.491      ;
; 1.209 ; vga_controller:vga_c|v_cnt[2]  ; vga_controller:vga_c|v_cnt[2]  ; pll_inst|altpll_component|auto_generated|pll1|clk[0] ; pll_inst|altpll_component|auto_generated|pll1|clk[0] ; 0.000        ; 0.091      ; 1.486      ;
; 1.215 ; vga_controller:vga_c|h_cnt[0]  ; vga_controller:vga_c|h_cnt[5]  ; pll_inst|altpll_component|auto_generated|pll1|clk[0] ; pll_inst|altpll_component|auto_generated|pll1|clk[0] ; 0.000        ; 0.107      ; 1.508      ;
; 1.294 ; vga_controller:vga_c|h_cnt[3]  ; vga_controller:vga_c|h_cnt[4]  ; pll_inst|altpll_component|auto_generated|pll1|clk[0] ; pll_inst|altpll_component|auto_generated|pll1|clk[0] ; 0.000        ; 0.107      ; 1.587      ;
; 1.296 ; vga_controller:vga_c|h_cnt[2]  ; vga_controller:vga_c|h_cnt[3]  ; pll_inst|altpll_component|auto_generated|pll1|clk[0] ; pll_inst|altpll_component|auto_generated|pll1|clk[0] ; 0.000        ; 0.107      ; 1.589      ;
; 1.312 ; vga_controller:vga_c|h_cnt[2]  ; vga_controller:vga_c|h_cnt[4]  ; pll_inst|altpll_component|auto_generated|pll1|clk[0] ; pll_inst|altpll_component|auto_generated|pll1|clk[0] ; 0.000        ; 0.107      ; 1.605      ;
; 1.371 ; vga_controller:vga_c|h_cnt[11] ; vga_controller:vga_c|h_cnt[11] ; pll_inst|altpll_component|auto_generated|pll1|clk[0] ; pll_inst|altpll_component|auto_generated|pll1|clk[0] ; 0.000        ; 0.091      ; 1.648      ;
; 1.399 ; vga_controller:vga_c|v_cnt[6]  ; vga_controller:vga_c|v_sync    ; pll_inst|altpll_component|auto_generated|pll1|clk[0] ; pll_inst|altpll_component|auto_generated|pll1|clk[0] ; 0.000        ; 0.090      ; 1.675      ;
; 1.405 ; vga_controller:vga_c|h_cnt[1]  ; vga_controller:vga_c|h_cnt[3]  ; pll_inst|altpll_component|auto_generated|pll1|clk[0] ; pll_inst|altpll_component|auto_generated|pll1|clk[0] ; 0.000        ; 0.107      ; 1.698      ;
; 1.415 ; vga_controller:vga_c|v_cnt[4]  ; vga_controller:vga_c|v_sync    ; pll_inst|altpll_component|auto_generated|pll1|clk[0] ; pll_inst|altpll_component|auto_generated|pll1|clk[0] ; 0.000        ; 0.090      ; 1.691      ;
; 1.421 ; vga_controller:vga_c|h_cnt[1]  ; vga_controller:vga_c|h_cnt[4]  ; pll_inst|altpll_component|auto_generated|pll1|clk[0] ; pll_inst|altpll_component|auto_generated|pll1|clk[0] ; 0.000        ; 0.107      ; 1.714      ;
; 1.422 ; vga_controller:vga_c|h_cnt[0]  ; vga_controller:vga_c|h_cnt[3]  ; pll_inst|altpll_component|auto_generated|pll1|clk[0] ; pll_inst|altpll_component|auto_generated|pll1|clk[0] ; 0.000        ; 0.107      ; 1.715      ;
; 1.424 ; vga_controller:vga_c|v_cnt[5]  ; vga_controller:vga_c|v_sync    ; pll_inst|altpll_component|auto_generated|pll1|clk[0] ; pll_inst|altpll_component|auto_generated|pll1|clk[0] ; 0.000        ; 0.090      ; 1.700      ;
; 1.438 ; vga_controller:vga_c|h_cnt[0]  ; vga_controller:vga_c|h_cnt[4]  ; pll_inst|altpll_component|auto_generated|pll1|clk[0] ; pll_inst|altpll_component|auto_generated|pll1|clk[0] ; 0.000        ; 0.107      ; 1.731      ;
; 1.490 ; vga_controller:vga_c|h_cnt[6]  ; vga_controller:vga_c|h_cnt[6]  ; pll_inst|altpll_component|auto_generated|pll1|clk[0] ; pll_inst|altpll_component|auto_generated|pll1|clk[0] ; 0.000        ; 0.107      ; 1.783      ;
; 1.503 ; vga_controller:vga_c|h_cnt[8]  ; vga_controller:vga_c|h_cnt[8]  ; pll_inst|altpll_component|auto_generated|pll1|clk[0] ; pll_inst|altpll_component|auto_generated|pll1|clk[0] ; 0.000        ; 0.091      ; 1.780      ;
; 1.504 ; vga_controller:vga_c|v_cnt[11] ; vga_controller:vga_c|v_sync    ; pll_inst|altpll_component|auto_generated|pll1|clk[0] ; pll_inst|altpll_component|auto_generated|pll1|clk[0] ; 0.000        ; 0.090      ; 1.780      ;
; 1.541 ; vga_controller:vga_c|v_cnt[0]  ; vga_controller:vga_c|v_cnt[2]  ; pll_inst|altpll_component|auto_generated|pll1|clk[0] ; pll_inst|altpll_component|auto_generated|pll1|clk[0] ; 0.000        ; 0.091      ; 1.818      ;
; 1.547 ; vga_controller:vga_c|v_cnt[1]  ; vga_controller:vga_c|v_cnt[2]  ; pll_inst|altpll_component|auto_generated|pll1|clk[0] ; pll_inst|altpll_component|auto_generated|pll1|clk[0] ; 0.000        ; 0.091      ; 1.824      ;
; 1.606 ; vga_controller:vga_c|v_cnt[10] ; vga_controller:vga_c|v_sync    ; pll_inst|altpll_component|auto_generated|pll1|clk[0] ; pll_inst|altpll_component|auto_generated|pll1|clk[0] ; 0.000        ; 0.090      ; 1.882      ;
; 1.629 ; vga_controller:vga_c|h_cnt[5]  ; vga_controller:vga_c|h_cnt[6]  ; pll_inst|altpll_component|auto_generated|pll1|clk[0] ; pll_inst|altpll_component|auto_generated|pll1|clk[0] ; 0.000        ; 0.107      ; 1.922      ;
; 1.639 ; vga_controller:vga_c|v_cnt[2]  ; vga_controller:vga_c|v_sync    ; pll_inst|altpll_component|auto_generated|pll1|clk[0] ; pll_inst|altpll_component|auto_generated|pll1|clk[0] ; 0.000        ; 0.090      ; 1.915      ;
; 1.661 ; vga_controller:vga_c|v_cnt[1]  ; vga_controller:vga_c|v_sync    ; pll_inst|altpll_component|auto_generated|pll1|clk[0] ; pll_inst|altpll_component|auto_generated|pll1|clk[0] ; 0.000        ; 0.090      ; 1.937      ;
; 1.667 ; vga_controller:vga_c|v_cnt[3]  ; vga_controller:vga_c|v_sync    ; pll_inst|altpll_component|auto_generated|pll1|clk[0] ; pll_inst|altpll_component|auto_generated|pll1|clk[0] ; 0.000        ; 0.090      ; 1.943      ;
; 1.669 ; vga_controller:vga_c|h_cnt[4]  ; vga_controller:vga_c|h_cnt[6]  ; pll_inst|altpll_component|auto_generated|pll1|clk[0] ; pll_inst|altpll_component|auto_generated|pll1|clk[0] ; 0.000        ; 0.107      ; 1.962      ;
; 1.677 ; vga_controller:vga_c|h_cnt[10] ; vga_controller:vga_c|h_cnt[11] ; pll_inst|altpll_component|auto_generated|pll1|clk[0] ; pll_inst|altpll_component|auto_generated|pll1|clk[0] ; 0.000        ; 0.091      ; 1.954      ;
; 1.680 ; vga_controller:vga_c|v_cnt[0]  ; vga_controller:vga_c|v_sync    ; pll_inst|altpll_component|auto_generated|pll1|clk[0] ; pll_inst|altpll_component|auto_generated|pll1|clk[0] ; 0.000        ; 0.090      ; 1.956      ;
; 1.750 ; vga_controller:vga_c|v_cnt[11] ; vga_controller:vga_c|v_cnt[11] ; pll_inst|altpll_component|auto_generated|pll1|clk[0] ; pll_inst|altpll_component|auto_generated|pll1|clk[0] ; 0.000        ; 0.091      ; 2.027      ;
; 1.754 ; vga_controller:vga_c|h_cnt[3]  ; vga_controller:vga_c|h_cnt[6]  ; pll_inst|altpll_component|auto_generated|pll1|clk[0] ; pll_inst|altpll_component|auto_generated|pll1|clk[0] ; 0.000        ; 0.107      ; 2.047      ;
; 1.772 ; vga_controller:vga_c|h_cnt[2]  ; vga_controller:vga_c|h_cnt[6]  ; pll_inst|altpll_component|auto_generated|pll1|clk[0] ; pll_inst|altpll_component|auto_generated|pll1|clk[0] ; 0.000        ; 0.107      ; 2.065      ;
; 1.773 ; vga_controller:vga_c|h_cnt[8]  ; vga_controller:vga_c|h_cnt[11] ; pll_inst|altpll_component|auto_generated|pll1|clk[0] ; pll_inst|altpll_component|auto_generated|pll1|clk[0] ; 0.000        ; 0.091      ; 2.050      ;
; 1.774 ; vga_controller:vga_c|h_cnt[7]  ; vga_controller:vga_c|h_sync    ; pll_inst|altpll_component|auto_generated|pll1|clk[0] ; pll_inst|altpll_component|auto_generated|pll1|clk[0] ; 0.000        ; 0.084      ; 2.044      ;
; 1.779 ; vga_controller:vga_c|h_cnt[10] ; vga_controller:vga_c|h_cnt[10] ; pll_inst|altpll_component|auto_generated|pll1|clk[0] ; pll_inst|altpll_component|auto_generated|pll1|clk[0] ; 0.000        ; 0.091      ; 2.056      ;
; 1.781 ; vga_controller:vga_c|h_cnt[9]  ; vga_controller:vga_c|h_cnt[11] ; pll_inst|altpll_component|auto_generated|pll1|clk[0] ; pll_inst|altpll_component|auto_generated|pll1|clk[0] ; 0.000        ; 0.091      ; 2.058      ;
; 1.808 ; vga_controller:vga_c|h_cnt[6]  ; vga_controller:vga_c|h_sync    ; pll_inst|altpll_component|auto_generated|pll1|clk[0] ; pll_inst|altpll_component|auto_generated|pll1|clk[0] ; 0.000        ; -0.326     ; 1.668      ;
; 1.819 ; vga_controller:vga_c|v_cnt[5]  ; vga_controller:vga_c|v_cnt[2]  ; pll_inst|altpll_component|auto_generated|pll1|clk[0] ; pll_inst|altpll_component|auto_generated|pll1|clk[0] ; 0.000        ; 0.091      ; 2.096      ;
; 1.872 ; vga_controller:vga_c|h_cnt[9]  ; vga_controller:vga_c|h_sync    ; pll_inst|altpll_component|auto_generated|pll1|clk[0] ; pll_inst|altpll_component|auto_generated|pll1|clk[0] ; 0.000        ; 0.084      ; 2.142      ;
; 1.881 ; vga_controller:vga_c|h_cnt[1]  ; vga_controller:vga_c|h_cnt[6]  ; pll_inst|altpll_component|auto_generated|pll1|clk[0] ; pll_inst|altpll_component|auto_generated|pll1|clk[0] ; 0.000        ; 0.107      ; 2.174      ;
; 1.887 ; vga_controller:vga_c|h_cnt[4]  ; vga_controller:vga_c|h_sync    ; pll_inst|altpll_component|auto_generated|pll1|clk[0] ; pll_inst|altpll_component|auto_generated|pll1|clk[0] ; 0.000        ; -0.326     ; 1.747      ;
; 1.898 ; vga_controller:vga_c|h_cnt[0]  ; vga_controller:vga_c|h_cnt[6]  ; pll_inst|altpll_component|auto_generated|pll1|clk[0] ; pll_inst|altpll_component|auto_generated|pll1|clk[0] ; 0.000        ; 0.107      ; 2.191      ;
; 1.909 ; vga_controller:vga_c|h_cnt[2]  ; vga_controller:vga_c|h_sync    ; pll_inst|altpll_component|auto_generated|pll1|clk[0] ; pll_inst|altpll_component|auto_generated|pll1|clk[0] ; 0.000        ; -0.326     ; 1.769      ;
; 1.925 ; vga_controller:vga_c|v_cnt[9]  ; vga_controller:vga_c|v_sync    ; pll_inst|altpll_component|auto_generated|pll1|clk[0] ; pll_inst|altpll_component|auto_generated|pll1|clk[0] ; 0.000        ; 0.090      ; 2.201      ;
; 1.930 ; vga_controller:vga_c|v_cnt[8]  ; vga_controller:vga_c|v_cnt[8]  ; pll_inst|altpll_component|auto_generated|pll1|clk[0] ; pll_inst|altpll_component|auto_generated|pll1|clk[0] ; 0.000        ; 0.091      ; 2.207      ;
; 1.943 ; vga_controller:vga_c|v_cnt[5]  ; vga_controller:vga_c|v_cnt[0]  ; pll_inst|altpll_component|auto_generated|pll1|clk[0] ; pll_inst|altpll_component|auto_generated|pll1|clk[0] ; 0.000        ; 0.091      ; 2.220      ;
; 1.949 ; vga_controller:vga_c|h_cnt[10] ; vga_controller:vga_c|h_sync    ; pll_inst|altpll_component|auto_generated|pll1|clk[0] ; pll_inst|altpll_component|auto_generated|pll1|clk[0] ; 0.000        ; 0.084      ; 2.219      ;
; 1.998 ; vga_controller:vga_c|v_cnt[4]  ; vga_controller:vga_c|v_cnt[8]  ; pll_inst|altpll_component|auto_generated|pll1|clk[0] ; pll_inst|altpll_component|auto_generated|pll1|clk[0] ; 0.000        ; 0.091      ; 2.275      ;
; 2.015 ; vga_controller:vga_c|h_cnt[5]  ; vga_controller:vga_c|h_sync    ; pll_inst|altpll_component|auto_generated|pll1|clk[0] ; pll_inst|altpll_component|auto_generated|pll1|clk[0] ; 0.000        ; -0.326     ; 1.875      ;
; 2.052 ; vga_controller:vga_c|v_cnt[10] ; vga_controller:vga_c|v_cnt[10] ; pll_inst|altpll_component|auto_generated|pll1|clk[0] ; pll_inst|altpll_component|auto_generated|pll1|clk[0] ; 0.000        ; 0.091      ; 2.329      ;
; 2.072 ; vga_controller:vga_c|v_cnt[7]  ; vga_controller:vga_c|v_sync    ; pll_inst|altpll_component|auto_generated|pll1|clk[0] ; pll_inst|altpll_component|auto_generated|pll1|clk[0] ; 0.000        ; 0.090      ; 2.348      ;
; 2.081 ; vga_controller:vga_c|h_cnt[8]  ; vga_controller:vga_c|h_cnt[10] ; pll_inst|altpll_component|auto_generated|pll1|clk[0] ; pll_inst|altpll_component|auto_generated|pll1|clk[0] ; 0.000        ; 0.091      ; 2.358      ;
; 2.089 ; vga_controller:vga_c|h_cnt[9]  ; vga_controller:vga_c|h_cnt[10] ; pll_inst|altpll_component|auto_generated|pll1|clk[0] ; pll_inst|altpll_component|auto_generated|pll1|clk[0] ; 0.000        ; 0.091      ; 2.366      ;
; 2.106 ; vga_controller:vga_c|v_cnt[3]  ; vga_controller:vga_c|v_cnt[8]  ; pll_inst|altpll_component|auto_generated|pll1|clk[0] ; pll_inst|altpll_component|auto_generated|pll1|clk[0] ; 0.000        ; 0.091      ; 2.383      ;
; 2.123 ; vga_controller:vga_c|v_cnt[2]  ; vga_controller:vga_c|v_cnt[8]  ; pll_inst|altpll_component|auto_generated|pll1|clk[0] ; pll_inst|altpll_component|auto_generated|pll1|clk[0] ; 0.000        ; 0.091      ; 2.400      ;
; 2.141 ; vga_controller:vga_c|h_cnt[11] ; vga_controller:vga_c|h_cnt[3]  ; pll_inst|altpll_component|auto_generated|pll1|clk[0] ; pll_inst|altpll_component|auto_generated|pll1|clk[0] ; 0.000        ; 0.517      ; 2.844      ;
; 2.143 ; vga_controller:vga_c|h_cnt[11] ; vga_controller:vga_c|h_cnt[4]  ; pll_inst|altpll_component|auto_generated|pll1|clk[0] ; pll_inst|altpll_component|auto_generated|pll1|clk[0] ; 0.000        ; 0.517      ; 2.846      ;
; 2.184 ; vga_controller:vga_c|h_cnt[5]  ; vga_controller:vga_c|h_cnt[8]  ; pll_inst|altpll_component|auto_generated|pll1|clk[0] ; pll_inst|altpll_component|auto_generated|pll1|clk[0] ; 0.000        ; -0.319     ; 2.051      ;
; 2.197 ; vga_controller:vga_c|v_cnt[4]  ; vga_controller:vga_c|v_cnt[5]  ; pll_inst|altpll_component|auto_generated|pll1|clk[0] ; pll_inst|altpll_component|auto_generated|pll1|clk[0] ; 0.000        ; 0.091      ; 2.474      ;
; 2.224 ; vga_controller:vga_c|h_cnt[4]  ; vga_controller:vga_c|h_cnt[8]  ; pll_inst|altpll_component|auto_generated|pll1|clk[0] ; pll_inst|altpll_component|auto_generated|pll1|clk[0] ; 0.000        ; -0.319     ; 2.091      ;
; 2.240 ; vga_controller:vga_c|v_cnt[4]  ; vga_controller:vga_c|v_cnt[10] ; pll_inst|altpll_component|auto_generated|pll1|clk[0] ; pll_inst|altpll_component|auto_generated|pll1|clk[0] ; 0.000        ; 0.091      ; 2.517      ;
; 2.242 ; vga_controller:vga_c|h_cnt[9]  ; vga_controller:vga_c|h_cnt[9]  ; pll_inst|altpll_component|auto_generated|pll1|clk[0] ; pll_inst|altpll_component|auto_generated|pll1|clk[0] ; 0.000        ; 0.091      ; 2.519      ;
; 2.248 ; vga_controller:vga_c|h_cnt[5]  ; vga_controller:vga_c|h_cnt[11] ; pll_inst|altpll_component|auto_generated|pll1|clk[0] ; pll_inst|altpll_component|auto_generated|pll1|clk[0] ; 0.000        ; -0.319     ; 2.115      ;
; 2.249 ; vga_controller:vga_c|v_cnt[0]  ; vga_controller:vga_c|v_cnt[8]  ; pll_inst|altpll_component|auto_generated|pll1|clk[0] ; pll_inst|altpll_component|auto_generated|pll1|clk[0] ; 0.000        ; 0.091      ; 2.526      ;
; 2.251 ; vga_controller:vga_c|h_cnt[6]  ; vga_controller:vga_c|h_cnt[8]  ; pll_inst|altpll_component|auto_generated|pll1|clk[0] ; pll_inst|altpll_component|auto_generated|pll1|clk[0] ; 0.000        ; -0.319     ; 2.118      ;
; 2.255 ; vga_controller:vga_c|v_cnt[1]  ; vga_controller:vga_c|v_cnt[8]  ; pll_inst|altpll_component|auto_generated|pll1|clk[0] ; pll_inst|altpll_component|auto_generated|pll1|clk[0] ; 0.000        ; 0.091      ; 2.532      ;
; 2.268 ; vga_controller:vga_c|h_cnt[1]  ; vga_controller:vga_c|h_cnt[11] ; pll_inst|altpll_component|auto_generated|pll1|clk[0] ; pll_inst|altpll_component|auto_generated|pll1|clk[0] ; 0.000        ; -0.319     ; 2.135      ;
; 2.272 ; vga_controller:vga_c|v_cnt[5]  ; vga_controller:vga_c|v_cnt[5]  ; pll_inst|altpll_component|auto_generated|pll1|clk[0] ; pll_inst|altpll_component|auto_generated|pll1|clk[0] ; 0.000        ; 0.091      ; 2.549      ;
; 2.277 ; vga_controller:vga_c|v_cnt[7]  ; vga_controller:vga_c|v_cnt[7]  ; pll_inst|altpll_component|auto_generated|pll1|clk[0] ; pll_inst|altpll_component|auto_generated|pll1|clk[0] ; 0.000        ; 0.091      ; 2.554      ;
; 2.280 ; vga_controller:vga_c|v_cnt[7]  ; vga_controller:vga_c|v_cnt[8]  ; pll_inst|altpll_component|auto_generated|pll1|clk[0] ; pll_inst|altpll_component|auto_generated|pll1|clk[0] ; 0.000        ; 0.091      ; 2.557      ;
; 2.288 ; vga_controller:vga_c|h_cnt[4]  ; vga_controller:vga_c|h_cnt[11] ; pll_inst|altpll_component|auto_generated|pll1|clk[0] ; pll_inst|altpll_component|auto_generated|pll1|clk[0] ; 0.000        ; -0.319     ; 2.155      ;
; 2.294 ; vga_controller:vga_c|v_cnt[4]  ; vga_controller:vga_c|v_cnt[7]  ; pll_inst|altpll_component|auto_generated|pll1|clk[0] ; pll_inst|altpll_component|auto_generated|pll1|clk[0] ; 0.000        ; 0.091      ; 2.571      ;
; 2.305 ; vga_controller:vga_c|v_cnt[3]  ; vga_controller:vga_c|v_cnt[5]  ; pll_inst|altpll_component|auto_generated|pll1|clk[0] ; pll_inst|altpll_component|auto_generated|pll1|clk[0] ; 0.000        ; 0.091      ; 2.582      ;
; 2.309 ; vga_controller:vga_c|h_cnt[3]  ; vga_controller:vga_c|h_cnt[8]  ; pll_inst|altpll_component|auto_generated|pll1|clk[0] ; pll_inst|altpll_component|auto_generated|pll1|clk[0] ; 0.000        ; -0.319     ; 2.176      ;
; 2.312 ; vga_controller:vga_c|h_cnt[7]  ; vga_controller:vga_c|h_cnt[7]  ; pll_inst|altpll_component|auto_generated|pll1|clk[0] ; pll_inst|altpll_component|auto_generated|pll1|clk[0] ; 0.000        ; 0.090      ; 2.588      ;
; 2.314 ; vga_controller:vga_c|h_cnt[5]  ; vga_controller:vga_c|h_cnt[7]  ; pll_inst|altpll_component|auto_generated|pll1|clk[0] ; pll_inst|altpll_component|auto_generated|pll1|clk[0] ; 0.000        ; -0.320     ; 2.180      ;
; 2.315 ; vga_controller:vga_c|h_cnt[6]  ; vga_controller:vga_c|h_cnt[11] ; pll_inst|altpll_component|auto_generated|pll1|clk[0] ; pll_inst|altpll_component|auto_generated|pll1|clk[0] ; 0.000        ; -0.319     ; 2.182      ;
+-------+--------------------------------+--------------------------------+------------------------------------------------------+------------------------------------------------------+--------------+------------+------------+


-----------------------------------------------
; Slow 1200mV 85C Model Metastability Summary ;
-----------------------------------------------
The design MTBF is not calculated because there are no specified synchronizers in the design.
Number of Synchronizer Chains Found: 1
Shortest Synchronizer Chain: 2 Registers
Fraction of Chains for which MTBFs Could Not be Calculated: 1.000
Worst Case Available Settling Time: 34.056 ns




+-------------------------------------------------------------------------------------------+
; Slow 1200mV 0C Model Fmax Summary                                                         ;
+-----------+-----------------+------------------------------------------------------+------+
; Fmax      ; Restricted Fmax ; Clock Name                                           ; Note ;
+-----------+-----------------+------------------------------------------------------+------+
; 41.1 MHz  ; 41.1 MHz        ; pll_inst|altpll_component|auto_generated|pll1|clk[0] ;      ;
; 60.28 MHz ; 60.28 MHz       ; CLOCK_50                                             ;      ;
+-----------+-----------------+------------------------------------------------------+------+
This panel reports FMAX for every clock in the design, regardless of the user-specified clock periods.  FMAX is only computed for paths where the source and destination registers or ports are driven by the same clock.  Paths of different clocks, including generated clocks, are ignored.  For paths between a clock and its inversion, FMAX is computed as if the rising and falling edges are scaled along with FMAX, such that the duty cycle (in terms of a percentage) is maintained. Altera recommends that you always use clock constraints and other slack reports for sign-off analysis.


+--------------------------------------------------------------------------------+
; Slow 1200mV 0C Model Setup Summary                                             ;
+------------------------------------------------------+---------+---------------+
; Clock                                                ; Slack   ; End Point TNS ;
+------------------------------------------------------+---------+---------------+
; pll_inst|altpll_component|auto_generated|pll1|clk[0] ; -22.972 ; -548.094      ;
; CLOCK_50                                             ; 3.410   ; 0.000         ;
+------------------------------------------------------+---------+---------------+


+------------------------------------------------------------------------------+
; Slow 1200mV 0C Model Hold Summary                                            ;
+------------------------------------------------------+-------+---------------+
; Clock                                                ; Slack ; End Point TNS ;
+------------------------------------------------------+-------+---------------+
; CLOCK_50                                             ; 0.344 ; 0.000         ;
; pll_inst|altpll_component|auto_generated|pll1|clk[0] ; 0.576 ; 0.000         ;
+------------------------------------------------------+-------+---------------+


-----------------------------------------
; Slow 1200mV 0C Model Recovery Summary ;
-----------------------------------------
No paths to report.


----------------------------------------
; Slow 1200mV 0C Model Removal Summary ;
----------------------------------------
No paths to report.


+------------------------------------------------------------------------------+
; Slow 1200mV 0C Model Minimum Pulse Width Summary                             ;
+------------------------------------------------------+-------+---------------+
; Clock                                                ; Slack ; End Point TNS ;
+------------------------------------------------------+-------+---------------+
; pll_inst|altpll_component|auto_generated|pll1|clk[0] ; 2.981 ; 0.000         ;
; CLOCK_50                                             ; 9.703 ; 0.000         ;
+------------------------------------------------------+-------+---------------+


+------------------------------------------------------------------------------------------------------------------------------------------------------------------------------------------------------+
; Slow 1200mV 0C Model Setup: 'pll_inst|altpll_component|auto_generated|pll1|clk[0]'                                                                                                                   ;
+---------+-----------------------------------------+-----------------------------------+--------------+------------------------------------------------------+--------------+------------+------------+
; Slack   ; From Node                               ; To Node                           ; Launch Clock ; Latch Clock                                          ; Relationship ; Clock Skew ; Data Delay ;
+---------+-----------------------------------------+-----------------------------------+--------------+------------------------------------------------------+--------------+------------+------------+
; -22.972 ; text_screen_gen:text_gen|char_ram~8811  ; text_screen_gen:text_gen|vga_r[1] ; CLOCK_50     ; pll_inst|altpll_component|auto_generated|pll1|clk[0] ; 0.208        ; -2.473     ; 20.666     ;
; -22.904 ; text_screen_gen:text_gen|char_ram~8811  ; text_screen_gen:text_gen|vga_b[1] ; CLOCK_50     ; pll_inst|altpll_component|auto_generated|pll1|clk[0] ; 0.208        ; -2.472     ; 20.599     ;
; -22.839 ; text_screen_gen:text_gen|char_ram~10554 ; text_screen_gen:text_gen|vga_r[1] ; CLOCK_50     ; pll_inst|altpll_component|auto_generated|pll1|clk[0] ; 0.208        ; -2.478     ; 20.528     ;
; -22.771 ; text_screen_gen:text_gen|char_ram~10554 ; text_screen_gen:text_gen|vga_b[1] ; CLOCK_50     ; pll_inst|altpll_component|auto_generated|pll1|clk[0] ; 0.208        ; -2.477     ; 20.461     ;
; -22.770 ; text_screen_gen:text_gen|char_ram~8811  ; text_screen_gen:text_gen|vga_r[7] ; CLOCK_50     ; pll_inst|altpll_component|auto_generated|pll1|clk[0] ; 0.208        ; -2.473     ; 20.464     ;
; -22.770 ; text_screen_gen:text_gen|char_ram~8811  ; text_screen_gen:text_gen|vga_g[1] ; CLOCK_50     ; pll_inst|altpll_component|auto_generated|pll1|clk[0] ; 0.208        ; -2.473     ; 20.464     ;
; -22.710 ; text_screen_gen:text_gen|char_ram~8811  ; text_screen_gen:text_gen|vga_r[2] ; CLOCK_50     ; pll_inst|altpll_component|auto_generated|pll1|clk[0] ; 0.208        ; -2.472     ; 20.405     ;
; -22.709 ; text_screen_gen:text_gen|char_ram~8811  ; text_screen_gen:text_gen|vga_b[3] ; CLOCK_50     ; pll_inst|altpll_component|auto_generated|pll1|clk[0] ; 0.208        ; -2.472     ; 20.404     ;
; -22.637 ; text_screen_gen:text_gen|char_ram~10554 ; text_screen_gen:text_gen|vga_r[7] ; CLOCK_50     ; pll_inst|altpll_component|auto_generated|pll1|clk[0] ; 0.208        ; -2.478     ; 20.326     ;
; -22.637 ; text_screen_gen:text_gen|char_ram~10554 ; text_screen_gen:text_gen|vga_g[1] ; CLOCK_50     ; pll_inst|altpll_component|auto_generated|pll1|clk[0] ; 0.208        ; -2.478     ; 20.326     ;
; -22.621 ; text_screen_gen:text_gen|char_ram~8811  ; text_screen_gen:text_gen|vga_r[5] ; CLOCK_50     ; pll_inst|altpll_component|auto_generated|pll1|clk[0] ; 0.208        ; -2.443     ; 20.345     ;
; -22.621 ; text_screen_gen:text_gen|char_ram~8811  ; text_screen_gen:text_gen|vga_g[3] ; CLOCK_50     ; pll_inst|altpll_component|auto_generated|pll1|clk[0] ; 0.208        ; -2.443     ; 20.345     ;
; -22.621 ; text_screen_gen:text_gen|char_ram~8811  ; text_screen_gen:text_gen|vga_g[7] ; CLOCK_50     ; pll_inst|altpll_component|auto_generated|pll1|clk[0] ; 0.208        ; -2.443     ; 20.345     ;
; -22.620 ; text_screen_gen:text_gen|char_ram~8811  ; text_screen_gen:text_gen|vga_g[4] ; CLOCK_50     ; pll_inst|altpll_component|auto_generated|pll1|clk[0] ; 0.208        ; -2.443     ; 20.344     ;
; -22.620 ; text_screen_gen:text_gen|char_ram~8811  ; text_screen_gen:text_gen|vga_b[0] ; CLOCK_50     ; pll_inst|altpll_component|auto_generated|pll1|clk[0] ; 0.208        ; -2.443     ; 20.344     ;
; -22.620 ; text_screen_gen:text_gen|char_ram~8811  ; text_screen_gen:text_gen|vga_b[2] ; CLOCK_50     ; pll_inst|altpll_component|auto_generated|pll1|clk[0] ; 0.208        ; -2.443     ; 20.344     ;
; -22.620 ; text_screen_gen:text_gen|char_ram~8811  ; text_screen_gen:text_gen|vga_b[5] ; CLOCK_50     ; pll_inst|altpll_component|auto_generated|pll1|clk[0] ; 0.208        ; -2.443     ; 20.344     ;
; -22.620 ; text_screen_gen:text_gen|char_ram~8811  ; text_screen_gen:text_gen|vga_b[6] ; CLOCK_50     ; pll_inst|altpll_component|auto_generated|pll1|clk[0] ; 0.208        ; -2.443     ; 20.344     ;
; -22.619 ; text_screen_gen:text_gen|char_ram~8811  ; text_screen_gen:text_gen|vga_r[0] ; CLOCK_50     ; pll_inst|altpll_component|auto_generated|pll1|clk[0] ; 0.208        ; -2.443     ; 20.343     ;
; -22.619 ; text_screen_gen:text_gen|char_ram~8811  ; text_screen_gen:text_gen|vga_r[3] ; CLOCK_50     ; pll_inst|altpll_component|auto_generated|pll1|clk[0] ; 0.208        ; -2.443     ; 20.343     ;
; -22.619 ; text_screen_gen:text_gen|char_ram~8811  ; text_screen_gen:text_gen|vga_r[6] ; CLOCK_50     ; pll_inst|altpll_component|auto_generated|pll1|clk[0] ; 0.208        ; -2.443     ; 20.343     ;
; -22.619 ; text_screen_gen:text_gen|char_ram~8811  ; text_screen_gen:text_gen|vga_g[2] ; CLOCK_50     ; pll_inst|altpll_component|auto_generated|pll1|clk[0] ; 0.208        ; -2.443     ; 20.343     ;
; -22.619 ; text_screen_gen:text_gen|char_ram~8811  ; text_screen_gen:text_gen|vga_b[4] ; CLOCK_50     ; pll_inst|altpll_component|auto_generated|pll1|clk[0] ; 0.208        ; -2.443     ; 20.343     ;
; -22.618 ; text_screen_gen:text_gen|char_ram~8811  ; text_screen_gen:text_gen|vga_g[5] ; CLOCK_50     ; pll_inst|altpll_component|auto_generated|pll1|clk[0] ; 0.208        ; -2.443     ; 20.342     ;
; -22.596 ; text_screen_gen:text_gen|char_ram~10582 ; text_screen_gen:text_gen|vga_r[1] ; CLOCK_50     ; pll_inst|altpll_component|auto_generated|pll1|clk[0] ; 0.208        ; -2.478     ; 20.285     ;
; -22.577 ; text_screen_gen:text_gen|char_ram~10554 ; text_screen_gen:text_gen|vga_r[2] ; CLOCK_50     ; pll_inst|altpll_component|auto_generated|pll1|clk[0] ; 0.208        ; -2.477     ; 20.267     ;
; -22.576 ; text_screen_gen:text_gen|char_ram~10554 ; text_screen_gen:text_gen|vga_b[3] ; CLOCK_50     ; pll_inst|altpll_component|auto_generated|pll1|clk[0] ; 0.208        ; -2.477     ; 20.266     ;
; -22.538 ; text_screen_gen:text_gen|char_ram~10547 ; text_screen_gen:text_gen|vga_r[1] ; CLOCK_50     ; pll_inst|altpll_component|auto_generated|pll1|clk[0] ; 0.208        ; -2.470     ; 20.235     ;
; -22.528 ; text_screen_gen:text_gen|char_ram~10582 ; text_screen_gen:text_gen|vga_b[1] ; CLOCK_50     ; pll_inst|altpll_component|auto_generated|pll1|clk[0] ; 0.208        ; -2.477     ; 20.218     ;
; -22.488 ; text_screen_gen:text_gen|char_ram~10554 ; text_screen_gen:text_gen|vga_r[5] ; CLOCK_50     ; pll_inst|altpll_component|auto_generated|pll1|clk[0] ; 0.208        ; -2.448     ; 20.207     ;
; -22.488 ; text_screen_gen:text_gen|char_ram~10554 ; text_screen_gen:text_gen|vga_g[3] ; CLOCK_50     ; pll_inst|altpll_component|auto_generated|pll1|clk[0] ; 0.208        ; -2.448     ; 20.207     ;
; -22.488 ; text_screen_gen:text_gen|char_ram~10554 ; text_screen_gen:text_gen|vga_g[7] ; CLOCK_50     ; pll_inst|altpll_component|auto_generated|pll1|clk[0] ; 0.208        ; -2.448     ; 20.207     ;
; -22.487 ; text_screen_gen:text_gen|char_ram~10554 ; text_screen_gen:text_gen|vga_g[4] ; CLOCK_50     ; pll_inst|altpll_component|auto_generated|pll1|clk[0] ; 0.208        ; -2.448     ; 20.206     ;
; -22.487 ; text_screen_gen:text_gen|char_ram~10554 ; text_screen_gen:text_gen|vga_b[0] ; CLOCK_50     ; pll_inst|altpll_component|auto_generated|pll1|clk[0] ; 0.208        ; -2.448     ; 20.206     ;
; -22.487 ; text_screen_gen:text_gen|char_ram~10554 ; text_screen_gen:text_gen|vga_b[2] ; CLOCK_50     ; pll_inst|altpll_component|auto_generated|pll1|clk[0] ; 0.208        ; -2.448     ; 20.206     ;
; -22.487 ; text_screen_gen:text_gen|char_ram~10554 ; text_screen_gen:text_gen|vga_b[5] ; CLOCK_50     ; pll_inst|altpll_component|auto_generated|pll1|clk[0] ; 0.208        ; -2.448     ; 20.206     ;
; -22.487 ; text_screen_gen:text_gen|char_ram~10554 ; text_screen_gen:text_gen|vga_b[6] ; CLOCK_50     ; pll_inst|altpll_component|auto_generated|pll1|clk[0] ; 0.208        ; -2.448     ; 20.206     ;
; -22.486 ; text_screen_gen:text_gen|char_ram~10554 ; text_screen_gen:text_gen|vga_r[0] ; CLOCK_50     ; pll_inst|altpll_component|auto_generated|pll1|clk[0] ; 0.208        ; -2.448     ; 20.205     ;
; -22.486 ; text_screen_gen:text_gen|char_ram~10554 ; text_screen_gen:text_gen|vga_r[3] ; CLOCK_50     ; pll_inst|altpll_component|auto_generated|pll1|clk[0] ; 0.208        ; -2.448     ; 20.205     ;
; -22.486 ; text_screen_gen:text_gen|char_ram~10554 ; text_screen_gen:text_gen|vga_r[6] ; CLOCK_50     ; pll_inst|altpll_component|auto_generated|pll1|clk[0] ; 0.208        ; -2.448     ; 20.205     ;
; -22.486 ; text_screen_gen:text_gen|char_ram~10554 ; text_screen_gen:text_gen|vga_g[2] ; CLOCK_50     ; pll_inst|altpll_component|auto_generated|pll1|clk[0] ; 0.208        ; -2.448     ; 20.205     ;
; -22.486 ; text_screen_gen:text_gen|char_ram~10554 ; text_screen_gen:text_gen|vga_b[4] ; CLOCK_50     ; pll_inst|altpll_component|auto_generated|pll1|clk[0] ; 0.208        ; -2.448     ; 20.205     ;
; -22.485 ; text_screen_gen:text_gen|char_ram~10554 ; text_screen_gen:text_gen|vga_g[5] ; CLOCK_50     ; pll_inst|altpll_component|auto_generated|pll1|clk[0] ; 0.208        ; -2.448     ; 20.204     ;
; -22.470 ; text_screen_gen:text_gen|char_ram~10547 ; text_screen_gen:text_gen|vga_b[1] ; CLOCK_50     ; pll_inst|altpll_component|auto_generated|pll1|clk[0] ; 0.208        ; -2.469     ; 20.168     ;
; -22.412 ; text_screen_gen:text_gen|char_ram~10575 ; text_screen_gen:text_gen|vga_r[1] ; CLOCK_50     ; pll_inst|altpll_component|auto_generated|pll1|clk[0] ; 0.208        ; -2.475     ; 20.104     ;
; -22.394 ; text_screen_gen:text_gen|char_ram~10582 ; text_screen_gen:text_gen|vga_r[7] ; CLOCK_50     ; pll_inst|altpll_component|auto_generated|pll1|clk[0] ; 0.208        ; -2.478     ; 20.083     ;
; -22.394 ; text_screen_gen:text_gen|char_ram~10582 ; text_screen_gen:text_gen|vga_g[1] ; CLOCK_50     ; pll_inst|altpll_component|auto_generated|pll1|clk[0] ; 0.208        ; -2.478     ; 20.083     ;
; -22.383 ; text_screen_gen:text_gen|char_ram~8811  ; text_screen_gen:text_gen|vga_r[4] ; CLOCK_50     ; pll_inst|altpll_component|auto_generated|pll1|clk[0] ; 0.208        ; -2.472     ; 20.078     ;
; -22.383 ; text_screen_gen:text_gen|char_ram~8811  ; text_screen_gen:text_gen|vga_g[0] ; CLOCK_50     ; pll_inst|altpll_component|auto_generated|pll1|clk[0] ; 0.208        ; -2.472     ; 20.078     ;
; -22.382 ; text_screen_gen:text_gen|char_ram~8811  ; text_screen_gen:text_gen|vga_g[6] ; CLOCK_50     ; pll_inst|altpll_component|auto_generated|pll1|clk[0] ; 0.208        ; -2.472     ; 20.077     ;
; -22.344 ; text_screen_gen:text_gen|char_ram~10575 ; text_screen_gen:text_gen|vga_b[1] ; CLOCK_50     ; pll_inst|altpll_component|auto_generated|pll1|clk[0] ; 0.208        ; -2.474     ; 20.037     ;
; -22.336 ; text_screen_gen:text_gen|char_ram~10547 ; text_screen_gen:text_gen|vga_r[7] ; CLOCK_50     ; pll_inst|altpll_component|auto_generated|pll1|clk[0] ; 0.208        ; -2.470     ; 20.033     ;
; -22.336 ; text_screen_gen:text_gen|char_ram~10547 ; text_screen_gen:text_gen|vga_g[1] ; CLOCK_50     ; pll_inst|altpll_component|auto_generated|pll1|clk[0] ; 0.208        ; -2.470     ; 20.033     ;
; -22.334 ; text_screen_gen:text_gen|char_ram~10582 ; text_screen_gen:text_gen|vga_r[2] ; CLOCK_50     ; pll_inst|altpll_component|auto_generated|pll1|clk[0] ; 0.208        ; -2.477     ; 20.024     ;
; -22.333 ; text_screen_gen:text_gen|char_ram~10582 ; text_screen_gen:text_gen|vga_b[3] ; CLOCK_50     ; pll_inst|altpll_component|auto_generated|pll1|clk[0] ; 0.208        ; -2.477     ; 20.023     ;
; -22.293 ; text_screen_gen:text_gen|char_ram~8846  ; text_screen_gen:text_gen|vga_r[1] ; CLOCK_50     ; pll_inst|altpll_component|auto_generated|pll1|clk[0] ; 0.208        ; -2.451     ; 20.009     ;
; -22.276 ; text_screen_gen:text_gen|char_ram~10547 ; text_screen_gen:text_gen|vga_r[2] ; CLOCK_50     ; pll_inst|altpll_component|auto_generated|pll1|clk[0] ; 0.208        ; -2.469     ; 19.974     ;
; -22.275 ; text_screen_gen:text_gen|char_ram~10547 ; text_screen_gen:text_gen|vga_b[3] ; CLOCK_50     ; pll_inst|altpll_component|auto_generated|pll1|clk[0] ; 0.208        ; -2.469     ; 19.973     ;
; -22.250 ; text_screen_gen:text_gen|char_ram~10554 ; text_screen_gen:text_gen|vga_r[4] ; CLOCK_50     ; pll_inst|altpll_component|auto_generated|pll1|clk[0] ; 0.208        ; -2.477     ; 19.940     ;
; -22.250 ; text_screen_gen:text_gen|char_ram~10554 ; text_screen_gen:text_gen|vga_g[0] ; CLOCK_50     ; pll_inst|altpll_component|auto_generated|pll1|clk[0] ; 0.208        ; -2.477     ; 19.940     ;
; -22.249 ; text_screen_gen:text_gen|char_ram~10554 ; text_screen_gen:text_gen|vga_g[6] ; CLOCK_50     ; pll_inst|altpll_component|auto_generated|pll1|clk[0] ; 0.208        ; -2.477     ; 19.939     ;
; -22.245 ; text_screen_gen:text_gen|char_ram~10582 ; text_screen_gen:text_gen|vga_r[5] ; CLOCK_50     ; pll_inst|altpll_component|auto_generated|pll1|clk[0] ; 0.208        ; -2.448     ; 19.964     ;
; -22.245 ; text_screen_gen:text_gen|char_ram~10582 ; text_screen_gen:text_gen|vga_g[3] ; CLOCK_50     ; pll_inst|altpll_component|auto_generated|pll1|clk[0] ; 0.208        ; -2.448     ; 19.964     ;
; -22.245 ; text_screen_gen:text_gen|char_ram~10582 ; text_screen_gen:text_gen|vga_g[7] ; CLOCK_50     ; pll_inst|altpll_component|auto_generated|pll1|clk[0] ; 0.208        ; -2.448     ; 19.964     ;
; -22.244 ; text_screen_gen:text_gen|char_ram~10582 ; text_screen_gen:text_gen|vga_g[4] ; CLOCK_50     ; pll_inst|altpll_component|auto_generated|pll1|clk[0] ; 0.208        ; -2.448     ; 19.963     ;
; -22.244 ; text_screen_gen:text_gen|char_ram~10582 ; text_screen_gen:text_gen|vga_b[0] ; CLOCK_50     ; pll_inst|altpll_component|auto_generated|pll1|clk[0] ; 0.208        ; -2.448     ; 19.963     ;
; -22.244 ; text_screen_gen:text_gen|char_ram~10582 ; text_screen_gen:text_gen|vga_b[2] ; CLOCK_50     ; pll_inst|altpll_component|auto_generated|pll1|clk[0] ; 0.208        ; -2.448     ; 19.963     ;
; -22.244 ; text_screen_gen:text_gen|char_ram~10582 ; text_screen_gen:text_gen|vga_b[5] ; CLOCK_50     ; pll_inst|altpll_component|auto_generated|pll1|clk[0] ; 0.208        ; -2.448     ; 19.963     ;
; -22.244 ; text_screen_gen:text_gen|char_ram~10582 ; text_screen_gen:text_gen|vga_b[6] ; CLOCK_50     ; pll_inst|altpll_component|auto_generated|pll1|clk[0] ; 0.208        ; -2.448     ; 19.963     ;
; -22.243 ; text_screen_gen:text_gen|char_ram~10582 ; text_screen_gen:text_gen|vga_r[0] ; CLOCK_50     ; pll_inst|altpll_component|auto_generated|pll1|clk[0] ; 0.208        ; -2.448     ; 19.962     ;
; -22.243 ; text_screen_gen:text_gen|char_ram~10582 ; text_screen_gen:text_gen|vga_r[3] ; CLOCK_50     ; pll_inst|altpll_component|auto_generated|pll1|clk[0] ; 0.208        ; -2.448     ; 19.962     ;
; -22.243 ; text_screen_gen:text_gen|char_ram~10582 ; text_screen_gen:text_gen|vga_r[6] ; CLOCK_50     ; pll_inst|altpll_component|auto_generated|pll1|clk[0] ; 0.208        ; -2.448     ; 19.962     ;
; -22.243 ; text_screen_gen:text_gen|char_ram~10582 ; text_screen_gen:text_gen|vga_g[2] ; CLOCK_50     ; pll_inst|altpll_component|auto_generated|pll1|clk[0] ; 0.208        ; -2.448     ; 19.962     ;
; -22.243 ; text_screen_gen:text_gen|char_ram~10582 ; text_screen_gen:text_gen|vga_b[4] ; CLOCK_50     ; pll_inst|altpll_component|auto_generated|pll1|clk[0] ; 0.208        ; -2.448     ; 19.962     ;
; -22.242 ; text_screen_gen:text_gen|char_ram~10582 ; text_screen_gen:text_gen|vga_g[5] ; CLOCK_50     ; pll_inst|altpll_component|auto_generated|pll1|clk[0] ; 0.208        ; -2.448     ; 19.961     ;
; -22.229 ; text_screen_gen:text_gen|char_ram~8818  ; text_screen_gen:text_gen|vga_r[1] ; CLOCK_50     ; pll_inst|altpll_component|auto_generated|pll1|clk[0] ; 0.208        ; -2.450     ; 19.946     ;
; -22.225 ; text_screen_gen:text_gen|char_ram~8846  ; text_screen_gen:text_gen|vga_b[1] ; CLOCK_50     ; pll_inst|altpll_component|auto_generated|pll1|clk[0] ; 0.208        ; -2.450     ; 19.942     ;
; -22.210 ; text_screen_gen:text_gen|char_ram~10575 ; text_screen_gen:text_gen|vga_r[7] ; CLOCK_50     ; pll_inst|altpll_component|auto_generated|pll1|clk[0] ; 0.208        ; -2.475     ; 19.902     ;
; -22.210 ; text_screen_gen:text_gen|char_ram~10575 ; text_screen_gen:text_gen|vga_g[1] ; CLOCK_50     ; pll_inst|altpll_component|auto_generated|pll1|clk[0] ; 0.208        ; -2.475     ; 19.902     ;
; -22.187 ; text_screen_gen:text_gen|char_ram~10547 ; text_screen_gen:text_gen|vga_r[5] ; CLOCK_50     ; pll_inst|altpll_component|auto_generated|pll1|clk[0] ; 0.208        ; -2.440     ; 19.914     ;
; -22.187 ; text_screen_gen:text_gen|char_ram~10547 ; text_screen_gen:text_gen|vga_g[3] ; CLOCK_50     ; pll_inst|altpll_component|auto_generated|pll1|clk[0] ; 0.208        ; -2.440     ; 19.914     ;
; -22.187 ; text_screen_gen:text_gen|char_ram~10547 ; text_screen_gen:text_gen|vga_g[7] ; CLOCK_50     ; pll_inst|altpll_component|auto_generated|pll1|clk[0] ; 0.208        ; -2.440     ; 19.914     ;
; -22.186 ; text_screen_gen:text_gen|char_ram~10547 ; text_screen_gen:text_gen|vga_g[4] ; CLOCK_50     ; pll_inst|altpll_component|auto_generated|pll1|clk[0] ; 0.208        ; -2.440     ; 19.913     ;
; -22.186 ; text_screen_gen:text_gen|char_ram~10547 ; text_screen_gen:text_gen|vga_b[0] ; CLOCK_50     ; pll_inst|altpll_component|auto_generated|pll1|clk[0] ; 0.208        ; -2.440     ; 19.913     ;
; -22.186 ; text_screen_gen:text_gen|char_ram~10547 ; text_screen_gen:text_gen|vga_b[2] ; CLOCK_50     ; pll_inst|altpll_component|auto_generated|pll1|clk[0] ; 0.208        ; -2.440     ; 19.913     ;
; -22.186 ; text_screen_gen:text_gen|char_ram~10547 ; text_screen_gen:text_gen|vga_b[5] ; CLOCK_50     ; pll_inst|altpll_component|auto_generated|pll1|clk[0] ; 0.208        ; -2.440     ; 19.913     ;
; -22.186 ; text_screen_gen:text_gen|char_ram~10547 ; text_screen_gen:text_gen|vga_b[6] ; CLOCK_50     ; pll_inst|altpll_component|auto_generated|pll1|clk[0] ; 0.208        ; -2.440     ; 19.913     ;
; -22.185 ; text_screen_gen:text_gen|char_ram~10547 ; text_screen_gen:text_gen|vga_r[0] ; CLOCK_50     ; pll_inst|altpll_component|auto_generated|pll1|clk[0] ; 0.208        ; -2.440     ; 19.912     ;
; -22.185 ; text_screen_gen:text_gen|char_ram~10547 ; text_screen_gen:text_gen|vga_r[3] ; CLOCK_50     ; pll_inst|altpll_component|auto_generated|pll1|clk[0] ; 0.208        ; -2.440     ; 19.912     ;
; -22.185 ; text_screen_gen:text_gen|char_ram~10547 ; text_screen_gen:text_gen|vga_r[6] ; CLOCK_50     ; pll_inst|altpll_component|auto_generated|pll1|clk[0] ; 0.208        ; -2.440     ; 19.912     ;
; -22.185 ; text_screen_gen:text_gen|char_ram~10547 ; text_screen_gen:text_gen|vga_g[2] ; CLOCK_50     ; pll_inst|altpll_component|auto_generated|pll1|clk[0] ; 0.208        ; -2.440     ; 19.912     ;
; -22.185 ; text_screen_gen:text_gen|char_ram~10547 ; text_screen_gen:text_gen|vga_b[4] ; CLOCK_50     ; pll_inst|altpll_component|auto_generated|pll1|clk[0] ; 0.208        ; -2.440     ; 19.912     ;
; -22.184 ; text_screen_gen:text_gen|char_ram~10547 ; text_screen_gen:text_gen|vga_g[5] ; CLOCK_50     ; pll_inst|altpll_component|auto_generated|pll1|clk[0] ; 0.208        ; -2.440     ; 19.911     ;
; -22.183 ; text_screen_gen:text_gen|char_ram~8783  ; text_screen_gen:text_gen|vga_r[1] ; CLOCK_50     ; pll_inst|altpll_component|auto_generated|pll1|clk[0] ; 0.208        ; -2.458     ; 19.892     ;
; -22.161 ; text_screen_gen:text_gen|char_ram~8818  ; text_screen_gen:text_gen|vga_b[1] ; CLOCK_50     ; pll_inst|altpll_component|auto_generated|pll1|clk[0] ; 0.208        ; -2.449     ; 19.879     ;
; -22.150 ; text_screen_gen:text_gen|char_ram~10575 ; text_screen_gen:text_gen|vga_r[2] ; CLOCK_50     ; pll_inst|altpll_component|auto_generated|pll1|clk[0] ; 0.208        ; -2.474     ; 19.843     ;
; -22.149 ; text_screen_gen:text_gen|char_ram~10575 ; text_screen_gen:text_gen|vga_b[3] ; CLOCK_50     ; pll_inst|altpll_component|auto_generated|pll1|clk[0] ; 0.208        ; -2.474     ; 19.842     ;
; -22.115 ; text_screen_gen:text_gen|char_ram~8783  ; text_screen_gen:text_gen|vga_b[1] ; CLOCK_50     ; pll_inst|altpll_component|auto_generated|pll1|clk[0] ; 0.208        ; -2.457     ; 19.825     ;
; -22.096 ; text_screen_gen:text_gen|char_ram~8762  ; text_screen_gen:text_gen|vga_r[1] ; CLOCK_50     ; pll_inst|altpll_component|auto_generated|pll1|clk[0] ; 0.208        ; -2.448     ; 19.815     ;
; -22.091 ; text_screen_gen:text_gen|char_ram~8846  ; text_screen_gen:text_gen|vga_r[7] ; CLOCK_50     ; pll_inst|altpll_component|auto_generated|pll1|clk[0] ; 0.208        ; -2.451     ; 19.807     ;
+---------+-----------------------------------------+-----------------------------------+--------------+------------------------------------------------------+--------------+------------+------------+


+------------------------------------------------------------------------------------------------------------------------------------------------------+
; Slow 1200mV 0C Model Setup: 'CLOCK_50'                                                                                                               ;
+-------+------------------------------+-----------------------------------------+--------------+-------------+--------------+------------+------------+
; Slack ; From Node                    ; To Node                                 ; Launch Clock ; Latch Clock ; Relationship ; Clock Skew ; Data Delay ;
+-------+------------------------------+-----------------------------------------+--------------+-------------+--------------+------------+------------+
; 3.410 ; uart_rx:uart_inst|rx_data[0] ; text_screen_gen:text_gen|char_ram~18822 ; CLOCK_50     ; CLOCK_50    ; 20.000       ; -0.086     ; 16.503     ;
; 3.410 ; uart_rx:uart_inst|rx_data[0] ; text_screen_gen:text_gen|char_ram~18818 ; CLOCK_50     ; CLOCK_50    ; 20.000       ; -0.086     ; 16.503     ;
; 3.410 ; uart_rx:uart_inst|rx_data[0] ; text_screen_gen:text_gen|char_ram~18816 ; CLOCK_50     ; CLOCK_50    ; 20.000       ; -0.086     ; 16.503     ;
; 3.410 ; uart_rx:uart_inst|rx_data[0] ; text_screen_gen:text_gen|char_ram~18820 ; CLOCK_50     ; CLOCK_50    ; 20.000       ; -0.086     ; 16.503     ;
; 3.614 ; uart_rx:uart_inst|rx_data[1] ; text_screen_gen:text_gen|char_ram~18822 ; CLOCK_50     ; CLOCK_50    ; 20.000       ; -0.086     ; 16.299     ;
; 3.614 ; uart_rx:uart_inst|rx_data[1] ; text_screen_gen:text_gen|char_ram~18818 ; CLOCK_50     ; CLOCK_50    ; 20.000       ; -0.086     ; 16.299     ;
; 3.614 ; uart_rx:uart_inst|rx_data[1] ; text_screen_gen:text_gen|char_ram~18816 ; CLOCK_50     ; CLOCK_50    ; 20.000       ; -0.086     ; 16.299     ;
; 3.614 ; uart_rx:uart_inst|rx_data[1] ; text_screen_gen:text_gen|char_ram~18820 ; CLOCK_50     ; CLOCK_50    ; 20.000       ; -0.086     ; 16.299     ;
; 3.651 ; uart_rx:uart_inst|rx_data[5] ; text_screen_gen:text_gen|char_ram~18822 ; CLOCK_50     ; CLOCK_50    ; 20.000       ; -0.086     ; 16.262     ;
; 3.651 ; uart_rx:uart_inst|rx_data[5] ; text_screen_gen:text_gen|char_ram~18818 ; CLOCK_50     ; CLOCK_50    ; 20.000       ; -0.086     ; 16.262     ;
; 3.651 ; uart_rx:uart_inst|rx_data[5] ; text_screen_gen:text_gen|char_ram~18816 ; CLOCK_50     ; CLOCK_50    ; 20.000       ; -0.086     ; 16.262     ;
; 3.651 ; uart_rx:uart_inst|rx_data[5] ; text_screen_gen:text_gen|char_ram~18820 ; CLOCK_50     ; CLOCK_50    ; 20.000       ; -0.086     ; 16.262     ;
; 3.668 ; uart_rx:uart_inst|rx_data[7] ; text_screen_gen:text_gen|char_ram~18822 ; CLOCK_50     ; CLOCK_50    ; 20.000       ; -0.086     ; 16.245     ;
; 3.668 ; uart_rx:uart_inst|rx_data[7] ; text_screen_gen:text_gen|char_ram~18818 ; CLOCK_50     ; CLOCK_50    ; 20.000       ; -0.086     ; 16.245     ;
; 3.668 ; uart_rx:uart_inst|rx_data[7] ; text_screen_gen:text_gen|char_ram~18816 ; CLOCK_50     ; CLOCK_50    ; 20.000       ; -0.086     ; 16.245     ;
; 3.668 ; uart_rx:uart_inst|rx_data[7] ; text_screen_gen:text_gen|char_ram~18820 ; CLOCK_50     ; CLOCK_50    ; 20.000       ; -0.086     ; 16.245     ;
; 3.723 ; uart_rx:uart_inst|rx_data[2] ; text_screen_gen:text_gen|char_ram~18822 ; CLOCK_50     ; CLOCK_50    ; 20.000       ; -0.086     ; 16.190     ;
; 3.723 ; uart_rx:uart_inst|rx_data[2] ; text_screen_gen:text_gen|char_ram~18818 ; CLOCK_50     ; CLOCK_50    ; 20.000       ; -0.086     ; 16.190     ;
; 3.723 ; uart_rx:uart_inst|rx_data[2] ; text_screen_gen:text_gen|char_ram~18816 ; CLOCK_50     ; CLOCK_50    ; 20.000       ; -0.086     ; 16.190     ;
; 3.723 ; uart_rx:uart_inst|rx_data[2] ; text_screen_gen:text_gen|char_ram~18820 ; CLOCK_50     ; CLOCK_50    ; 20.000       ; -0.086     ; 16.190     ;
; 3.818 ; uart_rx:uart_inst|rx_data[0] ; text_screen_gen:text_gen|char_ram~11849 ; CLOCK_50     ; CLOCK_50    ; 20.000       ; -0.084     ; 16.097     ;
; 3.919 ; uart_rx:uart_inst|rx_data[0] ; text_screen_gen:text_gen|char_ram~17928 ; CLOCK_50     ; CLOCK_50    ; 20.000       ; 0.326      ; 16.406     ;
; 3.919 ; uart_rx:uart_inst|rx_data[0] ; text_screen_gen:text_gen|char_ram~17931 ; CLOCK_50     ; CLOCK_50    ; 20.000       ; 0.326      ; 16.406     ;
; 3.930 ; uart_rx:uart_inst|rx_data[4] ; text_screen_gen:text_gen|char_ram~18822 ; CLOCK_50     ; CLOCK_50    ; 20.000       ; -0.086     ; 15.983     ;
; 3.930 ; uart_rx:uart_inst|rx_data[4] ; text_screen_gen:text_gen|char_ram~18818 ; CLOCK_50     ; CLOCK_50    ; 20.000       ; -0.086     ; 15.983     ;
; 3.930 ; uart_rx:uart_inst|rx_data[4] ; text_screen_gen:text_gen|char_ram~18816 ; CLOCK_50     ; CLOCK_50    ; 20.000       ; -0.086     ; 15.983     ;
; 3.930 ; uart_rx:uart_inst|rx_data[4] ; text_screen_gen:text_gen|char_ram~18820 ; CLOCK_50     ; CLOCK_50    ; 20.000       ; -0.086     ; 15.983     ;
; 4.009 ; uart_rx:uart_inst|rx_data[6] ; text_screen_gen:text_gen|char_ram~18822 ; CLOCK_50     ; CLOCK_50    ; 20.000       ; -0.086     ; 15.904     ;
; 4.009 ; uart_rx:uart_inst|rx_data[6] ; text_screen_gen:text_gen|char_ram~18818 ; CLOCK_50     ; CLOCK_50    ; 20.000       ; -0.086     ; 15.904     ;
; 4.009 ; uart_rx:uart_inst|rx_data[6] ; text_screen_gen:text_gen|char_ram~18816 ; CLOCK_50     ; CLOCK_50    ; 20.000       ; -0.086     ; 15.904     ;
; 4.009 ; uart_rx:uart_inst|rx_data[6] ; text_screen_gen:text_gen|char_ram~18820 ; CLOCK_50     ; CLOCK_50    ; 20.000       ; -0.086     ; 15.904     ;
; 4.022 ; uart_rx:uart_inst|rx_data[1] ; text_screen_gen:text_gen|char_ram~11849 ; CLOCK_50     ; CLOCK_50    ; 20.000       ; -0.084     ; 15.893     ;
; 4.059 ; uart_rx:uart_inst|rx_data[5] ; text_screen_gen:text_gen|char_ram~11849 ; CLOCK_50     ; CLOCK_50    ; 20.000       ; -0.084     ; 15.856     ;
; 4.076 ; uart_rx:uart_inst|rx_data[7] ; text_screen_gen:text_gen|char_ram~11849 ; CLOCK_50     ; CLOCK_50    ; 20.000       ; -0.084     ; 15.839     ;
; 4.093 ; uart_rx:uart_inst|rx_data[3] ; text_screen_gen:text_gen|char_ram~18822 ; CLOCK_50     ; CLOCK_50    ; 20.000       ; -0.086     ; 15.820     ;
; 4.093 ; uart_rx:uart_inst|rx_data[3] ; text_screen_gen:text_gen|char_ram~18818 ; CLOCK_50     ; CLOCK_50    ; 20.000       ; -0.086     ; 15.820     ;
; 4.093 ; uart_rx:uart_inst|rx_data[3] ; text_screen_gen:text_gen|char_ram~18816 ; CLOCK_50     ; CLOCK_50    ; 20.000       ; -0.086     ; 15.820     ;
; 4.093 ; uart_rx:uart_inst|rx_data[3] ; text_screen_gen:text_gen|char_ram~18820 ; CLOCK_50     ; CLOCK_50    ; 20.000       ; -0.086     ; 15.820     ;
; 4.114 ; uart_rx:uart_inst|rx_data[0] ; text_screen_gen:text_gen|char_ram~18829 ; CLOCK_50     ; CLOCK_50    ; 20.000       ; -0.090     ; 15.795     ;
; 4.114 ; uart_rx:uart_inst|rx_data[0] ; text_screen_gen:text_gen|char_ram~18825 ; CLOCK_50     ; CLOCK_50    ; 20.000       ; -0.090     ; 15.795     ;
; 4.114 ; uart_rx:uart_inst|rx_data[0] ; text_screen_gen:text_gen|char_ram~18823 ; CLOCK_50     ; CLOCK_50    ; 20.000       ; -0.090     ; 15.795     ;
; 4.123 ; uart_rx:uart_inst|rx_data[1] ; text_screen_gen:text_gen|char_ram~17928 ; CLOCK_50     ; CLOCK_50    ; 20.000       ; 0.326      ; 16.202     ;
; 4.123 ; uart_rx:uart_inst|rx_data[1] ; text_screen_gen:text_gen|char_ram~17931 ; CLOCK_50     ; CLOCK_50    ; 20.000       ; 0.326      ; 16.202     ;
; 4.131 ; uart_rx:uart_inst|rx_data[0] ; text_screen_gen:text_gen|char_ram~18819 ; CLOCK_50     ; CLOCK_50    ; 20.000       ; -0.078     ; 15.790     ;
; 4.131 ; uart_rx:uart_inst|rx_data[2] ; text_screen_gen:text_gen|char_ram~11849 ; CLOCK_50     ; CLOCK_50    ; 20.000       ; -0.084     ; 15.784     ;
; 4.160 ; uart_rx:uart_inst|rx_data[5] ; text_screen_gen:text_gen|char_ram~17928 ; CLOCK_50     ; CLOCK_50    ; 20.000       ; 0.326      ; 16.165     ;
; 4.160 ; uart_rx:uart_inst|rx_data[5] ; text_screen_gen:text_gen|char_ram~17931 ; CLOCK_50     ; CLOCK_50    ; 20.000       ; 0.326      ; 16.165     ;
; 4.165 ; uart_rx:uart_inst|rx_data[0] ; text_screen_gen:text_gen|char_ram~13649 ; CLOCK_50     ; CLOCK_50    ; 20.000       ; -0.066     ; 15.768     ;
; 4.177 ; uart_rx:uart_inst|rx_data[7] ; text_screen_gen:text_gen|char_ram~17928 ; CLOCK_50     ; CLOCK_50    ; 20.000       ; 0.326      ; 16.148     ;
; 4.177 ; uart_rx:uart_inst|rx_data[7] ; text_screen_gen:text_gen|char_ram~17931 ; CLOCK_50     ; CLOCK_50    ; 20.000       ; 0.326      ; 16.148     ;
; 4.194 ; uart_rx:uart_inst|rx_data[0] ; text_screen_gen:text_gen|char_ram~19274 ; CLOCK_50     ; CLOCK_50    ; 20.000       ; -0.056     ; 15.749     ;
; 4.232 ; uart_rx:uart_inst|rx_data[2] ; text_screen_gen:text_gen|char_ram~17928 ; CLOCK_50     ; CLOCK_50    ; 20.000       ; 0.326      ; 16.093     ;
; 4.232 ; uart_rx:uart_inst|rx_data[2] ; text_screen_gen:text_gen|char_ram~17931 ; CLOCK_50     ; CLOCK_50    ; 20.000       ; 0.326      ; 16.093     ;
; 4.237 ; uart_rx:uart_inst|rx_data[0] ; text_screen_gen:text_gen|char_ram~19270 ; CLOCK_50     ; CLOCK_50    ; 20.000       ; -0.079     ; 15.683     ;
; 4.285 ; uart_rx:uart_inst|rx_data[0] ; text_screen_gen:text_gen|char_ram~3793  ; CLOCK_50     ; CLOCK_50    ; 20.000       ; 0.380      ; 16.094     ;
; 4.318 ; uart_rx:uart_inst|rx_data[1] ; text_screen_gen:text_gen|char_ram~18829 ; CLOCK_50     ; CLOCK_50    ; 20.000       ; -0.090     ; 15.591     ;
; 4.318 ; uart_rx:uart_inst|rx_data[1] ; text_screen_gen:text_gen|char_ram~18825 ; CLOCK_50     ; CLOCK_50    ; 20.000       ; -0.090     ; 15.591     ;
; 4.318 ; uart_rx:uart_inst|rx_data[1] ; text_screen_gen:text_gen|char_ram~18823 ; CLOCK_50     ; CLOCK_50    ; 20.000       ; -0.090     ; 15.591     ;
; 4.335 ; uart_rx:uart_inst|rx_data[1] ; text_screen_gen:text_gen|char_ram~18819 ; CLOCK_50     ; CLOCK_50    ; 20.000       ; -0.078     ; 15.586     ;
; 4.338 ; uart_rx:uart_inst|rx_data[4] ; text_screen_gen:text_gen|char_ram~11849 ; CLOCK_50     ; CLOCK_50    ; 20.000       ; -0.084     ; 15.577     ;
; 4.355 ; uart_rx:uart_inst|rx_data[5] ; text_screen_gen:text_gen|char_ram~18829 ; CLOCK_50     ; CLOCK_50    ; 20.000       ; -0.090     ; 15.554     ;
; 4.355 ; uart_rx:uart_inst|rx_data[5] ; text_screen_gen:text_gen|char_ram~18825 ; CLOCK_50     ; CLOCK_50    ; 20.000       ; -0.090     ; 15.554     ;
; 4.355 ; uart_rx:uart_inst|rx_data[5] ; text_screen_gen:text_gen|char_ram~18823 ; CLOCK_50     ; CLOCK_50    ; 20.000       ; -0.090     ; 15.554     ;
; 4.369 ; uart_rx:uart_inst|rx_data[1] ; text_screen_gen:text_gen|char_ram~13649 ; CLOCK_50     ; CLOCK_50    ; 20.000       ; -0.066     ; 15.564     ;
; 4.372 ; uart_rx:uart_inst|rx_data[5] ; text_screen_gen:text_gen|char_ram~18819 ; CLOCK_50     ; CLOCK_50    ; 20.000       ; -0.078     ; 15.549     ;
; 4.372 ; uart_rx:uart_inst|rx_data[7] ; text_screen_gen:text_gen|char_ram~18829 ; CLOCK_50     ; CLOCK_50    ; 20.000       ; -0.090     ; 15.537     ;
; 4.372 ; uart_rx:uart_inst|rx_data[7] ; text_screen_gen:text_gen|char_ram~18825 ; CLOCK_50     ; CLOCK_50    ; 20.000       ; -0.090     ; 15.537     ;
; 4.372 ; uart_rx:uart_inst|rx_data[7] ; text_screen_gen:text_gen|char_ram~18823 ; CLOCK_50     ; CLOCK_50    ; 20.000       ; -0.090     ; 15.537     ;
; 4.380 ; uart_rx:uart_inst|rx_data[0] ; text_screen_gen:text_gen|char_ram~18826 ; CLOCK_50     ; CLOCK_50    ; 20.000       ; -0.068     ; 15.551     ;
; 4.389 ; uart_rx:uart_inst|rx_data[7] ; text_screen_gen:text_gen|char_ram~18819 ; CLOCK_50     ; CLOCK_50    ; 20.000       ; -0.078     ; 15.532     ;
; 4.392 ; uart_rx:uart_inst|rx_data[0] ; text_screen_gen:text_gen|char_ram~19264 ; CLOCK_50     ; CLOCK_50    ; 20.000       ; -0.090     ; 15.517     ;
; 4.392 ; uart_rx:uart_inst|rx_data[0] ; text_screen_gen:text_gen|char_ram~19268 ; CLOCK_50     ; CLOCK_50    ; 20.000       ; -0.090     ; 15.517     ;
; 4.398 ; uart_rx:uart_inst|rx_data[1] ; text_screen_gen:text_gen|char_ram~19274 ; CLOCK_50     ; CLOCK_50    ; 20.000       ; -0.056     ; 15.545     ;
; 4.406 ; uart_rx:uart_inst|rx_data[5] ; text_screen_gen:text_gen|char_ram~13649 ; CLOCK_50     ; CLOCK_50    ; 20.000       ; -0.066     ; 15.527     ;
; 4.417 ; uart_rx:uart_inst|rx_data[6] ; text_screen_gen:text_gen|char_ram~11849 ; CLOCK_50     ; CLOCK_50    ; 20.000       ; -0.084     ; 15.498     ;
; 4.423 ; uart_rx:uart_inst|rx_data[0] ; text_screen_gen:text_gen|char_ram~19277 ; CLOCK_50     ; CLOCK_50    ; 20.000       ; -0.096     ; 15.480     ;
; 4.423 ; uart_rx:uart_inst|rx_data[0] ; text_screen_gen:text_gen|char_ram~19273 ; CLOCK_50     ; CLOCK_50    ; 20.000       ; -0.096     ; 15.480     ;
; 4.423 ; uart_rx:uart_inst|rx_data[7] ; text_screen_gen:text_gen|char_ram~13649 ; CLOCK_50     ; CLOCK_50    ; 20.000       ; -0.066     ; 15.510     ;
; 4.427 ; uart_rx:uart_inst|rx_data[2] ; text_screen_gen:text_gen|char_ram~18829 ; CLOCK_50     ; CLOCK_50    ; 20.000       ; -0.090     ; 15.482     ;
; 4.427 ; uart_rx:uart_inst|rx_data[2] ; text_screen_gen:text_gen|char_ram~18825 ; CLOCK_50     ; CLOCK_50    ; 20.000       ; -0.090     ; 15.482     ;
; 4.427 ; uart_rx:uart_inst|rx_data[2] ; text_screen_gen:text_gen|char_ram~18823 ; CLOCK_50     ; CLOCK_50    ; 20.000       ; -0.090     ; 15.482     ;
; 4.435 ; uart_rx:uart_inst|rx_data[5] ; text_screen_gen:text_gen|char_ram~19274 ; CLOCK_50     ; CLOCK_50    ; 20.000       ; -0.056     ; 15.508     ;
; 4.439 ; uart_rx:uart_inst|rx_data[4] ; text_screen_gen:text_gen|char_ram~17928 ; CLOCK_50     ; CLOCK_50    ; 20.000       ; 0.326      ; 15.886     ;
; 4.439 ; uart_rx:uart_inst|rx_data[4] ; text_screen_gen:text_gen|char_ram~17931 ; CLOCK_50     ; CLOCK_50    ; 20.000       ; 0.326      ; 15.886     ;
; 4.441 ; uart_rx:uart_inst|rx_data[1] ; text_screen_gen:text_gen|char_ram~19270 ; CLOCK_50     ; CLOCK_50    ; 20.000       ; -0.079     ; 15.479     ;
; 4.444 ; uart_rx:uart_inst|rx_data[2] ; text_screen_gen:text_gen|char_ram~18819 ; CLOCK_50     ; CLOCK_50    ; 20.000       ; -0.078     ; 15.477     ;
; 4.452 ; uart_rx:uart_inst|rx_data[7] ; text_screen_gen:text_gen|char_ram~19274 ; CLOCK_50     ; CLOCK_50    ; 20.000       ; -0.056     ; 15.491     ;
; 4.461 ; uart_rx:uart_inst|rx_data[0] ; text_screen_gen:text_gen|char_ram~19272 ; CLOCK_50     ; CLOCK_50    ; 20.000       ; 0.326      ; 15.864     ;
; 4.461 ; uart_rx:uart_inst|rx_data[0] ; text_screen_gen:text_gen|char_ram~19271 ; CLOCK_50     ; CLOCK_50    ; 20.000       ; 0.326      ; 15.864     ;
; 4.461 ; uart_rx:uart_inst|rx_data[0] ; text_screen_gen:text_gen|char_ram~19276 ; CLOCK_50     ; CLOCK_50    ; 20.000       ; 0.326      ; 15.864     ;
; 4.478 ; uart_rx:uart_inst|rx_data[2] ; text_screen_gen:text_gen|char_ram~13649 ; CLOCK_50     ; CLOCK_50    ; 20.000       ; -0.066     ; 15.455     ;
; 4.478 ; uart_rx:uart_inst|rx_data[5] ; text_screen_gen:text_gen|char_ram~19270 ; CLOCK_50     ; CLOCK_50    ; 20.000       ; -0.079     ; 15.442     ;
; 4.489 ; uart_rx:uart_inst|rx_data[1] ; text_screen_gen:text_gen|char_ram~3793  ; CLOCK_50     ; CLOCK_50    ; 20.000       ; 0.380      ; 15.890     ;
; 4.495 ; uart_rx:uart_inst|rx_data[7] ; text_screen_gen:text_gen|char_ram~19270 ; CLOCK_50     ; CLOCK_50    ; 20.000       ; -0.079     ; 15.425     ;
; 4.507 ; uart_rx:uart_inst|rx_data[2] ; text_screen_gen:text_gen|char_ram~19274 ; CLOCK_50     ; CLOCK_50    ; 20.000       ; -0.056     ; 15.436     ;
; 4.518 ; uart_rx:uart_inst|rx_data[6] ; text_screen_gen:text_gen|char_ram~17928 ; CLOCK_50     ; CLOCK_50    ; 20.000       ; 0.326      ; 15.807     ;
; 4.518 ; uart_rx:uart_inst|rx_data[6] ; text_screen_gen:text_gen|char_ram~17931 ; CLOCK_50     ; CLOCK_50    ; 20.000       ; 0.326      ; 15.807     ;
; 4.526 ; uart_rx:uart_inst|rx_data[0] ; text_screen_gen:text_gen|char_ram~7625  ; CLOCK_50     ; CLOCK_50    ; 20.000       ; -0.107     ; 15.366     ;
; 4.526 ; uart_rx:uart_inst|rx_data[0] ; text_screen_gen:text_gen|char_ram~7623  ; CLOCK_50     ; CLOCK_50    ; 20.000       ; -0.107     ; 15.366     ;
; 4.526 ; uart_rx:uart_inst|rx_data[5] ; text_screen_gen:text_gen|char_ram~3793  ; CLOCK_50     ; CLOCK_50    ; 20.000       ; 0.380      ; 15.853     ;
+-------+------------------------------+-----------------------------------------+--------------+-------------+--------------+------------+------------+


+-------------------------------------------------------------------------------------------------------------------------------------------------------------------------------------------------+
; Slow 1200mV 0C Model Hold: 'CLOCK_50'                                                                                                                                                           ;
+-------+---------------------------------------------------------+---------------------------------------------------------+--------------+-------------+--------------+------------+------------+
; Slack ; From Node                                               ; To Node                                                 ; Launch Clock ; Latch Clock ; Relationship ; Clock Skew ; Data Delay ;
+-------+---------------------------------------------------------+---------------------------------------------------------+--------------+-------------+--------------+------------+------------+
; 0.344 ; lcd_driver:lcd_inst|LCD_DATA[7]                         ; lcd_driver:lcd_inst|LCD_DATA[7]                         ; CLOCK_50     ; CLOCK_50    ; 0.000        ; 0.082      ; 0.597      ;
; 0.344 ; lcd_driver:lcd_inst|LCD_DATA[6]                         ; lcd_driver:lcd_inst|LCD_DATA[6]                         ; CLOCK_50     ; CLOCK_50    ; 0.000        ; 0.082      ; 0.597      ;
; 0.344 ; lcd_driver:lcd_inst|LCD_DATA[3]                         ; lcd_driver:lcd_inst|LCD_DATA[3]                         ; CLOCK_50     ; CLOCK_50    ; 0.000        ; 0.082      ; 0.597      ;
; 0.344 ; lcd_driver:lcd_inst|LCD_DATA[2]                         ; lcd_driver:lcd_inst|LCD_DATA[2]                         ; CLOCK_50     ; CLOCK_50    ; 0.000        ; 0.082      ; 0.597      ;
; 0.344 ; lcd_driver:lcd_inst|busy                                ; lcd_driver:lcd_inst|busy                                ; CLOCK_50     ; CLOCK_50    ; 0.000        ; 0.082      ; 0.597      ;
; 0.345 ; lcd_driver:lcd_inst|LCD_RS                              ; lcd_driver:lcd_inst|LCD_RS                              ; CLOCK_50     ; CLOCK_50    ; 0.000        ; 0.081      ; 0.597      ;
; 0.345 ; lcd_driver:lcd_inst|LCD_DATA[1]                         ; lcd_driver:lcd_inst|LCD_DATA[1]                         ; CLOCK_50     ; CLOCK_50    ; 0.000        ; 0.081      ; 0.597      ;
; 0.345 ; lcd_driver:lcd_inst|LCD_DATA[0]                         ; lcd_driver:lcd_inst|LCD_DATA[0]                         ; CLOCK_50     ; CLOCK_50    ; 0.000        ; 0.081      ; 0.597      ;
; 0.345 ; lcd_driver:lcd_inst|state.S_DELAY                       ; lcd_driver:lcd_inst|state.S_DELAY                       ; CLOCK_50     ; CLOCK_50    ; 0.000        ; 0.081      ; 0.597      ;
; 0.345 ; lcd_driver:lcd_inst|state.S_INIT_1                      ; lcd_driver:lcd_inst|state.S_INIT_1                      ; CLOCK_50     ; CLOCK_50    ; 0.000        ; 0.081      ; 0.597      ;
; 0.345 ; lcd_driver:lcd_inst|state.S_PWR_UP                      ; lcd_driver:lcd_inst|state.S_PWR_UP                      ; CLOCK_50     ; CLOCK_50    ; 0.000        ; 0.081      ; 0.597      ;
; 0.345 ; lcd_driver:lcd_inst|next_state_after_delay.S_ENTRY_MODE ; lcd_driver:lcd_inst|next_state_after_delay.S_ENTRY_MODE ; CLOCK_50     ; CLOCK_50    ; 0.000        ; 0.081      ; 0.597      ;
; 0.345 ; lcd_driver:lcd_inst|next_state_after_delay.S_DISP_CLEAR ; lcd_driver:lcd_inst|next_state_after_delay.S_DISP_CLEAR ; CLOCK_50     ; CLOCK_50    ; 0.000        ; 0.081      ; 0.597      ;
; 0.345 ; lcd_driver:lcd_inst|next_state_after_delay.S_DISP_OFF   ; lcd_driver:lcd_inst|next_state_after_delay.S_DISP_OFF   ; CLOCK_50     ; CLOCK_50    ; 0.000        ; 0.081      ; 0.597      ;
; 0.345 ; lcd_driver:lcd_inst|next_state_after_delay.S_FUNC_SET   ; lcd_driver:lcd_inst|next_state_after_delay.S_FUNC_SET   ; CLOCK_50     ; CLOCK_50    ; 0.000        ; 0.081      ; 0.597      ;
; 0.345 ; lcd_driver:lcd_inst|next_state_after_delay.S_INIT_3     ; lcd_driver:lcd_inst|next_state_after_delay.S_INIT_3     ; CLOCK_50     ; CLOCK_50    ; 0.000        ; 0.081      ; 0.597      ;
; 0.345 ; lcd_driver:lcd_inst|next_state_after_delay.S_INIT_2     ; lcd_driver:lcd_inst|next_state_after_delay.S_INIT_2     ; CLOCK_50     ; CLOCK_50    ; 0.000        ; 0.081      ; 0.597      ;
; 0.345 ; lcd_driver:lcd_inst|next_state_after_delay.S_DISP_ON    ; lcd_driver:lcd_inst|next_state_after_delay.S_DISP_ON    ; CLOCK_50     ; CLOCK_50    ; 0.000        ; 0.081      ; 0.597      ;
; 0.345 ; lcd_driver:lcd_inst|next_state_after_delay.S_IDLE       ; lcd_driver:lcd_inst|next_state_after_delay.S_IDLE       ; CLOCK_50     ; CLOCK_50    ; 0.000        ; 0.081      ; 0.597      ;
; 0.346 ; uart_rx:uart_inst|rx_byte[3]                            ; uart_rx:uart_inst|rx_byte[3]                            ; CLOCK_50     ; CLOCK_50    ; 0.000        ; 0.080      ; 0.597      ;
; 0.346 ; uart_rx:uart_inst|rx_byte[7]                            ; uart_rx:uart_inst|rx_byte[7]                            ; CLOCK_50     ; CLOCK_50    ; 0.000        ; 0.080      ; 0.597      ;
; 0.346 ; uart_rx:uart_inst|rx_byte[6]                            ; uart_rx:uart_inst|rx_byte[6]                            ; CLOCK_50     ; CLOCK_50    ; 0.000        ; 0.080      ; 0.597      ;
; 0.346 ; uart_rx:uart_inst|rx_byte[0]                            ; uart_rx:uart_inst|rx_byte[0]                            ; CLOCK_50     ; CLOCK_50    ; 0.000        ; 0.080      ; 0.597      ;
; 0.346 ; uart_rx:uart_inst|rx_byte[1]                            ; uart_rx:uart_inst|rx_byte[1]                            ; CLOCK_50     ; CLOCK_50    ; 0.000        ; 0.080      ; 0.597      ;
; 0.346 ; uart_rx:uart_inst|rx_byte[2]                            ; uart_rx:uart_inst|rx_byte[2]                            ; CLOCK_50     ; CLOCK_50    ; 0.000        ; 0.080      ; 0.597      ;
; 0.346 ; uart_rx:uart_inst|rx_byte[5]                            ; uart_rx:uart_inst|rx_byte[5]                            ; CLOCK_50     ; CLOCK_50    ; 0.000        ; 0.080      ; 0.597      ;
; 0.346 ; uart_rx:uart_inst|rx_byte[4]                            ; uart_rx:uart_inst|rx_byte[4]                            ; CLOCK_50     ; CLOCK_50    ; 0.000        ; 0.080      ; 0.597      ;
; 0.346 ; uart_rx:uart_inst|state.S_IDLE                          ; uart_rx:uart_inst|state.S_IDLE                          ; CLOCK_50     ; CLOCK_50    ; 0.000        ; 0.080      ; 0.597      ;
; 0.346 ; uart_rx:uart_inst|state.S_DATA_BITS                     ; uart_rx:uart_inst|state.S_DATA_BITS                     ; CLOCK_50     ; CLOCK_50    ; 0.000        ; 0.080      ; 0.597      ;
; 0.346 ; uart_rx:uart_inst|state.S_START_BIT                     ; uart_rx:uart_inst|state.S_START_BIT                     ; CLOCK_50     ; CLOCK_50    ; 0.000        ; 0.080      ; 0.597      ;
; 0.346 ; uart_rx:uart_inst|bit_index[1]                          ; uart_rx:uart_inst|bit_index[1]                          ; CLOCK_50     ; CLOCK_50    ; 0.000        ; 0.080      ; 0.597      ;
; 0.346 ; uart_rx:uart_inst|bit_index[2]                          ; uart_rx:uart_inst|bit_index[2]                          ; CLOCK_50     ; CLOCK_50    ; 0.000        ; 0.080      ; 0.597      ;
; 0.346 ; uart_rx:uart_inst|bit_index[0]                          ; uart_rx:uart_inst|bit_index[0]                          ; CLOCK_50     ; CLOCK_50    ; 0.000        ; 0.080      ; 0.597      ;
; 0.355 ; lcd_driver:lcd_inst|state.S_WAIT_EN                     ; lcd_driver:lcd_inst|state.S_WAIT_EN                     ; CLOCK_50     ; CLOCK_50    ; 0.000        ; 0.082      ; 0.608      ;
; 0.357 ; uart_rx:uart_inst|state.S_CLEANUP                       ; uart_rx:uart_inst|state.S_CLEANUP                       ; CLOCK_50     ; CLOCK_50    ; 0.000        ; 0.080      ; 0.608      ;
; 0.382 ; lcd_driver:lcd_inst|next_state_after_delay.S_FUNC_SET   ; lcd_driver:lcd_inst|state.S_FUNC_SET                    ; CLOCK_50     ; CLOCK_50    ; 0.000        ; 0.081      ; 0.634      ;
; 0.383 ; uart_rx:uart_inst|rx_byte[0]                            ; uart_rx:uart_inst|rx_data[0]                            ; CLOCK_50     ; CLOCK_50    ; 0.000        ; 0.080      ; 0.634      ;
; 0.383 ; uart_rx:uart_inst|rx_byte[2]                            ; uart_rx:uart_inst|rx_data[2]                            ; CLOCK_50     ; CLOCK_50    ; 0.000        ; 0.080      ; 0.634      ;
; 0.384 ; uart_rx:uart_inst|rx_byte[5]                            ; uart_rx:uart_inst|rx_data[5]                            ; CLOCK_50     ; CLOCK_50    ; 0.000        ; 0.080      ; 0.635      ;
; 0.385 ; uart_rx:uart_inst|rx_byte[7]                            ; uart_rx:uart_inst|rx_data[7]                            ; CLOCK_50     ; CLOCK_50    ; 0.000        ; 0.080      ; 0.636      ;
; 0.385 ; uart_rx:uart_inst|state.S_CLEANUP                       ; uart_rx:uart_inst|state.S_STOP_BIT                      ; CLOCK_50     ; CLOCK_50    ; 0.000        ; 0.080      ; 0.636      ;
; 0.386 ; uart_rx:uart_inst|state.S_CLEANUP                       ; uart_rx:uart_inst|state.S_START_BIT                     ; CLOCK_50     ; CLOCK_50    ; 0.000        ; 0.080      ; 0.637      ;
; 0.388 ; lcd_driver:lcd_inst|cnt[19]                             ; lcd_driver:lcd_inst|cnt[19]                             ; CLOCK_50     ; CLOCK_50    ; 0.000        ; 0.082      ; 0.641      ;
; 0.389 ; uart_rx:uart_inst|state.S_CLEANUP                       ; uart_rx:uart_inst|state.S_IDLE                          ; CLOCK_50     ; CLOCK_50    ; 0.000        ; 0.080      ; 0.640      ;
; 0.400 ; uart_rx:uart_inst|state.S_DATA_BITS                     ; uart_rx:uart_inst|bit_index[0]                          ; CLOCK_50     ; CLOCK_50    ; 0.000        ; 0.080      ; 0.651      ;
; 0.401 ; lcd_driver:lcd_inst|next_state_after_delay.S_IDLE       ; lcd_driver:lcd_inst|state.S_IDLE                        ; CLOCK_50     ; CLOCK_50    ; 0.000        ; 0.081      ; 0.653      ;
; 0.415 ; lcd_char_valid                                          ; lcd_driver:lcd_inst|busy                                ; CLOCK_50     ; CLOCK_50    ; 0.000        ; 0.082      ; 0.668      ;
; 0.431 ; lcd_char_valid                                          ; lcd_driver:lcd_inst|state.S_WAIT_EN                     ; CLOCK_50     ; CLOCK_50    ; 0.000        ; 0.082      ; 0.684      ;
; 0.501 ; lcd_driver:lcd_inst|next_state_after_delay.S_ENTRY_MODE ; lcd_driver:lcd_inst|state.S_ENTRY_MODE                  ; CLOCK_50     ; CLOCK_50    ; 0.000        ; 0.081      ; 0.753      ;
; 0.501 ; lcd_driver:lcd_inst|next_state_after_delay.S_INIT_3     ; lcd_driver:lcd_inst|state.S_INIT_3                      ; CLOCK_50     ; CLOCK_50    ; 0.000        ; 0.081      ; 0.753      ;
; 0.502 ; lcd_driver:lcd_inst|next_state_after_delay.S_DISP_OFF   ; lcd_driver:lcd_inst|state.S_DISP_OFF                    ; CLOCK_50     ; CLOCK_50    ; 0.000        ; 0.081      ; 0.754      ;
; 0.535 ; uart_rx:uart_inst|rx_byte[1]                            ; uart_rx:uart_inst|rx_data[1]                            ; CLOCK_50     ; CLOCK_50    ; 0.000        ; 0.079      ; 0.785      ;
; 0.541 ; uart_rx:uart_inst|rx_byte[6]                            ; uart_rx:uart_inst|rx_data[6]                            ; CLOCK_50     ; CLOCK_50    ; 0.000        ; 0.080      ; 0.792      ;
; 0.542 ; uart_rx:uart_inst|rx_byte[4]                            ; uart_rx:uart_inst|rx_data[4]                            ; CLOCK_50     ; CLOCK_50    ; 0.000        ; 0.080      ; 0.793      ;
; 0.544 ; uart_rx:uart_inst|rx_byte[3]                            ; uart_rx:uart_inst|rx_data[3]                            ; CLOCK_50     ; CLOCK_50    ; 0.000        ; 0.080      ; 0.795      ;
; 0.577 ; uart_rx:uart_inst|rx_data[2]                            ; text_screen_gen:text_gen|char_ram~14219                 ; CLOCK_50     ; CLOCK_50    ; 0.000        ; 0.078      ; 0.826      ;
; 0.578 ; lcd_char_data[7]                                        ; lcd_driver:lcd_inst|LCD_DATA[7]                         ; CLOCK_50     ; CLOCK_50    ; 0.000        ; 0.082      ; 0.831      ;
; 0.579 ; lcd_driver:lcd_inst|next_state_after_delay.S_DISP_ON    ; lcd_driver:lcd_inst|state.S_DISP_ON                     ; CLOCK_50     ; CLOCK_50    ; 0.000        ; 0.081      ; 0.831      ;
; 0.584 ; lcd_driver:lcd_inst|cnt[1]                              ; lcd_driver:lcd_inst|cnt[1]                              ; CLOCK_50     ; CLOCK_50    ; 0.000        ; 0.081      ; 0.836      ;
; 0.586 ; lcd_driver:lcd_inst|cnt[2]                              ; lcd_driver:lcd_inst|cnt[2]                              ; CLOCK_50     ; CLOCK_50    ; 0.000        ; 0.081      ; 0.838      ;
; 0.592 ; lcd_driver:lcd_inst|cnt[17]                             ; lcd_driver:lcd_inst|cnt[17]                             ; CLOCK_50     ; CLOCK_50    ; 0.000        ; 0.082      ; 0.845      ;
; 0.593 ; lcd_driver:lcd_inst|cnt[9]                              ; lcd_driver:lcd_inst|cnt[9]                              ; CLOCK_50     ; CLOCK_50    ; 0.000        ; 0.081      ; 0.845      ;
; 0.593 ; lcd_driver:lcd_inst|cnt[13]                             ; lcd_driver:lcd_inst|cnt[13]                             ; CLOCK_50     ; CLOCK_50    ; 0.000        ; 0.082      ; 0.846      ;
; 0.594 ; uart_rx:uart_inst|clk_cnt[13]                           ; uart_rx:uart_inst|clk_cnt[13]                           ; CLOCK_50     ; CLOCK_50    ; 0.000        ; 0.081      ; 0.846      ;
; 0.594 ; uart_rx:uart_inst|clk_cnt[3]                            ; uart_rx:uart_inst|clk_cnt[3]                            ; CLOCK_50     ; CLOCK_50    ; 0.000        ; 0.081      ; 0.846      ;
; 0.594 ; uart_rx:uart_inst|clk_cnt[5]                            ; uart_rx:uart_inst|clk_cnt[5]                            ; CLOCK_50     ; CLOCK_50    ; 0.000        ; 0.081      ; 0.846      ;
; 0.595 ; lcd_driver:lcd_inst|cnt[11]                             ; lcd_driver:lcd_inst|cnt[11]                             ; CLOCK_50     ; CLOCK_50    ; 0.000        ; 0.082      ; 0.848      ;
; 0.595 ; uart_rx:uart_inst|clk_cnt[1]                            ; uart_rx:uart_inst|clk_cnt[1]                            ; CLOCK_50     ; CLOCK_50    ; 0.000        ; 0.081      ; 0.847      ;
; 0.595 ; uart_rx:uart_inst|clk_cnt[6]                            ; uart_rx:uart_inst|clk_cnt[6]                            ; CLOCK_50     ; CLOCK_50    ; 0.000        ; 0.081      ; 0.847      ;
; 0.595 ; uart_rx:uart_inst|clk_cnt[11]                           ; uart_rx:uart_inst|clk_cnt[11]                           ; CLOCK_50     ; CLOCK_50    ; 0.000        ; 0.081      ; 0.847      ;
; 0.595 ; uart_rx:uart_inst|clk_cnt[15]                           ; uart_rx:uart_inst|clk_cnt[15]                           ; CLOCK_50     ; CLOCK_50    ; 0.000        ; 0.081      ; 0.847      ;
; 0.596 ; lcd_driver:lcd_inst|cnt[10]                             ; lcd_driver:lcd_inst|cnt[10]                             ; CLOCK_50     ; CLOCK_50    ; 0.000        ; 0.082      ; 0.849      ;
; 0.597 ; lcd_driver:lcd_inst|cnt[12]                             ; lcd_driver:lcd_inst|cnt[12]                             ; CLOCK_50     ; CLOCK_50    ; 0.000        ; 0.082      ; 0.850      ;
; 0.597 ; lcd_driver:lcd_inst|state.S_INIT_2                      ; lcd_driver:lcd_inst|next_state_after_delay.S_INIT_3     ; CLOCK_50     ; CLOCK_50    ; 0.000        ; 0.081      ; 0.849      ;
; 0.597 ; uart_rx:uart_inst|clk_cnt[7]                            ; uart_rx:uart_inst|clk_cnt[7]                            ; CLOCK_50     ; CLOCK_50    ; 0.000        ; 0.081      ; 0.849      ;
; 0.597 ; uart_rx:uart_inst|clk_cnt[9]                            ; uart_rx:uart_inst|clk_cnt[9]                            ; CLOCK_50     ; CLOCK_50    ; 0.000        ; 0.081      ; 0.849      ;
; 0.598 ; lcd_driver:lcd_inst|cnt[14]                             ; lcd_driver:lcd_inst|cnt[14]                             ; CLOCK_50     ; CLOCK_50    ; 0.000        ; 0.082      ; 0.851      ;
; 0.598 ; uart_rx:uart_inst|clk_cnt[2]                            ; uart_rx:uart_inst|clk_cnt[2]                            ; CLOCK_50     ; CLOCK_50    ; 0.000        ; 0.081      ; 0.850      ;
; 0.598 ; uart_rx:uart_inst|clk_cnt[4]                            ; uart_rx:uart_inst|clk_cnt[4]                            ; CLOCK_50     ; CLOCK_50    ; 0.000        ; 0.081      ; 0.850      ;
; 0.598 ; uart_rx:uart_inst|clk_cnt[14]                           ; uart_rx:uart_inst|clk_cnt[14]                           ; CLOCK_50     ; CLOCK_50    ; 0.000        ; 0.081      ; 0.850      ;
; 0.599 ; lcd_driver:lcd_inst|cnt[7]                              ; lcd_driver:lcd_inst|cnt[7]                              ; CLOCK_50     ; CLOCK_50    ; 0.000        ; 0.081      ; 0.851      ;
; 0.599 ; uart_rx:uart_inst|clk_cnt[8]                            ; uart_rx:uart_inst|clk_cnt[8]                            ; CLOCK_50     ; CLOCK_50    ; 0.000        ; 0.081      ; 0.851      ;
; 0.599 ; uart_rx:uart_inst|clk_cnt[10]                           ; uart_rx:uart_inst|clk_cnt[10]                           ; CLOCK_50     ; CLOCK_50    ; 0.000        ; 0.081      ; 0.851      ;
; 0.599 ; uart_rx:uart_inst|clk_cnt[12]                           ; uart_rx:uart_inst|clk_cnt[12]                           ; CLOCK_50     ; CLOCK_50    ; 0.000        ; 0.081      ; 0.851      ;
; 0.600 ; lcd_driver:lcd_inst|cnt[18]                             ; lcd_driver:lcd_inst|cnt[18]                             ; CLOCK_50     ; CLOCK_50    ; 0.000        ; 0.082      ; 0.853      ;
; 0.600 ; lcd_driver:lcd_inst|cnt[5]                              ; lcd_driver:lcd_inst|cnt[5]                              ; CLOCK_50     ; CLOCK_50    ; 0.000        ; 0.081      ; 0.852      ;
; 0.602 ; lcd_driver:lcd_inst|state.S_DISP_CLEAR                  ; lcd_driver:lcd_inst|next_state_after_delay.S_ENTRY_MODE ; CLOCK_50     ; CLOCK_50    ; 0.000        ; 0.081      ; 0.854      ;
; 0.603 ; lcd_driver:lcd_inst|cnt[0]                              ; lcd_driver:lcd_inst|cnt[0]                              ; CLOCK_50     ; CLOCK_50    ; 0.000        ; 0.081      ; 0.855      ;
; 0.603 ; lcd_driver:lcd_inst|cnt[3]                              ; lcd_driver:lcd_inst|cnt[3]                              ; CLOCK_50     ; CLOCK_50    ; 0.000        ; 0.081      ; 0.855      ;
; 0.603 ; lcd_driver:lcd_inst|cnt[16]                             ; lcd_driver:lcd_inst|cnt[16]                             ; CLOCK_50     ; CLOCK_50    ; 0.000        ; 0.082      ; 0.856      ;
; 0.605 ; lcd_driver:lcd_inst|cnt[6]                              ; lcd_driver:lcd_inst|cnt[6]                              ; CLOCK_50     ; CLOCK_50    ; 0.000        ; 0.081      ; 0.857      ;
; 0.611 ; lcd_driver:lcd_inst|cnt[4]                              ; lcd_driver:lcd_inst|cnt[4]                              ; CLOCK_50     ; CLOCK_50    ; 0.000        ; 0.081      ; 0.863      ;
; 0.613 ; lcd_driver:lcd_inst|state.S_WAIT_EN                     ; lcd_driver:lcd_inst|state.S_HOLD                        ; CLOCK_50     ; CLOCK_50    ; 0.000        ; 0.082      ; 0.866      ;
; 0.618 ; uart_rx:uart_inst|clk_cnt[0]                            ; uart_rx:uart_inst|clk_cnt[0]                            ; CLOCK_50     ; CLOCK_50    ; 0.000        ; 0.081      ; 0.870      ;
; 0.622 ; lcd_driver:lcd_inst|state.S_INIT_1                      ; lcd_driver:lcd_inst|next_state_after_delay.S_INIT_2     ; CLOCK_50     ; CLOCK_50    ; 0.000        ; 0.081      ; 0.874      ;
; 0.626 ; lcd_driver:lcd_inst|state.S_IDLE                        ; lcd_driver:lcd_inst|LCD_RS                              ; CLOCK_50     ; CLOCK_50    ; 0.000        ; 0.081      ; 0.878      ;
; 0.651 ; lcd_char_valid                                          ; lcd_driver:lcd_inst|state.S_HOLD                        ; CLOCK_50     ; CLOCK_50    ; 0.000        ; 0.082      ; 0.904      ;
; 0.652 ; lcd_driver:lcd_inst|next_state_after_delay.S_DISP_CLEAR ; lcd_driver:lcd_inst|state.S_DISP_CLEAR                  ; CLOCK_50     ; CLOCK_50    ; 0.000        ; 0.081      ; 0.904      ;
; 0.657 ; uart_rx:uart_inst|state.S_IDLE                          ; uart_rx:uart_inst|bit_index[0]                          ; CLOCK_50     ; CLOCK_50    ; 0.000        ; 0.080      ; 0.908      ;
; 0.716 ; lcd_char_data[5]                                        ; lcd_driver:lcd_inst|LCD_DATA[5]                         ; CLOCK_50     ; CLOCK_50    ; 0.000        ; 0.087      ; 0.974      ;
+-------+---------------------------------------------------------+---------------------------------------------------------+--------------+-------------+--------------+------------+------------+


+--------------------------------------------------------------------------------------------------------------------------------------------------------------------------------------------------------------------------------+
; Slow 1200mV 0C Model Hold: 'pll_inst|altpll_component|auto_generated|pll1|clk[0]'                                                                                                                                              ;
+-------+--------------------------------+--------------------------------+------------------------------------------------------+------------------------------------------------------+--------------+------------+------------+
; Slack ; From Node                      ; To Node                        ; Launch Clock                                         ; Latch Clock                                          ; Relationship ; Clock Skew ; Data Delay ;
+-------+--------------------------------+--------------------------------+------------------------------------------------------+------------------------------------------------------+--------------+------------+------------+
; 0.576 ; vga_controller:vga_c|h_cnt[1]  ; vga_controller:vga_c|h_cnt[1]  ; pll_inst|altpll_component|auto_generated|pll1|clk[0] ; pll_inst|altpll_component|auto_generated|pll1|clk[0] ; 0.000        ; 0.098      ; 0.845      ;
; 0.579 ; vga_controller:vga_c|h_cnt[5]  ; vga_controller:vga_c|h_cnt[5]  ; pll_inst|altpll_component|auto_generated|pll1|clk[0] ; pll_inst|altpll_component|auto_generated|pll1|clk[0] ; 0.000        ; 0.098      ; 0.848      ;
; 0.581 ; vga_controller:vga_c|h_cnt[2]  ; vga_controller:vga_c|h_cnt[2]  ; pll_inst|altpll_component|auto_generated|pll1|clk[0] ; pll_inst|altpll_component|auto_generated|pll1|clk[0] ; 0.000        ; 0.098      ; 0.850      ;
; 0.595 ; vga_controller:vga_c|v_cnt[3]  ; vga_controller:vga_c|v_cnt[3]  ; pll_inst|altpll_component|auto_generated|pll1|clk[0] ; pll_inst|altpll_component|auto_generated|pll1|clk[0] ; 0.000        ; 0.082      ; 0.848      ;
; 0.597 ; vga_controller:vga_c|v_cnt[4]  ; vga_controller:vga_c|v_cnt[4]  ; pll_inst|altpll_component|auto_generated|pll1|clk[0] ; pll_inst|altpll_component|auto_generated|pll1|clk[0] ; 0.000        ; 0.082      ; 0.850      ;
; 0.601 ; vga_controller:vga_c|h_cnt[0]  ; vga_controller:vga_c|h_cnt[0]  ; pll_inst|altpll_component|auto_generated|pll1|clk[0] ; pll_inst|altpll_component|auto_generated|pll1|clk[0] ; 0.000        ; 0.098      ; 0.870      ;
; 0.611 ; vga_controller:vga_c|v_cnt[1]  ; vga_controller:vga_c|v_cnt[1]  ; pll_inst|altpll_component|auto_generated|pll1|clk[0] ; pll_inst|altpll_component|auto_generated|pll1|clk[0] ; 0.000        ; 0.082      ; 0.864      ;
; 0.862 ; vga_controller:vga_c|h_cnt[1]  ; vga_controller:vga_c|h_cnt[2]  ; pll_inst|altpll_component|auto_generated|pll1|clk[0] ; pll_inst|altpll_component|auto_generated|pll1|clk[0] ; 0.000        ; 0.098      ; 1.131      ;
; 0.868 ; vga_controller:vga_c|h_cnt[0]  ; vga_controller:vga_c|h_cnt[1]  ; pll_inst|altpll_component|auto_generated|pll1|clk[0] ; pll_inst|altpll_component|auto_generated|pll1|clk[0] ; 0.000        ; 0.098      ; 1.137      ;
; 0.879 ; vga_controller:vga_c|h_cnt[0]  ; vga_controller:vga_c|h_cnt[2]  ; pll_inst|altpll_component|auto_generated|pll1|clk[0] ; pll_inst|altpll_component|auto_generated|pll1|clk[0] ; 0.000        ; 0.098      ; 1.148      ;
; 0.882 ; vga_controller:vga_c|v_cnt[3]  ; vga_controller:vga_c|v_cnt[4]  ; pll_inst|altpll_component|auto_generated|pll1|clk[0] ; pll_inst|altpll_component|auto_generated|pll1|clk[0] ; 0.000        ; 0.082      ; 1.135      ;
; 0.884 ; vga_controller:vga_c|v_cnt[2]  ; vga_controller:vga_c|v_cnt[3]  ; pll_inst|altpll_component|auto_generated|pll1|clk[0] ; pll_inst|altpll_component|auto_generated|pll1|clk[0] ; 0.000        ; 0.082      ; 1.137      ;
; 0.884 ; vga_controller:vga_c|v_cnt[0]  ; vga_controller:vga_c|v_cnt[1]  ; pll_inst|altpll_component|auto_generated|pll1|clk[0] ; pll_inst|altpll_component|auto_generated|pll1|clk[0] ; 0.000        ; 0.082      ; 1.137      ;
; 0.889 ; vga_controller:vga_c|h_cnt[4]  ; vga_controller:vga_c|h_cnt[5]  ; pll_inst|altpll_component|auto_generated|pll1|clk[0] ; pll_inst|altpll_component|auto_generated|pll1|clk[0] ; 0.000        ; 0.098      ; 1.158      ;
; 0.893 ; vga_controller:vga_c|h_cnt[3]  ; vga_controller:vga_c|h_cnt[3]  ; pll_inst|altpll_component|auto_generated|pll1|clk[0] ; pll_inst|altpll_component|auto_generated|pll1|clk[0] ; 0.000        ; 0.098      ; 1.162      ;
; 0.895 ; vga_controller:vga_c|v_cnt[2]  ; vga_controller:vga_c|v_cnt[4]  ; pll_inst|altpll_component|auto_generated|pll1|clk[0] ; pll_inst|altpll_component|auto_generated|pll1|clk[0] ; 0.000        ; 0.082      ; 1.148      ;
; 0.918 ; vga_controller:vga_c|h_cnt[4]  ; vga_controller:vga_c|h_cnt[4]  ; pll_inst|altpll_component|auto_generated|pll1|clk[0] ; pll_inst|altpll_component|auto_generated|pll1|clk[0] ; 0.000        ; 0.098      ; 1.187      ;
; 0.964 ; vga_controller:vga_c|h_cnt[3]  ; vga_controller:vga_c|h_cnt[5]  ; pll_inst|altpll_component|auto_generated|pll1|clk[0] ; pll_inst|altpll_component|auto_generated|pll1|clk[0] ; 0.000        ; 0.098      ; 1.233      ;
; 0.979 ; vga_controller:vga_c|h_cnt[2]  ; vga_controller:vga_c|h_cnt[5]  ; pll_inst|altpll_component|auto_generated|pll1|clk[0] ; pll_inst|altpll_component|auto_generated|pll1|clk[0] ; 0.000        ; 0.098      ; 1.248      ;
; 0.993 ; vga_controller:vga_c|v_cnt[1]  ; vga_controller:vga_c|v_cnt[3]  ; pll_inst|altpll_component|auto_generated|pll1|clk[0] ; pll_inst|altpll_component|auto_generated|pll1|clk[0] ; 0.000        ; 0.082      ; 1.246      ;
; 0.994 ; vga_controller:vga_c|v_cnt[0]  ; vga_controller:vga_c|v_cnt[3]  ; pll_inst|altpll_component|auto_generated|pll1|clk[0] ; pll_inst|altpll_component|auto_generated|pll1|clk[0] ; 0.000        ; 0.082      ; 1.247      ;
; 1.005 ; vga_controller:vga_c|v_cnt[0]  ; vga_controller:vga_c|v_cnt[4]  ; pll_inst|altpll_component|auto_generated|pll1|clk[0] ; pll_inst|altpll_component|auto_generated|pll1|clk[0] ; 0.000        ; 0.082      ; 1.258      ;
; 1.007 ; vga_controller:vga_c|v_cnt[1]  ; vga_controller:vga_c|v_cnt[4]  ; pll_inst|altpll_component|auto_generated|pll1|clk[0] ; pll_inst|altpll_component|auto_generated|pll1|clk[0] ; 0.000        ; 0.082      ; 1.260      ;
; 1.056 ; vga_controller:vga_c|h_cnt[11] ; vga_controller:vga_c|h_sync    ; pll_inst|altpll_component|auto_generated|pll1|clk[0] ; pll_inst|altpll_component|auto_generated|pll1|clk[0] ; 0.000        ; 0.078      ; 1.305      ;
; 1.057 ; vga_controller:vga_c|v_cnt[0]  ; vga_controller:vga_c|v_cnt[0]  ; pll_inst|altpll_component|auto_generated|pll1|clk[0] ; pll_inst|altpll_component|auto_generated|pll1|clk[0] ; 0.000        ; 0.082      ; 1.310      ;
; 1.069 ; vga_controller:vga_c|h_cnt[1]  ; vga_controller:vga_c|h_cnt[5]  ; pll_inst|altpll_component|auto_generated|pll1|clk[0] ; pll_inst|altpll_component|auto_generated|pll1|clk[0] ; 0.000        ; 0.098      ; 1.338      ;
; 1.088 ; vga_controller:vga_c|h_cnt[0]  ; vga_controller:vga_c|h_cnt[5]  ; pll_inst|altpll_component|auto_generated|pll1|clk[0] ; pll_inst|altpll_component|auto_generated|pll1|clk[0] ; 0.000        ; 0.098      ; 1.357      ;
; 1.106 ; vga_controller:vga_c|v_cnt[2]  ; vga_controller:vga_c|v_cnt[2]  ; pll_inst|altpll_component|auto_generated|pll1|clk[0] ; pll_inst|altpll_component|auto_generated|pll1|clk[0] ; 0.000        ; 0.082      ; 1.359      ;
; 1.166 ; vga_controller:vga_c|h_cnt[2]  ; vga_controller:vga_c|h_cnt[3]  ; pll_inst|altpll_component|auto_generated|pll1|clk[0] ; pll_inst|altpll_component|auto_generated|pll1|clk[0] ; 0.000        ; 0.098      ; 1.435      ;
; 1.181 ; vga_controller:vga_c|h_cnt[3]  ; vga_controller:vga_c|h_cnt[4]  ; pll_inst|altpll_component|auto_generated|pll1|clk[0] ; pll_inst|altpll_component|auto_generated|pll1|clk[0] ; 0.000        ; 0.098      ; 1.450      ;
; 1.196 ; vga_controller:vga_c|h_cnt[2]  ; vga_controller:vga_c|h_cnt[4]  ; pll_inst|altpll_component|auto_generated|pll1|clk[0] ; pll_inst|altpll_component|auto_generated|pll1|clk[0] ; 0.000        ; 0.098      ; 1.465      ;
; 1.240 ; vga_controller:vga_c|h_cnt[11] ; vga_controller:vga_c|h_cnt[11] ; pll_inst|altpll_component|auto_generated|pll1|clk[0] ; pll_inst|altpll_component|auto_generated|pll1|clk[0] ; 0.000        ; 0.082      ; 1.493      ;
; 1.258 ; vga_controller:vga_c|h_cnt[1]  ; vga_controller:vga_c|h_cnt[3]  ; pll_inst|altpll_component|auto_generated|pll1|clk[0] ; pll_inst|altpll_component|auto_generated|pll1|clk[0] ; 0.000        ; 0.098      ; 1.527      ;
; 1.260 ; vga_controller:vga_c|v_cnt[6]  ; vga_controller:vga_c|v_sync    ; pll_inst|altpll_component|auto_generated|pll1|clk[0] ; pll_inst|altpll_component|auto_generated|pll1|clk[0] ; 0.000        ; 0.082      ; 1.513      ;
; 1.275 ; vga_controller:vga_c|h_cnt[0]  ; vga_controller:vga_c|h_cnt[3]  ; pll_inst|altpll_component|auto_generated|pll1|clk[0] ; pll_inst|altpll_component|auto_generated|pll1|clk[0] ; 0.000        ; 0.098      ; 1.544      ;
; 1.288 ; vga_controller:vga_c|h_cnt[1]  ; vga_controller:vga_c|h_cnt[4]  ; pll_inst|altpll_component|auto_generated|pll1|clk[0] ; pll_inst|altpll_component|auto_generated|pll1|clk[0] ; 0.000        ; 0.098      ; 1.557      ;
; 1.288 ; vga_controller:vga_c|v_cnt[5]  ; vga_controller:vga_c|v_sync    ; pll_inst|altpll_component|auto_generated|pll1|clk[0] ; pll_inst|altpll_component|auto_generated|pll1|clk[0] ; 0.000        ; 0.082      ; 1.541      ;
; 1.300 ; vga_controller:vga_c|v_cnt[4]  ; vga_controller:vga_c|v_sync    ; pll_inst|altpll_component|auto_generated|pll1|clk[0] ; pll_inst|altpll_component|auto_generated|pll1|clk[0] ; 0.000        ; 0.082      ; 1.553      ;
; 1.305 ; vga_controller:vga_c|h_cnt[0]  ; vga_controller:vga_c|h_cnt[4]  ; pll_inst|altpll_component|auto_generated|pll1|clk[0] ; pll_inst|altpll_component|auto_generated|pll1|clk[0] ; 0.000        ; 0.098      ; 1.574      ;
; 1.352 ; vga_controller:vga_c|v_cnt[11] ; vga_controller:vga_c|v_sync    ; pll_inst|altpll_component|auto_generated|pll1|clk[0] ; pll_inst|altpll_component|auto_generated|pll1|clk[0] ; 0.000        ; 0.082      ; 1.605      ;
; 1.355 ; vga_controller:vga_c|h_cnt[6]  ; vga_controller:vga_c|h_cnt[6]  ; pll_inst|altpll_component|auto_generated|pll1|clk[0] ; pll_inst|altpll_component|auto_generated|pll1|clk[0] ; 0.000        ; 0.098      ; 1.624      ;
; 1.373 ; vga_controller:vga_c|h_cnt[8]  ; vga_controller:vga_c|h_cnt[8]  ; pll_inst|altpll_component|auto_generated|pll1|clk[0] ; pll_inst|altpll_component|auto_generated|pll1|clk[0] ; 0.000        ; 0.082      ; 1.626      ;
; 1.405 ; vga_controller:vga_c|v_cnt[0]  ; vga_controller:vga_c|v_cnt[2]  ; pll_inst|altpll_component|auto_generated|pll1|clk[0] ; pll_inst|altpll_component|auto_generated|pll1|clk[0] ; 0.000        ; 0.082      ; 1.658      ;
; 1.407 ; vga_controller:vga_c|v_cnt[1]  ; vga_controller:vga_c|v_cnt[2]  ; pll_inst|altpll_component|auto_generated|pll1|clk[0] ; pll_inst|altpll_component|auto_generated|pll1|clk[0] ; 0.000        ; 0.082      ; 1.660      ;
; 1.448 ; vga_controller:vga_c|v_cnt[10] ; vga_controller:vga_c|v_sync    ; pll_inst|altpll_component|auto_generated|pll1|clk[0] ; pll_inst|altpll_component|auto_generated|pll1|clk[0] ; 0.000        ; 0.082      ; 1.701      ;
; 1.475 ; vga_controller:vga_c|v_cnt[2]  ; vga_controller:vga_c|v_sync    ; pll_inst|altpll_component|auto_generated|pll1|clk[0] ; pll_inst|altpll_component|auto_generated|pll1|clk[0] ; 0.000        ; 0.082      ; 1.728      ;
; 1.482 ; vga_controller:vga_c|h_cnt[5]  ; vga_controller:vga_c|h_cnt[6]  ; pll_inst|altpll_component|auto_generated|pll1|clk[0] ; pll_inst|altpll_component|auto_generated|pll1|clk[0] ; 0.000        ; 0.098      ; 1.751      ;
; 1.498 ; vga_controller:vga_c|v_cnt[1]  ; vga_controller:vga_c|v_sync    ; pll_inst|altpll_component|auto_generated|pll1|clk[0] ; pll_inst|altpll_component|auto_generated|pll1|clk[0] ; 0.000        ; 0.082      ; 1.751      ;
; 1.516 ; vga_controller:vga_c|h_cnt[4]  ; vga_controller:vga_c|h_cnt[6]  ; pll_inst|altpll_component|auto_generated|pll1|clk[0] ; pll_inst|altpll_component|auto_generated|pll1|clk[0] ; 0.000        ; 0.098      ; 1.785      ;
; 1.517 ; vga_controller:vga_c|h_cnt[10] ; vga_controller:vga_c|h_cnt[11] ; pll_inst|altpll_component|auto_generated|pll1|clk[0] ; pll_inst|altpll_component|auto_generated|pll1|clk[0] ; 0.000        ; 0.082      ; 1.770      ;
; 1.518 ; vga_controller:vga_c|v_cnt[3]  ; vga_controller:vga_c|v_sync    ; pll_inst|altpll_component|auto_generated|pll1|clk[0] ; pll_inst|altpll_component|auto_generated|pll1|clk[0] ; 0.000        ; 0.082      ; 1.771      ;
; 1.553 ; vga_controller:vga_c|v_cnt[0]  ; vga_controller:vga_c|v_sync    ; pll_inst|altpll_component|auto_generated|pll1|clk[0] ; pll_inst|altpll_component|auto_generated|pll1|clk[0] ; 0.000        ; 0.082      ; 1.806      ;
; 1.586 ; vga_controller:vga_c|h_cnt[9]  ; vga_controller:vga_c|h_cnt[11] ; pll_inst|altpll_component|auto_generated|pll1|clk[0] ; pll_inst|altpll_component|auto_generated|pll1|clk[0] ; 0.000        ; 0.082      ; 1.839      ;
; 1.591 ; vga_controller:vga_c|h_cnt[3]  ; vga_controller:vga_c|h_cnt[6]  ; pll_inst|altpll_component|auto_generated|pll1|clk[0] ; pll_inst|altpll_component|auto_generated|pll1|clk[0] ; 0.000        ; 0.098      ; 1.860      ;
; 1.591 ; vga_controller:vga_c|h_cnt[8]  ; vga_controller:vga_c|h_cnt[11] ; pll_inst|altpll_component|auto_generated|pll1|clk[0] ; pll_inst|altpll_component|auto_generated|pll1|clk[0] ; 0.000        ; 0.082      ; 1.844      ;
; 1.592 ; vga_controller:vga_c|v_cnt[11] ; vga_controller:vga_c|v_cnt[11] ; pll_inst|altpll_component|auto_generated|pll1|clk[0] ; pll_inst|altpll_component|auto_generated|pll1|clk[0] ; 0.000        ; 0.082      ; 1.845      ;
; 1.596 ; vga_controller:vga_c|h_cnt[7]  ; vga_controller:vga_c|h_sync    ; pll_inst|altpll_component|auto_generated|pll1|clk[0] ; pll_inst|altpll_component|auto_generated|pll1|clk[0] ; 0.000        ; 0.078      ; 1.845      ;
; 1.602 ; vga_controller:vga_c|h_cnt[10] ; vga_controller:vga_c|h_cnt[10] ; pll_inst|altpll_component|auto_generated|pll1|clk[0] ; pll_inst|altpll_component|auto_generated|pll1|clk[0] ; 0.000        ; 0.082      ; 1.855      ;
; 1.606 ; vga_controller:vga_c|h_cnt[2]  ; vga_controller:vga_c|h_cnt[6]  ; pll_inst|altpll_component|auto_generated|pll1|clk[0] ; pll_inst|altpll_component|auto_generated|pll1|clk[0] ; 0.000        ; 0.098      ; 1.875      ;
; 1.630 ; vga_controller:vga_c|v_cnt[5]  ; vga_controller:vga_c|v_cnt[2]  ; pll_inst|altpll_component|auto_generated|pll1|clk[0] ; pll_inst|altpll_component|auto_generated|pll1|clk[0] ; 0.000        ; 0.082      ; 1.883      ;
; 1.660 ; vga_controller:vga_c|h_cnt[6]  ; vga_controller:vga_c|h_sync    ; pll_inst|altpll_component|auto_generated|pll1|clk[0] ; pll_inst|altpll_component|auto_generated|pll1|clk[0] ; 0.000        ; -0.301     ; 1.530      ;
; 1.682 ; vga_controller:vga_c|h_cnt[9]  ; vga_controller:vga_c|h_sync    ; pll_inst|altpll_component|auto_generated|pll1|clk[0] ; pll_inst|altpll_component|auto_generated|pll1|clk[0] ; 0.000        ; 0.078      ; 1.931      ;
; 1.698 ; vga_controller:vga_c|h_cnt[1]  ; vga_controller:vga_c|h_cnt[6]  ; pll_inst|altpll_component|auto_generated|pll1|clk[0] ; pll_inst|altpll_component|auto_generated|pll1|clk[0] ; 0.000        ; 0.098      ; 1.967      ;
; 1.715 ; vga_controller:vga_c|h_cnt[0]  ; vga_controller:vga_c|h_cnt[6]  ; pll_inst|altpll_component|auto_generated|pll1|clk[0] ; pll_inst|altpll_component|auto_generated|pll1|clk[0] ; 0.000        ; 0.098      ; 1.984      ;
; 1.726 ; vga_controller:vga_c|h_cnt[2]  ; vga_controller:vga_c|h_sync    ; pll_inst|altpll_component|auto_generated|pll1|clk[0] ; pll_inst|altpll_component|auto_generated|pll1|clk[0] ; 0.000        ; -0.301     ; 1.596      ;
; 1.727 ; vga_controller:vga_c|v_cnt[8]  ; vga_controller:vga_c|v_cnt[8]  ; pll_inst|altpll_component|auto_generated|pll1|clk[0] ; pll_inst|altpll_component|auto_generated|pll1|clk[0] ; 0.000        ; 0.082      ; 1.980      ;
; 1.732 ; vga_controller:vga_c|h_cnt[4]  ; vga_controller:vga_c|h_sync    ; pll_inst|altpll_component|auto_generated|pll1|clk[0] ; pll_inst|altpll_component|auto_generated|pll1|clk[0] ; 0.000        ; -0.301     ; 1.602      ;
; 1.734 ; vga_controller:vga_c|v_cnt[5]  ; vga_controller:vga_c|v_cnt[0]  ; pll_inst|altpll_component|auto_generated|pll1|clk[0] ; pll_inst|altpll_component|auto_generated|pll1|clk[0] ; 0.000        ; 0.082      ; 1.987      ;
; 1.736 ; vga_controller:vga_c|v_cnt[9]  ; vga_controller:vga_c|v_sync    ; pll_inst|altpll_component|auto_generated|pll1|clk[0] ; pll_inst|altpll_component|auto_generated|pll1|clk[0] ; 0.000        ; 0.082      ; 1.989      ;
; 1.753 ; vga_controller:vga_c|h_cnt[10] ; vga_controller:vga_c|h_sync    ; pll_inst|altpll_component|auto_generated|pll1|clk[0] ; pll_inst|altpll_component|auto_generated|pll1|clk[0] ; 0.000        ; 0.078      ; 2.002      ;
; 1.802 ; vga_controller:vga_c|v_cnt[4]  ; vga_controller:vga_c|v_cnt[8]  ; pll_inst|altpll_component|auto_generated|pll1|clk[0] ; pll_inst|altpll_component|auto_generated|pll1|clk[0] ; 0.000        ; 0.082      ; 2.055      ;
; 1.837 ; vga_controller:vga_c|v_cnt[10] ; vga_controller:vga_c|v_cnt[10] ; pll_inst|altpll_component|auto_generated|pll1|clk[0] ; pll_inst|altpll_component|auto_generated|pll1|clk[0] ; 0.000        ; 0.082      ; 2.090      ;
; 1.849 ; vga_controller:vga_c|h_cnt[5]  ; vga_controller:vga_c|h_sync    ; pll_inst|altpll_component|auto_generated|pll1|clk[0] ; pll_inst|altpll_component|auto_generated|pll1|clk[0] ; 0.000        ; -0.301     ; 1.719      ;
; 1.862 ; vga_controller:vga_c|v_cnt[7]  ; vga_controller:vga_c|v_sync    ; pll_inst|altpll_component|auto_generated|pll1|clk[0] ; pll_inst|altpll_component|auto_generated|pll1|clk[0] ; 0.000        ; 0.082      ; 2.115      ;
; 1.891 ; vga_controller:vga_c|h_cnt[8]  ; vga_controller:vga_c|h_cnt[10] ; pll_inst|altpll_component|auto_generated|pll1|clk[0] ; pll_inst|altpll_component|auto_generated|pll1|clk[0] ; 0.000        ; 0.082      ; 2.144      ;
; 1.898 ; vga_controller:vga_c|v_cnt[3]  ; vga_controller:vga_c|v_cnt[8]  ; pll_inst|altpll_component|auto_generated|pll1|clk[0] ; pll_inst|altpll_component|auto_generated|pll1|clk[0] ; 0.000        ; 0.082      ; 2.151      ;
; 1.904 ; vga_controller:vga_c|h_cnt[9]  ; vga_controller:vga_c|h_cnt[10] ; pll_inst|altpll_component|auto_generated|pll1|clk[0] ; pll_inst|altpll_component|auto_generated|pll1|clk[0] ; 0.000        ; 0.082      ; 2.157      ;
; 1.911 ; vga_controller:vga_c|v_cnt[2]  ; vga_controller:vga_c|v_cnt[8]  ; pll_inst|altpll_component|auto_generated|pll1|clk[0] ; pll_inst|altpll_component|auto_generated|pll1|clk[0] ; 0.000        ; 0.082      ; 2.164      ;
; 1.930 ; vga_controller:vga_c|h_cnt[11] ; vga_controller:vga_c|h_cnt[3]  ; pll_inst|altpll_component|auto_generated|pll1|clk[0] ; pll_inst|altpll_component|auto_generated|pll1|clk[0] ; 0.000        ; 0.477      ; 2.578      ;
; 1.932 ; vga_controller:vga_c|h_cnt[11] ; vga_controller:vga_c|h_cnt[4]  ; pll_inst|altpll_component|auto_generated|pll1|clk[0] ; pll_inst|altpll_component|auto_generated|pll1|clk[0] ; 0.000        ; 0.477      ; 2.580      ;
; 1.982 ; vga_controller:vga_c|v_cnt[4]  ; vga_controller:vga_c|v_cnt[5]  ; pll_inst|altpll_component|auto_generated|pll1|clk[0] ; pll_inst|altpll_component|auto_generated|pll1|clk[0] ; 0.000        ; 0.082      ; 2.235      ;
; 2.001 ; vga_controller:vga_c|h_cnt[5]  ; vga_controller:vga_c|h_cnt[8]  ; pll_inst|altpll_component|auto_generated|pll1|clk[0] ; pll_inst|altpll_component|auto_generated|pll1|clk[0] ; 0.000        ; -0.297     ; 1.875      ;
; 2.017 ; vga_controller:vga_c|h_cnt[9]  ; vga_controller:vga_c|h_cnt[9]  ; pll_inst|altpll_component|auto_generated|pll1|clk[0] ; pll_inst|altpll_component|auto_generated|pll1|clk[0] ; 0.000        ; 0.082      ; 2.270      ;
; 2.019 ; vga_controller:vga_c|v_cnt[4]  ; vga_controller:vga_c|v_cnt[10] ; pll_inst|altpll_component|auto_generated|pll1|clk[0] ; pll_inst|altpll_component|auto_generated|pll1|clk[0] ; 0.000        ; 0.082      ; 2.272      ;
; 2.020 ; vga_controller:vga_c|h_cnt[5]  ; vga_controller:vga_c|h_cnt[11] ; pll_inst|altpll_component|auto_generated|pll1|clk[0] ; pll_inst|altpll_component|auto_generated|pll1|clk[0] ; 0.000        ; -0.297     ; 1.894      ;
; 2.021 ; vga_controller:vga_c|v_cnt[0]  ; vga_controller:vga_c|v_cnt[8]  ; pll_inst|altpll_component|auto_generated|pll1|clk[0] ; pll_inst|altpll_component|auto_generated|pll1|clk[0] ; 0.000        ; 0.082      ; 2.274      ;
; 2.023 ; vga_controller:vga_c|v_cnt[1]  ; vga_controller:vga_c|v_cnt[8]  ; pll_inst|altpll_component|auto_generated|pll1|clk[0] ; pll_inst|altpll_component|auto_generated|pll1|clk[0] ; 0.000        ; 0.082      ; 2.276      ;
; 2.035 ; vga_controller:vga_c|h_cnt[4]  ; vga_controller:vga_c|h_cnt[8]  ; pll_inst|altpll_component|auto_generated|pll1|clk[0] ; pll_inst|altpll_component|auto_generated|pll1|clk[0] ; 0.000        ; -0.297     ; 1.909      ;
; 2.037 ; vga_controller:vga_c|v_cnt[7]  ; vga_controller:vga_c|v_cnt[7]  ; pll_inst|altpll_component|auto_generated|pll1|clk[0] ; pll_inst|altpll_component|auto_generated|pll1|clk[0] ; 0.000        ; 0.082      ; 2.290      ;
; 2.044 ; vga_controller:vga_c|h_cnt[1]  ; vga_controller:vga_c|h_cnt[11] ; pll_inst|altpll_component|auto_generated|pll1|clk[0] ; pll_inst|altpll_component|auto_generated|pll1|clk[0] ; 0.000        ; -0.297     ; 1.918      ;
; 2.044 ; vga_controller:vga_c|v_cnt[5]  ; vga_controller:vga_c|v_cnt[5]  ; pll_inst|altpll_component|auto_generated|pll1|clk[0] ; pll_inst|altpll_component|auto_generated|pll1|clk[0] ; 0.000        ; 0.082      ; 2.297      ;
; 2.054 ; vga_controller:vga_c|h_cnt[4]  ; vga_controller:vga_c|h_cnt[11] ; pll_inst|altpll_component|auto_generated|pll1|clk[0] ; pll_inst|altpll_component|auto_generated|pll1|clk[0] ; 0.000        ; -0.297     ; 1.928      ;
; 2.066 ; vga_controller:vga_c|v_cnt[4]  ; vga_controller:vga_c|v_cnt[7]  ; pll_inst|altpll_component|auto_generated|pll1|clk[0] ; pll_inst|altpll_component|auto_generated|pll1|clk[0] ; 0.000        ; 0.082      ; 2.319      ;
; 2.071 ; vga_controller:vga_c|h_cnt[7]  ; vga_controller:vga_c|h_cnt[7]  ; pll_inst|altpll_component|auto_generated|pll1|clk[0] ; pll_inst|altpll_component|auto_generated|pll1|clk[0] ; 0.000        ; 0.082      ; 2.324      ;
; 2.077 ; vga_controller:vga_c|h_cnt[6]  ; vga_controller:vga_c|h_cnt[8]  ; pll_inst|altpll_component|auto_generated|pll1|clk[0] ; pll_inst|altpll_component|auto_generated|pll1|clk[0] ; 0.000        ; -0.297     ; 1.951      ;
; 2.078 ; vga_controller:vga_c|v_cnt[3]  ; vga_controller:vga_c|v_cnt[5]  ; pll_inst|altpll_component|auto_generated|pll1|clk[0] ; pll_inst|altpll_component|auto_generated|pll1|clk[0] ; 0.000        ; 0.082      ; 2.331      ;
; 2.079 ; vga_controller:vga_c|v_cnt[7]  ; vga_controller:vga_c|v_cnt[8]  ; pll_inst|altpll_component|auto_generated|pll1|clk[0] ; pll_inst|altpll_component|auto_generated|pll1|clk[0] ; 0.000        ; 0.082      ; 2.332      ;
; 2.087 ; vga_controller:vga_c|h_cnt[5]  ; vga_controller:vga_c|h_cnt[7]  ; pll_inst|altpll_component|auto_generated|pll1|clk[0] ; pll_inst|altpll_component|auto_generated|pll1|clk[0] ; 0.000        ; -0.297     ; 1.961      ;
; 2.091 ; vga_controller:vga_c|v_cnt[2]  ; vga_controller:vga_c|v_cnt[5]  ; pll_inst|altpll_component|auto_generated|pll1|clk[0] ; pll_inst|altpll_component|auto_generated|pll1|clk[0] ; 0.000        ; 0.082      ; 2.344      ;
; 2.092 ; vga_controller:vga_c|h_cnt[6]  ; vga_controller:vga_c|h_cnt[11] ; pll_inst|altpll_component|auto_generated|pll1|clk[0] ; pll_inst|altpll_component|auto_generated|pll1|clk[0] ; 0.000        ; -0.297     ; 1.966      ;
+-------+--------------------------------+--------------------------------+------------------------------------------------------+------------------------------------------------------+--------------+------------+------------+


----------------------------------------------
; Slow 1200mV 0C Model Metastability Summary ;
----------------------------------------------
The design MTBF is not calculated because there are no specified synchronizers in the design.
Number of Synchronizer Chains Found: 1
Shortest Synchronizer Chain: 2 Registers
Fraction of Chains for which MTBFs Could Not be Calculated: 1.000
Worst Case Available Settling Time: 34.485 ns




+--------------------------------------------------------------------------------+
; Fast 1200mV 0C Model Setup Summary                                             ;
+------------------------------------------------------+---------+---------------+
; Clock                                                ; Slack   ; End Point TNS ;
+------------------------------------------------------+---------+---------------+
; pll_inst|altpll_component|auto_generated|pll1|clk[0] ; -13.072 ; -309.696      ;
; CLOCK_50                                             ; 10.318  ; 0.000         ;
+------------------------------------------------------+---------+---------------+


+------------------------------------------------------------------------------+
; Fast 1200mV 0C Model Hold Summary                                            ;
+------------------------------------------------------+-------+---------------+
; Clock                                                ; Slack ; End Point TNS ;
+------------------------------------------------------+-------+---------------+
; CLOCK_50                                             ; 0.175 ; 0.000         ;
; pll_inst|altpll_component|auto_generated|pll1|clk[0] ; 0.287 ; 0.000         ;
+------------------------------------------------------+-------+---------------+


-----------------------------------------
; Fast 1200mV 0C Model Recovery Summary ;
-----------------------------------------
No paths to report.


----------------------------------------
; Fast 1200mV 0C Model Removal Summary ;
----------------------------------------
No paths to report.


+------------------------------------------------------------------------------+
; Fast 1200mV 0C Model Minimum Pulse Width Summary                             ;
+------------------------------------------------------+-------+---------------+
; Clock                                                ; Slack ; End Point TNS ;
+------------------------------------------------------+-------+---------------+
; pll_inst|altpll_component|auto_generated|pll1|clk[0] ; 3.100 ; 0.000         ;
; CLOCK_50                                             ; 9.451 ; 0.000         ;
+------------------------------------------------------+-------+---------------+


+------------------------------------------------------------------------------------------------------------------------------------------------------------------------------------------------------+
; Fast 1200mV 0C Model Setup: 'pll_inst|altpll_component|auto_generated|pll1|clk[0]'                                                                                                                   ;
+---------+-----------------------------------------+-----------------------------------+--------------+------------------------------------------------------+--------------+------------+------------+
; Slack   ; From Node                               ; To Node                           ; Launch Clock ; Latch Clock                                          ; Relationship ; Clock Skew ; Data Delay ;
+---------+-----------------------------------------+-----------------------------------+--------------+------------------------------------------------------+--------------+------------+------------+
; -13.072 ; text_screen_gen:text_gen|char_ram~8811  ; text_screen_gen:text_gen|vga_r[1] ; CLOCK_50     ; pll_inst|altpll_component|auto_generated|pll1|clk[0] ; 0.208        ; -1.600     ; 11.627     ;
; -13.034 ; text_screen_gen:text_gen|char_ram~8811  ; text_screen_gen:text_gen|vga_b[1] ; CLOCK_50     ; pll_inst|altpll_component|auto_generated|pll1|clk[0] ; 0.208        ; -1.599     ; 11.590     ;
; -12.978 ; text_screen_gen:text_gen|char_ram~8811  ; text_screen_gen:text_gen|vga_r[7] ; CLOCK_50     ; pll_inst|altpll_component|auto_generated|pll1|clk[0] ; 0.208        ; -1.600     ; 11.533     ;
; -12.978 ; text_screen_gen:text_gen|char_ram~8811  ; text_screen_gen:text_gen|vga_g[1] ; CLOCK_50     ; pll_inst|altpll_component|auto_generated|pll1|clk[0] ; 0.208        ; -1.600     ; 11.533     ;
; -12.973 ; text_screen_gen:text_gen|char_ram~10554 ; text_screen_gen:text_gen|vga_r[1] ; CLOCK_50     ; pll_inst|altpll_component|auto_generated|pll1|clk[0] ; 0.208        ; -1.601     ; 11.527     ;
; -12.935 ; text_screen_gen:text_gen|char_ram~10554 ; text_screen_gen:text_gen|vga_b[1] ; CLOCK_50     ; pll_inst|altpll_component|auto_generated|pll1|clk[0] ; 0.208        ; -1.600     ; 11.490     ;
; -12.929 ; text_screen_gen:text_gen|char_ram~8811  ; text_screen_gen:text_gen|vga_r[2] ; CLOCK_50     ; pll_inst|altpll_component|auto_generated|pll1|clk[0] ; 0.208        ; -1.599     ; 11.485     ;
; -12.929 ; text_screen_gen:text_gen|char_ram~8811  ; text_screen_gen:text_gen|vga_b[3] ; CLOCK_50     ; pll_inst|altpll_component|auto_generated|pll1|clk[0] ; 0.208        ; -1.599     ; 11.485     ;
; -12.920 ; text_screen_gen:text_gen|char_ram~8811  ; text_screen_gen:text_gen|vga_g[7] ; CLOCK_50     ; pll_inst|altpll_component|auto_generated|pll1|clk[0] ; 0.208        ; -1.588     ; 11.487     ;
; -12.919 ; text_screen_gen:text_gen|char_ram~8811  ; text_screen_gen:text_gen|vga_r[5] ; CLOCK_50     ; pll_inst|altpll_component|auto_generated|pll1|clk[0] ; 0.208        ; -1.588     ; 11.486     ;
; -12.919 ; text_screen_gen:text_gen|char_ram~8811  ; text_screen_gen:text_gen|vga_g[3] ; CLOCK_50     ; pll_inst|altpll_component|auto_generated|pll1|clk[0] ; 0.208        ; -1.588     ; 11.486     ;
; -12.919 ; text_screen_gen:text_gen|char_ram~8811  ; text_screen_gen:text_gen|vga_g[4] ; CLOCK_50     ; pll_inst|altpll_component|auto_generated|pll1|clk[0] ; 0.208        ; -1.588     ; 11.486     ;
; -12.919 ; text_screen_gen:text_gen|char_ram~8811  ; text_screen_gen:text_gen|vga_b[0] ; CLOCK_50     ; pll_inst|altpll_component|auto_generated|pll1|clk[0] ; 0.208        ; -1.588     ; 11.486     ;
; -12.919 ; text_screen_gen:text_gen|char_ram~8811  ; text_screen_gen:text_gen|vga_b[5] ; CLOCK_50     ; pll_inst|altpll_component|auto_generated|pll1|clk[0] ; 0.208        ; -1.588     ; 11.486     ;
; -12.918 ; text_screen_gen:text_gen|char_ram~8811  ; text_screen_gen:text_gen|vga_b[2] ; CLOCK_50     ; pll_inst|altpll_component|auto_generated|pll1|clk[0] ; 0.208        ; -1.588     ; 11.485     ;
; -12.918 ; text_screen_gen:text_gen|char_ram~8811  ; text_screen_gen:text_gen|vga_b[4] ; CLOCK_50     ; pll_inst|altpll_component|auto_generated|pll1|clk[0] ; 0.208        ; -1.588     ; 11.485     ;
; -12.918 ; text_screen_gen:text_gen|char_ram~8811  ; text_screen_gen:text_gen|vga_b[6] ; CLOCK_50     ; pll_inst|altpll_component|auto_generated|pll1|clk[0] ; 0.208        ; -1.588     ; 11.485     ;
; -12.917 ; text_screen_gen:text_gen|char_ram~8811  ; text_screen_gen:text_gen|vga_r[0] ; CLOCK_50     ; pll_inst|altpll_component|auto_generated|pll1|clk[0] ; 0.208        ; -1.588     ; 11.484     ;
; -12.917 ; text_screen_gen:text_gen|char_ram~8811  ; text_screen_gen:text_gen|vga_r[3] ; CLOCK_50     ; pll_inst|altpll_component|auto_generated|pll1|clk[0] ; 0.208        ; -1.588     ; 11.484     ;
; -12.917 ; text_screen_gen:text_gen|char_ram~8811  ; text_screen_gen:text_gen|vga_r[6] ; CLOCK_50     ; pll_inst|altpll_component|auto_generated|pll1|clk[0] ; 0.208        ; -1.588     ; 11.484     ;
; -12.917 ; text_screen_gen:text_gen|char_ram~8811  ; text_screen_gen:text_gen|vga_g[2] ; CLOCK_50     ; pll_inst|altpll_component|auto_generated|pll1|clk[0] ; 0.208        ; -1.588     ; 11.484     ;
; -12.917 ; text_screen_gen:text_gen|char_ram~8811  ; text_screen_gen:text_gen|vga_g[5] ; CLOCK_50     ; pll_inst|altpll_component|auto_generated|pll1|clk[0] ; 0.208        ; -1.588     ; 11.484     ;
; -12.879 ; text_screen_gen:text_gen|char_ram~10554 ; text_screen_gen:text_gen|vga_r[7] ; CLOCK_50     ; pll_inst|altpll_component|auto_generated|pll1|clk[0] ; 0.208        ; -1.601     ; 11.433     ;
; -12.879 ; text_screen_gen:text_gen|char_ram~10554 ; text_screen_gen:text_gen|vga_g[1] ; CLOCK_50     ; pll_inst|altpll_component|auto_generated|pll1|clk[0] ; 0.208        ; -1.601     ; 11.433     ;
; -12.834 ; text_screen_gen:text_gen|char_ram~10582 ; text_screen_gen:text_gen|vga_r[1] ; CLOCK_50     ; pll_inst|altpll_component|auto_generated|pll1|clk[0] ; 0.208        ; -1.601     ; 11.388     ;
; -12.830 ; text_screen_gen:text_gen|char_ram~10554 ; text_screen_gen:text_gen|vga_r[2] ; CLOCK_50     ; pll_inst|altpll_component|auto_generated|pll1|clk[0] ; 0.208        ; -1.600     ; 11.385     ;
; -12.830 ; text_screen_gen:text_gen|char_ram~10554 ; text_screen_gen:text_gen|vga_b[3] ; CLOCK_50     ; pll_inst|altpll_component|auto_generated|pll1|clk[0] ; 0.208        ; -1.600     ; 11.385     ;
; -12.821 ; text_screen_gen:text_gen|char_ram~10554 ; text_screen_gen:text_gen|vga_g[7] ; CLOCK_50     ; pll_inst|altpll_component|auto_generated|pll1|clk[0] ; 0.208        ; -1.589     ; 11.387     ;
; -12.820 ; text_screen_gen:text_gen|char_ram~10554 ; text_screen_gen:text_gen|vga_r[5] ; CLOCK_50     ; pll_inst|altpll_component|auto_generated|pll1|clk[0] ; 0.208        ; -1.589     ; 11.386     ;
; -12.820 ; text_screen_gen:text_gen|char_ram~10554 ; text_screen_gen:text_gen|vga_g[3] ; CLOCK_50     ; pll_inst|altpll_component|auto_generated|pll1|clk[0] ; 0.208        ; -1.589     ; 11.386     ;
; -12.820 ; text_screen_gen:text_gen|char_ram~10554 ; text_screen_gen:text_gen|vga_g[4] ; CLOCK_50     ; pll_inst|altpll_component|auto_generated|pll1|clk[0] ; 0.208        ; -1.589     ; 11.386     ;
; -12.820 ; text_screen_gen:text_gen|char_ram~10554 ; text_screen_gen:text_gen|vga_b[0] ; CLOCK_50     ; pll_inst|altpll_component|auto_generated|pll1|clk[0] ; 0.208        ; -1.589     ; 11.386     ;
; -12.820 ; text_screen_gen:text_gen|char_ram~10554 ; text_screen_gen:text_gen|vga_b[5] ; CLOCK_50     ; pll_inst|altpll_component|auto_generated|pll1|clk[0] ; 0.208        ; -1.589     ; 11.386     ;
; -12.819 ; text_screen_gen:text_gen|char_ram~10554 ; text_screen_gen:text_gen|vga_b[2] ; CLOCK_50     ; pll_inst|altpll_component|auto_generated|pll1|clk[0] ; 0.208        ; -1.589     ; 11.385     ;
; -12.819 ; text_screen_gen:text_gen|char_ram~10554 ; text_screen_gen:text_gen|vga_b[4] ; CLOCK_50     ; pll_inst|altpll_component|auto_generated|pll1|clk[0] ; 0.208        ; -1.589     ; 11.385     ;
; -12.819 ; text_screen_gen:text_gen|char_ram~10554 ; text_screen_gen:text_gen|vga_b[6] ; CLOCK_50     ; pll_inst|altpll_component|auto_generated|pll1|clk[0] ; 0.208        ; -1.589     ; 11.385     ;
; -12.818 ; text_screen_gen:text_gen|char_ram~10554 ; text_screen_gen:text_gen|vga_r[0] ; CLOCK_50     ; pll_inst|altpll_component|auto_generated|pll1|clk[0] ; 0.208        ; -1.589     ; 11.384     ;
; -12.818 ; text_screen_gen:text_gen|char_ram~10554 ; text_screen_gen:text_gen|vga_r[3] ; CLOCK_50     ; pll_inst|altpll_component|auto_generated|pll1|clk[0] ; 0.208        ; -1.589     ; 11.384     ;
; -12.818 ; text_screen_gen:text_gen|char_ram~10554 ; text_screen_gen:text_gen|vga_r[6] ; CLOCK_50     ; pll_inst|altpll_component|auto_generated|pll1|clk[0] ; 0.208        ; -1.589     ; 11.384     ;
; -12.818 ; text_screen_gen:text_gen|char_ram~10554 ; text_screen_gen:text_gen|vga_g[2] ; CLOCK_50     ; pll_inst|altpll_component|auto_generated|pll1|clk[0] ; 0.208        ; -1.589     ; 11.384     ;
; -12.818 ; text_screen_gen:text_gen|char_ram~10554 ; text_screen_gen:text_gen|vga_g[5] ; CLOCK_50     ; pll_inst|altpll_component|auto_generated|pll1|clk[0] ; 0.208        ; -1.589     ; 11.384     ;
; -12.796 ; text_screen_gen:text_gen|char_ram~10582 ; text_screen_gen:text_gen|vga_b[1] ; CLOCK_50     ; pll_inst|altpll_component|auto_generated|pll1|clk[0] ; 0.208        ; -1.600     ; 11.351     ;
; -12.784 ; text_screen_gen:text_gen|char_ram~10547 ; text_screen_gen:text_gen|vga_r[1] ; CLOCK_50     ; pll_inst|altpll_component|auto_generated|pll1|clk[0] ; 0.208        ; -1.597     ; 11.342     ;
; -12.780 ; text_screen_gen:text_gen|char_ram~8811  ; text_screen_gen:text_gen|vga_r[4] ; CLOCK_50     ; pll_inst|altpll_component|auto_generated|pll1|clk[0] ; 0.208        ; -1.599     ; 11.336     ;
; -12.778 ; text_screen_gen:text_gen|char_ram~8811  ; text_screen_gen:text_gen|vga_g[0] ; CLOCK_50     ; pll_inst|altpll_component|auto_generated|pll1|clk[0] ; 0.208        ; -1.599     ; 11.334     ;
; -12.778 ; text_screen_gen:text_gen|char_ram~8811  ; text_screen_gen:text_gen|vga_g[6] ; CLOCK_50     ; pll_inst|altpll_component|auto_generated|pll1|clk[0] ; 0.208        ; -1.599     ; 11.334     ;
; -12.766 ; text_screen_gen:text_gen|char_ram~10575 ; text_screen_gen:text_gen|vga_r[1] ; CLOCK_50     ; pll_inst|altpll_component|auto_generated|pll1|clk[0] ; 0.208        ; -1.602     ; 11.319     ;
; -12.746 ; text_screen_gen:text_gen|char_ram~10547 ; text_screen_gen:text_gen|vga_b[1] ; CLOCK_50     ; pll_inst|altpll_component|auto_generated|pll1|clk[0] ; 0.208        ; -1.596     ; 11.305     ;
; -12.740 ; text_screen_gen:text_gen|char_ram~10582 ; text_screen_gen:text_gen|vga_r[7] ; CLOCK_50     ; pll_inst|altpll_component|auto_generated|pll1|clk[0] ; 0.208        ; -1.601     ; 11.294     ;
; -12.740 ; text_screen_gen:text_gen|char_ram~10582 ; text_screen_gen:text_gen|vga_g[1] ; CLOCK_50     ; pll_inst|altpll_component|auto_generated|pll1|clk[0] ; 0.208        ; -1.601     ; 11.294     ;
; -12.728 ; text_screen_gen:text_gen|char_ram~10575 ; text_screen_gen:text_gen|vga_b[1] ; CLOCK_50     ; pll_inst|altpll_component|auto_generated|pll1|clk[0] ; 0.208        ; -1.601     ; 11.282     ;
; -12.706 ; text_screen_gen:text_gen|char_ram~8846  ; text_screen_gen:text_gen|vga_r[1] ; CLOCK_50     ; pll_inst|altpll_component|auto_generated|pll1|clk[0] ; 0.208        ; -1.578     ; 11.283     ;
; -12.691 ; text_screen_gen:text_gen|char_ram~10582 ; text_screen_gen:text_gen|vga_r[2] ; CLOCK_50     ; pll_inst|altpll_component|auto_generated|pll1|clk[0] ; 0.208        ; -1.600     ; 11.246     ;
; -12.691 ; text_screen_gen:text_gen|char_ram~10582 ; text_screen_gen:text_gen|vga_b[3] ; CLOCK_50     ; pll_inst|altpll_component|auto_generated|pll1|clk[0] ; 0.208        ; -1.600     ; 11.246     ;
; -12.690 ; text_screen_gen:text_gen|char_ram~10547 ; text_screen_gen:text_gen|vga_r[7] ; CLOCK_50     ; pll_inst|altpll_component|auto_generated|pll1|clk[0] ; 0.208        ; -1.597     ; 11.248     ;
; -12.690 ; text_screen_gen:text_gen|char_ram~10547 ; text_screen_gen:text_gen|vga_g[1] ; CLOCK_50     ; pll_inst|altpll_component|auto_generated|pll1|clk[0] ; 0.208        ; -1.597     ; 11.248     ;
; -12.682 ; text_screen_gen:text_gen|char_ram~10582 ; text_screen_gen:text_gen|vga_g[7] ; CLOCK_50     ; pll_inst|altpll_component|auto_generated|pll1|clk[0] ; 0.208        ; -1.589     ; 11.248     ;
; -12.681 ; text_screen_gen:text_gen|char_ram~10582 ; text_screen_gen:text_gen|vga_r[5] ; CLOCK_50     ; pll_inst|altpll_component|auto_generated|pll1|clk[0] ; 0.208        ; -1.589     ; 11.247     ;
; -12.681 ; text_screen_gen:text_gen|char_ram~10582 ; text_screen_gen:text_gen|vga_g[3] ; CLOCK_50     ; pll_inst|altpll_component|auto_generated|pll1|clk[0] ; 0.208        ; -1.589     ; 11.247     ;
; -12.681 ; text_screen_gen:text_gen|char_ram~10582 ; text_screen_gen:text_gen|vga_g[4] ; CLOCK_50     ; pll_inst|altpll_component|auto_generated|pll1|clk[0] ; 0.208        ; -1.589     ; 11.247     ;
; -12.681 ; text_screen_gen:text_gen|char_ram~10582 ; text_screen_gen:text_gen|vga_b[0] ; CLOCK_50     ; pll_inst|altpll_component|auto_generated|pll1|clk[0] ; 0.208        ; -1.589     ; 11.247     ;
; -12.681 ; text_screen_gen:text_gen|char_ram~10582 ; text_screen_gen:text_gen|vga_b[5] ; CLOCK_50     ; pll_inst|altpll_component|auto_generated|pll1|clk[0] ; 0.208        ; -1.589     ; 11.247     ;
; -12.681 ; text_screen_gen:text_gen|char_ram~10554 ; text_screen_gen:text_gen|vga_r[4] ; CLOCK_50     ; pll_inst|altpll_component|auto_generated|pll1|clk[0] ; 0.208        ; -1.600     ; 11.236     ;
; -12.680 ; text_screen_gen:text_gen|char_ram~10582 ; text_screen_gen:text_gen|vga_b[2] ; CLOCK_50     ; pll_inst|altpll_component|auto_generated|pll1|clk[0] ; 0.208        ; -1.589     ; 11.246     ;
; -12.680 ; text_screen_gen:text_gen|char_ram~10582 ; text_screen_gen:text_gen|vga_b[4] ; CLOCK_50     ; pll_inst|altpll_component|auto_generated|pll1|clk[0] ; 0.208        ; -1.589     ; 11.246     ;
; -12.680 ; text_screen_gen:text_gen|char_ram~10582 ; text_screen_gen:text_gen|vga_b[6] ; CLOCK_50     ; pll_inst|altpll_component|auto_generated|pll1|clk[0] ; 0.208        ; -1.589     ; 11.246     ;
; -12.679 ; text_screen_gen:text_gen|char_ram~10582 ; text_screen_gen:text_gen|vga_r[0] ; CLOCK_50     ; pll_inst|altpll_component|auto_generated|pll1|clk[0] ; 0.208        ; -1.589     ; 11.245     ;
; -12.679 ; text_screen_gen:text_gen|char_ram~10582 ; text_screen_gen:text_gen|vga_r[3] ; CLOCK_50     ; pll_inst|altpll_component|auto_generated|pll1|clk[0] ; 0.208        ; -1.589     ; 11.245     ;
; -12.679 ; text_screen_gen:text_gen|char_ram~10582 ; text_screen_gen:text_gen|vga_r[6] ; CLOCK_50     ; pll_inst|altpll_component|auto_generated|pll1|clk[0] ; 0.208        ; -1.589     ; 11.245     ;
; -12.679 ; text_screen_gen:text_gen|char_ram~10582 ; text_screen_gen:text_gen|vga_g[2] ; CLOCK_50     ; pll_inst|altpll_component|auto_generated|pll1|clk[0] ; 0.208        ; -1.589     ; 11.245     ;
; -12.679 ; text_screen_gen:text_gen|char_ram~10582 ; text_screen_gen:text_gen|vga_g[5] ; CLOCK_50     ; pll_inst|altpll_component|auto_generated|pll1|clk[0] ; 0.208        ; -1.589     ; 11.245     ;
; -12.679 ; text_screen_gen:text_gen|char_ram~10554 ; text_screen_gen:text_gen|vga_g[0] ; CLOCK_50     ; pll_inst|altpll_component|auto_generated|pll1|clk[0] ; 0.208        ; -1.600     ; 11.234     ;
; -12.679 ; text_screen_gen:text_gen|char_ram~10554 ; text_screen_gen:text_gen|vga_g[6] ; CLOCK_50     ; pll_inst|altpll_component|auto_generated|pll1|clk[0] ; 0.208        ; -1.600     ; 11.234     ;
; -12.672 ; text_screen_gen:text_gen|char_ram~10575 ; text_screen_gen:text_gen|vga_r[7] ; CLOCK_50     ; pll_inst|altpll_component|auto_generated|pll1|clk[0] ; 0.208        ; -1.602     ; 11.225     ;
; -12.672 ; text_screen_gen:text_gen|char_ram~10575 ; text_screen_gen:text_gen|vga_g[1] ; CLOCK_50     ; pll_inst|altpll_component|auto_generated|pll1|clk[0] ; 0.208        ; -1.602     ; 11.225     ;
; -12.668 ; text_screen_gen:text_gen|char_ram~8846  ; text_screen_gen:text_gen|vga_b[1] ; CLOCK_50     ; pll_inst|altpll_component|auto_generated|pll1|clk[0] ; 0.208        ; -1.577     ; 11.246     ;
; -12.649 ; text_screen_gen:text_gen|char_ram~8818  ; text_screen_gen:text_gen|vga_r[1] ; CLOCK_50     ; pll_inst|altpll_component|auto_generated|pll1|clk[0] ; 0.208        ; -1.577     ; 11.227     ;
; -12.641 ; text_screen_gen:text_gen|char_ram~10547 ; text_screen_gen:text_gen|vga_r[2] ; CLOCK_50     ; pll_inst|altpll_component|auto_generated|pll1|clk[0] ; 0.208        ; -1.596     ; 11.200     ;
; -12.641 ; text_screen_gen:text_gen|char_ram~10547 ; text_screen_gen:text_gen|vga_b[3] ; CLOCK_50     ; pll_inst|altpll_component|auto_generated|pll1|clk[0] ; 0.208        ; -1.596     ; 11.200     ;
; -12.632 ; text_screen_gen:text_gen|char_ram~10547 ; text_screen_gen:text_gen|vga_g[7] ; CLOCK_50     ; pll_inst|altpll_component|auto_generated|pll1|clk[0] ; 0.208        ; -1.585     ; 11.202     ;
; -12.631 ; text_screen_gen:text_gen|char_ram~10547 ; text_screen_gen:text_gen|vga_r[5] ; CLOCK_50     ; pll_inst|altpll_component|auto_generated|pll1|clk[0] ; 0.208        ; -1.585     ; 11.201     ;
; -12.631 ; text_screen_gen:text_gen|char_ram~10547 ; text_screen_gen:text_gen|vga_g[3] ; CLOCK_50     ; pll_inst|altpll_component|auto_generated|pll1|clk[0] ; 0.208        ; -1.585     ; 11.201     ;
; -12.631 ; text_screen_gen:text_gen|char_ram~10547 ; text_screen_gen:text_gen|vga_g[4] ; CLOCK_50     ; pll_inst|altpll_component|auto_generated|pll1|clk[0] ; 0.208        ; -1.585     ; 11.201     ;
; -12.631 ; text_screen_gen:text_gen|char_ram~10547 ; text_screen_gen:text_gen|vga_b[0] ; CLOCK_50     ; pll_inst|altpll_component|auto_generated|pll1|clk[0] ; 0.208        ; -1.585     ; 11.201     ;
; -12.631 ; text_screen_gen:text_gen|char_ram~10547 ; text_screen_gen:text_gen|vga_b[5] ; CLOCK_50     ; pll_inst|altpll_component|auto_generated|pll1|clk[0] ; 0.208        ; -1.585     ; 11.201     ;
; -12.630 ; text_screen_gen:text_gen|char_ram~10547 ; text_screen_gen:text_gen|vga_b[2] ; CLOCK_50     ; pll_inst|altpll_component|auto_generated|pll1|clk[0] ; 0.208        ; -1.585     ; 11.200     ;
; -12.630 ; text_screen_gen:text_gen|char_ram~10547 ; text_screen_gen:text_gen|vga_b[4] ; CLOCK_50     ; pll_inst|altpll_component|auto_generated|pll1|clk[0] ; 0.208        ; -1.585     ; 11.200     ;
; -12.630 ; text_screen_gen:text_gen|char_ram~10547 ; text_screen_gen:text_gen|vga_b[6] ; CLOCK_50     ; pll_inst|altpll_component|auto_generated|pll1|clk[0] ; 0.208        ; -1.585     ; 11.200     ;
; -12.629 ; text_screen_gen:text_gen|char_ram~10547 ; text_screen_gen:text_gen|vga_r[0] ; CLOCK_50     ; pll_inst|altpll_component|auto_generated|pll1|clk[0] ; 0.208        ; -1.585     ; 11.199     ;
; -12.629 ; text_screen_gen:text_gen|char_ram~10547 ; text_screen_gen:text_gen|vga_r[3] ; CLOCK_50     ; pll_inst|altpll_component|auto_generated|pll1|clk[0] ; 0.208        ; -1.585     ; 11.199     ;
; -12.629 ; text_screen_gen:text_gen|char_ram~10547 ; text_screen_gen:text_gen|vga_r[6] ; CLOCK_50     ; pll_inst|altpll_component|auto_generated|pll1|clk[0] ; 0.208        ; -1.585     ; 11.199     ;
; -12.629 ; text_screen_gen:text_gen|char_ram~10547 ; text_screen_gen:text_gen|vga_g[2] ; CLOCK_50     ; pll_inst|altpll_component|auto_generated|pll1|clk[0] ; 0.208        ; -1.585     ; 11.199     ;
; -12.629 ; text_screen_gen:text_gen|char_ram~10547 ; text_screen_gen:text_gen|vga_g[5] ; CLOCK_50     ; pll_inst|altpll_component|auto_generated|pll1|clk[0] ; 0.208        ; -1.585     ; 11.199     ;
; -12.623 ; text_screen_gen:text_gen|char_ram~10575 ; text_screen_gen:text_gen|vga_r[2] ; CLOCK_50     ; pll_inst|altpll_component|auto_generated|pll1|clk[0] ; 0.208        ; -1.601     ; 11.177     ;
; -12.623 ; text_screen_gen:text_gen|char_ram~10575 ; text_screen_gen:text_gen|vga_b[3] ; CLOCK_50     ; pll_inst|altpll_component|auto_generated|pll1|clk[0] ; 0.208        ; -1.601     ; 11.177     ;
; -12.614 ; text_screen_gen:text_gen|char_ram~10575 ; text_screen_gen:text_gen|vga_g[7] ; CLOCK_50     ; pll_inst|altpll_component|auto_generated|pll1|clk[0] ; 0.208        ; -1.590     ; 11.179     ;
; -12.613 ; text_screen_gen:text_gen|char_ram~10575 ; text_screen_gen:text_gen|vga_r[5] ; CLOCK_50     ; pll_inst|altpll_component|auto_generated|pll1|clk[0] ; 0.208        ; -1.590     ; 11.178     ;
; -12.613 ; text_screen_gen:text_gen|char_ram~10575 ; text_screen_gen:text_gen|vga_g[3] ; CLOCK_50     ; pll_inst|altpll_component|auto_generated|pll1|clk[0] ; 0.208        ; -1.590     ; 11.178     ;
; -12.613 ; text_screen_gen:text_gen|char_ram~10575 ; text_screen_gen:text_gen|vga_g[4] ; CLOCK_50     ; pll_inst|altpll_component|auto_generated|pll1|clk[0] ; 0.208        ; -1.590     ; 11.178     ;
; -12.613 ; text_screen_gen:text_gen|char_ram~10575 ; text_screen_gen:text_gen|vga_b[0] ; CLOCK_50     ; pll_inst|altpll_component|auto_generated|pll1|clk[0] ; 0.208        ; -1.590     ; 11.178     ;
+---------+-----------------------------------------+-----------------------------------+--------------+------------------------------------------------------+--------------+------------+------------+


+-------------------------------------------------------------------------------------------------------------------------------------------------------+
; Fast 1200mV 0C Model Setup: 'CLOCK_50'                                                                                                                ;
+--------+------------------------------+-----------------------------------------+--------------+-------------+--------------+------------+------------+
; Slack  ; From Node                    ; To Node                                 ; Launch Clock ; Latch Clock ; Relationship ; Clock Skew ; Data Delay ;
+--------+------------------------------+-----------------------------------------+--------------+-------------+--------------+------------+------------+
; 10.318 ; uart_rx:uart_inst|rx_data[0] ; text_screen_gen:text_gen|char_ram~18822 ; CLOCK_50     ; CLOCK_50    ; 20.000       ; -0.048     ; 9.621      ;
; 10.318 ; uart_rx:uart_inst|rx_data[0] ; text_screen_gen:text_gen|char_ram~18818 ; CLOCK_50     ; CLOCK_50    ; 20.000       ; -0.048     ; 9.621      ;
; 10.318 ; uart_rx:uart_inst|rx_data[0] ; text_screen_gen:text_gen|char_ram~18816 ; CLOCK_50     ; CLOCK_50    ; 20.000       ; -0.048     ; 9.621      ;
; 10.318 ; uart_rx:uart_inst|rx_data[0] ; text_screen_gen:text_gen|char_ram~18820 ; CLOCK_50     ; CLOCK_50    ; 20.000       ; -0.048     ; 9.621      ;
; 10.429 ; uart_rx:uart_inst|rx_data[1] ; text_screen_gen:text_gen|char_ram~18822 ; CLOCK_50     ; CLOCK_50    ; 20.000       ; -0.048     ; 9.510      ;
; 10.429 ; uart_rx:uart_inst|rx_data[1] ; text_screen_gen:text_gen|char_ram~18818 ; CLOCK_50     ; CLOCK_50    ; 20.000       ; -0.048     ; 9.510      ;
; 10.429 ; uart_rx:uart_inst|rx_data[1] ; text_screen_gen:text_gen|char_ram~18816 ; CLOCK_50     ; CLOCK_50    ; 20.000       ; -0.048     ; 9.510      ;
; 10.429 ; uart_rx:uart_inst|rx_data[1] ; text_screen_gen:text_gen|char_ram~18820 ; CLOCK_50     ; CLOCK_50    ; 20.000       ; -0.048     ; 9.510      ;
; 10.469 ; uart_rx:uart_inst|rx_data[5] ; text_screen_gen:text_gen|char_ram~18822 ; CLOCK_50     ; CLOCK_50    ; 20.000       ; -0.048     ; 9.470      ;
; 10.469 ; uart_rx:uart_inst|rx_data[5] ; text_screen_gen:text_gen|char_ram~18818 ; CLOCK_50     ; CLOCK_50    ; 20.000       ; -0.048     ; 9.470      ;
; 10.469 ; uart_rx:uart_inst|rx_data[5] ; text_screen_gen:text_gen|char_ram~18816 ; CLOCK_50     ; CLOCK_50    ; 20.000       ; -0.048     ; 9.470      ;
; 10.469 ; uart_rx:uart_inst|rx_data[5] ; text_screen_gen:text_gen|char_ram~18820 ; CLOCK_50     ; CLOCK_50    ; 20.000       ; -0.048     ; 9.470      ;
; 10.476 ; uart_rx:uart_inst|rx_data[7] ; text_screen_gen:text_gen|char_ram~18822 ; CLOCK_50     ; CLOCK_50    ; 20.000       ; -0.048     ; 9.463      ;
; 10.476 ; uart_rx:uart_inst|rx_data[7] ; text_screen_gen:text_gen|char_ram~18818 ; CLOCK_50     ; CLOCK_50    ; 20.000       ; -0.048     ; 9.463      ;
; 10.476 ; uart_rx:uart_inst|rx_data[7] ; text_screen_gen:text_gen|char_ram~18816 ; CLOCK_50     ; CLOCK_50    ; 20.000       ; -0.048     ; 9.463      ;
; 10.476 ; uart_rx:uart_inst|rx_data[7] ; text_screen_gen:text_gen|char_ram~18820 ; CLOCK_50     ; CLOCK_50    ; 20.000       ; -0.048     ; 9.463      ;
; 10.488 ; uart_rx:uart_inst|rx_data[2] ; text_screen_gen:text_gen|char_ram~18822 ; CLOCK_50     ; CLOCK_50    ; 20.000       ; -0.048     ; 9.451      ;
; 10.488 ; uart_rx:uart_inst|rx_data[2] ; text_screen_gen:text_gen|char_ram~18818 ; CLOCK_50     ; CLOCK_50    ; 20.000       ; -0.048     ; 9.451      ;
; 10.488 ; uart_rx:uart_inst|rx_data[2] ; text_screen_gen:text_gen|char_ram~18816 ; CLOCK_50     ; CLOCK_50    ; 20.000       ; -0.048     ; 9.451      ;
; 10.488 ; uart_rx:uart_inst|rx_data[2] ; text_screen_gen:text_gen|char_ram~18820 ; CLOCK_50     ; CLOCK_50    ; 20.000       ; -0.048     ; 9.451      ;
; 10.613 ; uart_rx:uart_inst|rx_data[0] ; text_screen_gen:text_gen|char_ram~11849 ; CLOCK_50     ; CLOCK_50    ; 20.000       ; -0.047     ; 9.327      ;
; 10.613 ; uart_rx:uart_inst|rx_data[6] ; text_screen_gen:text_gen|char_ram~18822 ; CLOCK_50     ; CLOCK_50    ; 20.000       ; -0.048     ; 9.326      ;
; 10.613 ; uart_rx:uart_inst|rx_data[6] ; text_screen_gen:text_gen|char_ram~18818 ; CLOCK_50     ; CLOCK_50    ; 20.000       ; -0.048     ; 9.326      ;
; 10.613 ; uart_rx:uart_inst|rx_data[6] ; text_screen_gen:text_gen|char_ram~18816 ; CLOCK_50     ; CLOCK_50    ; 20.000       ; -0.048     ; 9.326      ;
; 10.613 ; uart_rx:uart_inst|rx_data[6] ; text_screen_gen:text_gen|char_ram~18820 ; CLOCK_50     ; CLOCK_50    ; 20.000       ; -0.048     ; 9.326      ;
; 10.623 ; uart_rx:uart_inst|rx_data[4] ; text_screen_gen:text_gen|char_ram~18822 ; CLOCK_50     ; CLOCK_50    ; 20.000       ; -0.048     ; 9.316      ;
; 10.623 ; uart_rx:uart_inst|rx_data[4] ; text_screen_gen:text_gen|char_ram~18818 ; CLOCK_50     ; CLOCK_50    ; 20.000       ; -0.048     ; 9.316      ;
; 10.623 ; uart_rx:uart_inst|rx_data[4] ; text_screen_gen:text_gen|char_ram~18816 ; CLOCK_50     ; CLOCK_50    ; 20.000       ; -0.048     ; 9.316      ;
; 10.623 ; uart_rx:uart_inst|rx_data[4] ; text_screen_gen:text_gen|char_ram~18820 ; CLOCK_50     ; CLOCK_50    ; 20.000       ; -0.048     ; 9.316      ;
; 10.641 ; uart_rx:uart_inst|rx_data[3] ; text_screen_gen:text_gen|char_ram~18822 ; CLOCK_50     ; CLOCK_50    ; 20.000       ; -0.048     ; 9.298      ;
; 10.641 ; uart_rx:uart_inst|rx_data[3] ; text_screen_gen:text_gen|char_ram~18818 ; CLOCK_50     ; CLOCK_50    ; 20.000       ; -0.048     ; 9.298      ;
; 10.641 ; uart_rx:uart_inst|rx_data[3] ; text_screen_gen:text_gen|char_ram~18816 ; CLOCK_50     ; CLOCK_50    ; 20.000       ; -0.048     ; 9.298      ;
; 10.641 ; uart_rx:uart_inst|rx_data[3] ; text_screen_gen:text_gen|char_ram~18820 ; CLOCK_50     ; CLOCK_50    ; 20.000       ; -0.048     ; 9.298      ;
; 10.695 ; uart_rx:uart_inst|rx_data[0] ; text_screen_gen:text_gen|char_ram~17928 ; CLOCK_50     ; CLOCK_50    ; 20.000       ; 0.190      ; 9.482      ;
; 10.695 ; uart_rx:uart_inst|rx_data[0] ; text_screen_gen:text_gen|char_ram~17931 ; CLOCK_50     ; CLOCK_50    ; 20.000       ; 0.190      ; 9.482      ;
; 10.724 ; uart_rx:uart_inst|rx_data[1] ; text_screen_gen:text_gen|char_ram~11849 ; CLOCK_50     ; CLOCK_50    ; 20.000       ; -0.047     ; 9.216      ;
; 10.749 ; uart_rx:uart_inst|rx_data[0] ; text_screen_gen:text_gen|char_ram~13649 ; CLOCK_50     ; CLOCK_50    ; 20.000       ; -0.029     ; 9.209      ;
; 10.751 ; uart_rx:uart_inst|rx_data[0] ; text_screen_gen:text_gen|char_ram~18829 ; CLOCK_50     ; CLOCK_50    ; 20.000       ; -0.058     ; 9.178      ;
; 10.751 ; uart_rx:uart_inst|rx_data[0] ; text_screen_gen:text_gen|char_ram~18825 ; CLOCK_50     ; CLOCK_50    ; 20.000       ; -0.058     ; 9.178      ;
; 10.751 ; uart_rx:uart_inst|rx_data[0] ; text_screen_gen:text_gen|char_ram~18823 ; CLOCK_50     ; CLOCK_50    ; 20.000       ; -0.058     ; 9.178      ;
; 10.764 ; uart_rx:uart_inst|rx_data[5] ; text_screen_gen:text_gen|char_ram~11849 ; CLOCK_50     ; CLOCK_50    ; 20.000       ; -0.047     ; 9.176      ;
; 10.771 ; uart_rx:uart_inst|rx_data[7] ; text_screen_gen:text_gen|char_ram~11849 ; CLOCK_50     ; CLOCK_50    ; 20.000       ; -0.047     ; 9.169      ;
; 10.782 ; uart_rx:uart_inst|rx_data[0] ; text_screen_gen:text_gen|char_ram~18819 ; CLOCK_50     ; CLOCK_50    ; 20.000       ; -0.042     ; 9.163      ;
; 10.783 ; uart_rx:uart_inst|rx_data[2] ; text_screen_gen:text_gen|char_ram~11849 ; CLOCK_50     ; CLOCK_50    ; 20.000       ; -0.047     ; 9.157      ;
; 10.792 ; uart_rx:uart_inst|rx_data[0] ; text_screen_gen:text_gen|char_ram~19274 ; CLOCK_50     ; CLOCK_50    ; 20.000       ; -0.021     ; 9.174      ;
; 10.806 ; uart_rx:uart_inst|rx_data[1] ; text_screen_gen:text_gen|char_ram~17928 ; CLOCK_50     ; CLOCK_50    ; 20.000       ; 0.190      ; 9.371      ;
; 10.806 ; uart_rx:uart_inst|rx_data[1] ; text_screen_gen:text_gen|char_ram~17931 ; CLOCK_50     ; CLOCK_50    ; 20.000       ; 0.190      ; 9.371      ;
; 10.835 ; uart_rx:uart_inst|rx_data[0] ; text_screen_gen:text_gen|char_ram~19270 ; CLOCK_50     ; CLOCK_50    ; 20.000       ; -0.046     ; 9.106      ;
; 10.846 ; uart_rx:uart_inst|rx_data[5] ; text_screen_gen:text_gen|char_ram~17928 ; CLOCK_50     ; CLOCK_50    ; 20.000       ; 0.190      ; 9.331      ;
; 10.846 ; uart_rx:uart_inst|rx_data[5] ; text_screen_gen:text_gen|char_ram~17931 ; CLOCK_50     ; CLOCK_50    ; 20.000       ; 0.190      ; 9.331      ;
; 10.853 ; uart_rx:uart_inst|rx_data[7] ; text_screen_gen:text_gen|char_ram~17928 ; CLOCK_50     ; CLOCK_50    ; 20.000       ; 0.190      ; 9.324      ;
; 10.853 ; uart_rx:uart_inst|rx_data[7] ; text_screen_gen:text_gen|char_ram~17931 ; CLOCK_50     ; CLOCK_50    ; 20.000       ; 0.190      ; 9.324      ;
; 10.860 ; uart_rx:uart_inst|rx_data[1] ; text_screen_gen:text_gen|char_ram~13649 ; CLOCK_50     ; CLOCK_50    ; 20.000       ; -0.029     ; 9.098      ;
; 10.862 ; uart_rx:uart_inst|rx_data[1] ; text_screen_gen:text_gen|char_ram~18829 ; CLOCK_50     ; CLOCK_50    ; 20.000       ; -0.058     ; 9.067      ;
; 10.862 ; uart_rx:uart_inst|rx_data[1] ; text_screen_gen:text_gen|char_ram~18825 ; CLOCK_50     ; CLOCK_50    ; 20.000       ; -0.058     ; 9.067      ;
; 10.862 ; uart_rx:uart_inst|rx_data[1] ; text_screen_gen:text_gen|char_ram~18823 ; CLOCK_50     ; CLOCK_50    ; 20.000       ; -0.058     ; 9.067      ;
; 10.865 ; uart_rx:uart_inst|rx_data[2] ; text_screen_gen:text_gen|char_ram~17928 ; CLOCK_50     ; CLOCK_50    ; 20.000       ; 0.190      ; 9.312      ;
; 10.865 ; uart_rx:uart_inst|rx_data[2] ; text_screen_gen:text_gen|char_ram~17931 ; CLOCK_50     ; CLOCK_50    ; 20.000       ; 0.190      ; 9.312      ;
; 10.893 ; uart_rx:uart_inst|rx_data[1] ; text_screen_gen:text_gen|char_ram~18819 ; CLOCK_50     ; CLOCK_50    ; 20.000       ; -0.042     ; 9.052      ;
; 10.900 ; uart_rx:uart_inst|rx_data[5] ; text_screen_gen:text_gen|char_ram~13649 ; CLOCK_50     ; CLOCK_50    ; 20.000       ; -0.029     ; 9.058      ;
; 10.902 ; uart_rx:uart_inst|rx_data[5] ; text_screen_gen:text_gen|char_ram~18829 ; CLOCK_50     ; CLOCK_50    ; 20.000       ; -0.058     ; 9.027      ;
; 10.902 ; uart_rx:uart_inst|rx_data[5] ; text_screen_gen:text_gen|char_ram~18825 ; CLOCK_50     ; CLOCK_50    ; 20.000       ; -0.058     ; 9.027      ;
; 10.902 ; uart_rx:uart_inst|rx_data[5] ; text_screen_gen:text_gen|char_ram~18823 ; CLOCK_50     ; CLOCK_50    ; 20.000       ; -0.058     ; 9.027      ;
; 10.903 ; uart_rx:uart_inst|rx_data[1] ; text_screen_gen:text_gen|char_ram~19274 ; CLOCK_50     ; CLOCK_50    ; 20.000       ; -0.021     ; 9.063      ;
; 10.905 ; uart_rx:uart_inst|rx_data[0] ; text_screen_gen:text_gen|char_ram~19264 ; CLOCK_50     ; CLOCK_50    ; 20.000       ; -0.054     ; 9.028      ;
; 10.905 ; uart_rx:uart_inst|rx_data[0] ; text_screen_gen:text_gen|char_ram~19268 ; CLOCK_50     ; CLOCK_50    ; 20.000       ; -0.054     ; 9.028      ;
; 10.907 ; uart_rx:uart_inst|rx_data[7] ; text_screen_gen:text_gen|char_ram~13649 ; CLOCK_50     ; CLOCK_50    ; 20.000       ; -0.029     ; 9.051      ;
; 10.908 ; uart_rx:uart_inst|rx_data[0] ; text_screen_gen:text_gen|char_ram~19277 ; CLOCK_50     ; CLOCK_50    ; 20.000       ; -0.065     ; 9.014      ;
; 10.908 ; uart_rx:uart_inst|rx_data[0] ; text_screen_gen:text_gen|char_ram~19273 ; CLOCK_50     ; CLOCK_50    ; 20.000       ; -0.065     ; 9.014      ;
; 10.908 ; uart_rx:uart_inst|rx_data[6] ; text_screen_gen:text_gen|char_ram~11849 ; CLOCK_50     ; CLOCK_50    ; 20.000       ; -0.047     ; 9.032      ;
; 10.909 ; uart_rx:uart_inst|rx_data[7] ; text_screen_gen:text_gen|char_ram~18829 ; CLOCK_50     ; CLOCK_50    ; 20.000       ; -0.058     ; 9.020      ;
; 10.909 ; uart_rx:uart_inst|rx_data[7] ; text_screen_gen:text_gen|char_ram~18825 ; CLOCK_50     ; CLOCK_50    ; 20.000       ; -0.058     ; 9.020      ;
; 10.909 ; uart_rx:uart_inst|rx_data[7] ; text_screen_gen:text_gen|char_ram~18823 ; CLOCK_50     ; CLOCK_50    ; 20.000       ; -0.058     ; 9.020      ;
; 10.918 ; uart_rx:uart_inst|rx_data[4] ; text_screen_gen:text_gen|char_ram~11849 ; CLOCK_50     ; CLOCK_50    ; 20.000       ; -0.047     ; 9.022      ;
; 10.919 ; uart_rx:uart_inst|rx_data[2] ; text_screen_gen:text_gen|char_ram~13649 ; CLOCK_50     ; CLOCK_50    ; 20.000       ; -0.029     ; 9.039      ;
; 10.921 ; uart_rx:uart_inst|rx_data[2] ; text_screen_gen:text_gen|char_ram~18829 ; CLOCK_50     ; CLOCK_50    ; 20.000       ; -0.058     ; 9.008      ;
; 10.921 ; uart_rx:uart_inst|rx_data[2] ; text_screen_gen:text_gen|char_ram~18825 ; CLOCK_50     ; CLOCK_50    ; 20.000       ; -0.058     ; 9.008      ;
; 10.921 ; uart_rx:uart_inst|rx_data[2] ; text_screen_gen:text_gen|char_ram~18823 ; CLOCK_50     ; CLOCK_50    ; 20.000       ; -0.058     ; 9.008      ;
; 10.926 ; uart_rx:uart_inst|rx_data[0] ; text_screen_gen:text_gen|char_ram~18826 ; CLOCK_50     ; CLOCK_50    ; 20.000       ; -0.033     ; 9.028      ;
; 10.933 ; uart_rx:uart_inst|rx_data[5] ; text_screen_gen:text_gen|char_ram~18819 ; CLOCK_50     ; CLOCK_50    ; 20.000       ; -0.042     ; 9.012      ;
; 10.936 ; uart_rx:uart_inst|rx_data[3] ; text_screen_gen:text_gen|char_ram~11849 ; CLOCK_50     ; CLOCK_50    ; 20.000       ; -0.047     ; 9.004      ;
; 10.938 ; uart_rx:uart_inst|rx_data[0] ; text_screen_gen:text_gen|char_ram~19272 ; CLOCK_50     ; CLOCK_50    ; 20.000       ; 0.173      ; 9.222      ;
; 10.938 ; uart_rx:uart_inst|rx_data[0] ; text_screen_gen:text_gen|char_ram~19271 ; CLOCK_50     ; CLOCK_50    ; 20.000       ; 0.173      ; 9.222      ;
; 10.938 ; uart_rx:uart_inst|rx_data[0] ; text_screen_gen:text_gen|char_ram~19276 ; CLOCK_50     ; CLOCK_50    ; 20.000       ; 0.173      ; 9.222      ;
; 10.940 ; uart_rx:uart_inst|rx_data[7] ; text_screen_gen:text_gen|char_ram~18819 ; CLOCK_50     ; CLOCK_50    ; 20.000       ; -0.042     ; 9.005      ;
; 10.943 ; uart_rx:uart_inst|rx_data[5] ; text_screen_gen:text_gen|char_ram~19274 ; CLOCK_50     ; CLOCK_50    ; 20.000       ; -0.021     ; 9.023      ;
; 10.946 ; uart_rx:uart_inst|rx_data[1] ; text_screen_gen:text_gen|char_ram~19270 ; CLOCK_50     ; CLOCK_50    ; 20.000       ; -0.046     ; 8.995      ;
; 10.950 ; uart_rx:uart_inst|rx_data[7] ; text_screen_gen:text_gen|char_ram~19274 ; CLOCK_50     ; CLOCK_50    ; 20.000       ; -0.021     ; 9.016      ;
; 10.952 ; uart_rx:uart_inst|rx_data[2] ; text_screen_gen:text_gen|char_ram~18819 ; CLOCK_50     ; CLOCK_50    ; 20.000       ; -0.042     ; 8.993      ;
; 10.962 ; uart_rx:uart_inst|rx_data[2] ; text_screen_gen:text_gen|char_ram~19274 ; CLOCK_50     ; CLOCK_50    ; 20.000       ; -0.021     ; 9.004      ;
; 10.963 ; uart_rx:uart_inst|rx_data[0] ; text_screen_gen:text_gen|char_ram~21715 ; CLOCK_50     ; CLOCK_50    ; 20.000       ; 0.019      ; 9.043      ;
; 10.974 ; uart_rx:uart_inst|rx_data[0] ; text_screen_gen:text_gen|char_ram~3793  ; CLOCK_50     ; CLOCK_50    ; 20.000       ; 0.222      ; 9.235      ;
; 10.980 ; uart_rx:uart_inst|rx_data[0] ; text_screen_gen:text_gen|char_ram~19275 ; CLOCK_50     ; CLOCK_50    ; 20.000       ; 0.115      ; 9.122      ;
; 10.986 ; uart_rx:uart_inst|rx_data[5] ; text_screen_gen:text_gen|char_ram~19270 ; CLOCK_50     ; CLOCK_50    ; 20.000       ; -0.046     ; 8.955      ;
; 10.990 ; uart_rx:uart_inst|rx_data[6] ; text_screen_gen:text_gen|char_ram~17928 ; CLOCK_50     ; CLOCK_50    ; 20.000       ; 0.190      ; 9.187      ;
; 10.990 ; uart_rx:uart_inst|rx_data[6] ; text_screen_gen:text_gen|char_ram~17931 ; CLOCK_50     ; CLOCK_50    ; 20.000       ; 0.190      ; 9.187      ;
; 10.993 ; uart_rx:uart_inst|rx_data[7] ; text_screen_gen:text_gen|char_ram~19270 ; CLOCK_50     ; CLOCK_50    ; 20.000       ; -0.046     ; 8.948      ;
; 11.000 ; uart_rx:uart_inst|rx_data[4] ; text_screen_gen:text_gen|char_ram~17928 ; CLOCK_50     ; CLOCK_50    ; 20.000       ; 0.190      ; 9.177      ;
; 11.000 ; uart_rx:uart_inst|rx_data[4] ; text_screen_gen:text_gen|char_ram~17931 ; CLOCK_50     ; CLOCK_50    ; 20.000       ; 0.190      ; 9.177      ;
; 11.005 ; uart_rx:uart_inst|rx_data[2] ; text_screen_gen:text_gen|char_ram~19270 ; CLOCK_50     ; CLOCK_50    ; 20.000       ; -0.046     ; 8.936      ;
+--------+------------------------------+-----------------------------------------+--------------+-------------+--------------+------------+------------+


+-------------------------------------------------------------------------------------------------------------------------------------------------------------------------------------------------+
; Fast 1200mV 0C Model Hold: 'CLOCK_50'                                                                                                                                                           ;
+-------+---------------------------------------------------------+---------------------------------------------------------+--------------+-------------+--------------+------------+------------+
; Slack ; From Node                                               ; To Node                                                 ; Launch Clock ; Latch Clock ; Relationship ; Clock Skew ; Data Delay ;
+-------+---------------------------------------------------------+---------------------------------------------------------+--------------+-------------+--------------+------------+------------+
; 0.175 ; lcd_driver:lcd_inst|LCD_RS                              ; lcd_driver:lcd_inst|LCD_RS                              ; CLOCK_50     ; CLOCK_50    ; 0.000        ; 0.048      ; 0.307      ;
; 0.175 ; lcd_driver:lcd_inst|LCD_DATA[7]                         ; lcd_driver:lcd_inst|LCD_DATA[7]                         ; CLOCK_50     ; CLOCK_50    ; 0.000        ; 0.048      ; 0.307      ;
; 0.175 ; lcd_driver:lcd_inst|LCD_DATA[6]                         ; lcd_driver:lcd_inst|LCD_DATA[6]                         ; CLOCK_50     ; CLOCK_50    ; 0.000        ; 0.048      ; 0.307      ;
; 0.175 ; lcd_driver:lcd_inst|LCD_DATA[3]                         ; lcd_driver:lcd_inst|LCD_DATA[3]                         ; CLOCK_50     ; CLOCK_50    ; 0.000        ; 0.048      ; 0.307      ;
; 0.175 ; lcd_driver:lcd_inst|LCD_DATA[2]                         ; lcd_driver:lcd_inst|LCD_DATA[2]                         ; CLOCK_50     ; CLOCK_50    ; 0.000        ; 0.048      ; 0.307      ;
; 0.175 ; lcd_driver:lcd_inst|LCD_DATA[1]                         ; lcd_driver:lcd_inst|LCD_DATA[1]                         ; CLOCK_50     ; CLOCK_50    ; 0.000        ; 0.048      ; 0.307      ;
; 0.175 ; lcd_driver:lcd_inst|LCD_DATA[0]                         ; lcd_driver:lcd_inst|LCD_DATA[0]                         ; CLOCK_50     ; CLOCK_50    ; 0.000        ; 0.048      ; 0.307      ;
; 0.175 ; lcd_driver:lcd_inst|state.S_DELAY                       ; lcd_driver:lcd_inst|state.S_DELAY                       ; CLOCK_50     ; CLOCK_50    ; 0.000        ; 0.048      ; 0.307      ;
; 0.175 ; lcd_driver:lcd_inst|state.S_INIT_1                      ; lcd_driver:lcd_inst|state.S_INIT_1                      ; CLOCK_50     ; CLOCK_50    ; 0.000        ; 0.048      ; 0.307      ;
; 0.175 ; lcd_driver:lcd_inst|state.S_PWR_UP                      ; lcd_driver:lcd_inst|state.S_PWR_UP                      ; CLOCK_50     ; CLOCK_50    ; 0.000        ; 0.048      ; 0.307      ;
; 0.175 ; lcd_driver:lcd_inst|next_state_after_delay.S_ENTRY_MODE ; lcd_driver:lcd_inst|next_state_after_delay.S_ENTRY_MODE ; CLOCK_50     ; CLOCK_50    ; 0.000        ; 0.048      ; 0.307      ;
; 0.175 ; lcd_driver:lcd_inst|next_state_after_delay.S_DISP_CLEAR ; lcd_driver:lcd_inst|next_state_after_delay.S_DISP_CLEAR ; CLOCK_50     ; CLOCK_50    ; 0.000        ; 0.048      ; 0.307      ;
; 0.175 ; lcd_driver:lcd_inst|next_state_after_delay.S_DISP_OFF   ; lcd_driver:lcd_inst|next_state_after_delay.S_DISP_OFF   ; CLOCK_50     ; CLOCK_50    ; 0.000        ; 0.048      ; 0.307      ;
; 0.175 ; lcd_driver:lcd_inst|next_state_after_delay.S_FUNC_SET   ; lcd_driver:lcd_inst|next_state_after_delay.S_FUNC_SET   ; CLOCK_50     ; CLOCK_50    ; 0.000        ; 0.048      ; 0.307      ;
; 0.175 ; lcd_driver:lcd_inst|next_state_after_delay.S_INIT_3     ; lcd_driver:lcd_inst|next_state_after_delay.S_INIT_3     ; CLOCK_50     ; CLOCK_50    ; 0.000        ; 0.048      ; 0.307      ;
; 0.175 ; lcd_driver:lcd_inst|next_state_after_delay.S_INIT_2     ; lcd_driver:lcd_inst|next_state_after_delay.S_INIT_2     ; CLOCK_50     ; CLOCK_50    ; 0.000        ; 0.048      ; 0.307      ;
; 0.175 ; lcd_driver:lcd_inst|next_state_after_delay.S_DISP_ON    ; lcd_driver:lcd_inst|next_state_after_delay.S_DISP_ON    ; CLOCK_50     ; CLOCK_50    ; 0.000        ; 0.048      ; 0.307      ;
; 0.175 ; lcd_driver:lcd_inst|next_state_after_delay.S_IDLE       ; lcd_driver:lcd_inst|next_state_after_delay.S_IDLE       ; CLOCK_50     ; CLOCK_50    ; 0.000        ; 0.048      ; 0.307      ;
; 0.175 ; lcd_driver:lcd_inst|busy                                ; lcd_driver:lcd_inst|busy                                ; CLOCK_50     ; CLOCK_50    ; 0.000        ; 0.048      ; 0.307      ;
; 0.176 ; uart_rx:uart_inst|rx_byte[3]                            ; uart_rx:uart_inst|rx_byte[3]                            ; CLOCK_50     ; CLOCK_50    ; 0.000        ; 0.047      ; 0.307      ;
; 0.176 ; uart_rx:uart_inst|rx_byte[7]                            ; uart_rx:uart_inst|rx_byte[7]                            ; CLOCK_50     ; CLOCK_50    ; 0.000        ; 0.047      ; 0.307      ;
; 0.176 ; uart_rx:uart_inst|rx_byte[6]                            ; uart_rx:uart_inst|rx_byte[6]                            ; CLOCK_50     ; CLOCK_50    ; 0.000        ; 0.047      ; 0.307      ;
; 0.176 ; uart_rx:uart_inst|rx_byte[0]                            ; uart_rx:uart_inst|rx_byte[0]                            ; CLOCK_50     ; CLOCK_50    ; 0.000        ; 0.047      ; 0.307      ;
; 0.176 ; uart_rx:uart_inst|rx_byte[2]                            ; uart_rx:uart_inst|rx_byte[2]                            ; CLOCK_50     ; CLOCK_50    ; 0.000        ; 0.047      ; 0.307      ;
; 0.176 ; uart_rx:uart_inst|rx_byte[5]                            ; uart_rx:uart_inst|rx_byte[5]                            ; CLOCK_50     ; CLOCK_50    ; 0.000        ; 0.047      ; 0.307      ;
; 0.176 ; uart_rx:uart_inst|rx_byte[4]                            ; uart_rx:uart_inst|rx_byte[4]                            ; CLOCK_50     ; CLOCK_50    ; 0.000        ; 0.047      ; 0.307      ;
; 0.177 ; uart_rx:uart_inst|rx_byte[1]                            ; uart_rx:uart_inst|rx_byte[1]                            ; CLOCK_50     ; CLOCK_50    ; 0.000        ; 0.046      ; 0.307      ;
; 0.177 ; uart_rx:uart_inst|state.S_IDLE                          ; uart_rx:uart_inst|state.S_IDLE                          ; CLOCK_50     ; CLOCK_50    ; 0.000        ; 0.046      ; 0.307      ;
; 0.177 ; uart_rx:uart_inst|state.S_DATA_BITS                     ; uart_rx:uart_inst|state.S_DATA_BITS                     ; CLOCK_50     ; CLOCK_50    ; 0.000        ; 0.046      ; 0.307      ;
; 0.177 ; uart_rx:uart_inst|state.S_START_BIT                     ; uart_rx:uart_inst|state.S_START_BIT                     ; CLOCK_50     ; CLOCK_50    ; 0.000        ; 0.046      ; 0.307      ;
; 0.177 ; uart_rx:uart_inst|bit_index[1]                          ; uart_rx:uart_inst|bit_index[1]                          ; CLOCK_50     ; CLOCK_50    ; 0.000        ; 0.046      ; 0.307      ;
; 0.177 ; uart_rx:uart_inst|bit_index[2]                          ; uart_rx:uart_inst|bit_index[2]                          ; CLOCK_50     ; CLOCK_50    ; 0.000        ; 0.046      ; 0.307      ;
; 0.177 ; uart_rx:uart_inst|bit_index[0]                          ; uart_rx:uart_inst|bit_index[0]                          ; CLOCK_50     ; CLOCK_50    ; 0.000        ; 0.046      ; 0.307      ;
; 0.182 ; lcd_driver:lcd_inst|next_state_after_delay.S_FUNC_SET   ; lcd_driver:lcd_inst|state.S_FUNC_SET                    ; CLOCK_50     ; CLOCK_50    ; 0.000        ; 0.048      ; 0.314      ;
; 0.182 ; lcd_driver:lcd_inst|state.S_WAIT_EN                     ; lcd_driver:lcd_inst|state.S_WAIT_EN                     ; CLOCK_50     ; CLOCK_50    ; 0.000        ; 0.048      ; 0.314      ;
; 0.182 ; uart_rx:uart_inst|rx_byte[0]                            ; uart_rx:uart_inst|rx_data[0]                            ; CLOCK_50     ; CLOCK_50    ; 0.000        ; 0.047      ; 0.313      ;
; 0.182 ; uart_rx:uart_inst|rx_byte[2]                            ; uart_rx:uart_inst|rx_data[2]                            ; CLOCK_50     ; CLOCK_50    ; 0.000        ; 0.047      ; 0.313      ;
; 0.184 ; uart_rx:uart_inst|rx_byte[7]                            ; uart_rx:uart_inst|rx_data[7]                            ; CLOCK_50     ; CLOCK_50    ; 0.000        ; 0.047      ; 0.315      ;
; 0.184 ; uart_rx:uart_inst|rx_byte[5]                            ; uart_rx:uart_inst|rx_data[5]                            ; CLOCK_50     ; CLOCK_50    ; 0.000        ; 0.047      ; 0.315      ;
; 0.184 ; uart_rx:uart_inst|state.S_CLEANUP                       ; uart_rx:uart_inst|state.S_CLEANUP                       ; CLOCK_50     ; CLOCK_50    ; 0.000        ; 0.046      ; 0.314      ;
; 0.192 ; lcd_driver:lcd_inst|next_state_after_delay.S_IDLE       ; lcd_driver:lcd_inst|state.S_IDLE                        ; CLOCK_50     ; CLOCK_50    ; 0.000        ; 0.048      ; 0.324      ;
; 0.193 ; lcd_driver:lcd_inst|cnt[19]                             ; lcd_driver:lcd_inst|cnt[19]                             ; CLOCK_50     ; CLOCK_50    ; 0.000        ; 0.048      ; 0.325      ;
; 0.197 ; uart_rx:uart_inst|state.S_CLEANUP                       ; uart_rx:uart_inst|state.S_STOP_BIT                      ; CLOCK_50     ; CLOCK_50    ; 0.000        ; 0.046      ; 0.327      ;
; 0.199 ; uart_rx:uart_inst|state.S_CLEANUP                       ; uart_rx:uart_inst|state.S_START_BIT                     ; CLOCK_50     ; CLOCK_50    ; 0.000        ; 0.046      ; 0.329      ;
; 0.202 ; uart_rx:uart_inst|state.S_DATA_BITS                     ; uart_rx:uart_inst|bit_index[0]                          ; CLOCK_50     ; CLOCK_50    ; 0.000        ; 0.046      ; 0.332      ;
; 0.202 ; uart_rx:uart_inst|state.S_CLEANUP                       ; uart_rx:uart_inst|state.S_IDLE                          ; CLOCK_50     ; CLOCK_50    ; 0.000        ; 0.046      ; 0.332      ;
; 0.210 ; lcd_char_valid                                          ; lcd_driver:lcd_inst|state.S_WAIT_EN                     ; CLOCK_50     ; CLOCK_50    ; 0.000        ; 0.048      ; 0.342      ;
; 0.214 ; lcd_char_valid                                          ; lcd_driver:lcd_inst|busy                                ; CLOCK_50     ; CLOCK_50    ; 0.000        ; 0.048      ; 0.346      ;
; 0.244 ; lcd_driver:lcd_inst|next_state_after_delay.S_INIT_3     ; lcd_driver:lcd_inst|state.S_INIT_3                      ; CLOCK_50     ; CLOCK_50    ; 0.000        ; 0.048      ; 0.376      ;
; 0.245 ; lcd_driver:lcd_inst|next_state_after_delay.S_ENTRY_MODE ; lcd_driver:lcd_inst|state.S_ENTRY_MODE                  ; CLOCK_50     ; CLOCK_50    ; 0.000        ; 0.048      ; 0.377      ;
; 0.246 ; lcd_driver:lcd_inst|next_state_after_delay.S_DISP_OFF   ; lcd_driver:lcd_inst|state.S_DISP_OFF                    ; CLOCK_50     ; CLOCK_50    ; 0.000        ; 0.048      ; 0.378      ;
; 0.253 ; uart_rx:uart_inst|rx_byte[1]                            ; uart_rx:uart_inst|rx_data[1]                            ; CLOCK_50     ; CLOCK_50    ; 0.000        ; 0.045      ; 0.382      ;
; 0.258 ; uart_rx:uart_inst|rx_byte[4]                            ; uart_rx:uart_inst|rx_data[4]                            ; CLOCK_50     ; CLOCK_50    ; 0.000        ; 0.047      ; 0.389      ;
; 0.259 ; uart_rx:uart_inst|rx_byte[6]                            ; uart_rx:uart_inst|rx_data[6]                            ; CLOCK_50     ; CLOCK_50    ; 0.000        ; 0.047      ; 0.390      ;
; 0.261 ; uart_rx:uart_inst|rx_byte[3]                            ; uart_rx:uart_inst|rx_data[3]                            ; CLOCK_50     ; CLOCK_50    ; 0.000        ; 0.047      ; 0.392      ;
; 0.275 ; uart_rx:uart_inst|rx_data[2]                            ; text_screen_gen:text_gen|char_ram~14219                 ; CLOCK_50     ; CLOCK_50    ; 0.000        ; 0.045      ; 0.404      ;
; 0.286 ; lcd_char_data[7]                                        ; lcd_driver:lcd_inst|LCD_DATA[7]                         ; CLOCK_50     ; CLOCK_50    ; 0.000        ; 0.048      ; 0.418      ;
; 0.287 ; lcd_driver:lcd_inst|next_state_after_delay.S_DISP_ON    ; lcd_driver:lcd_inst|state.S_DISP_ON                     ; CLOCK_50     ; CLOCK_50    ; 0.000        ; 0.048      ; 0.419      ;
; 0.291 ; lcd_driver:lcd_inst|cnt[1]                              ; lcd_driver:lcd_inst|cnt[1]                              ; CLOCK_50     ; CLOCK_50    ; 0.000        ; 0.047      ; 0.422      ;
; 0.292 ; lcd_driver:lcd_inst|cnt[2]                              ; lcd_driver:lcd_inst|cnt[2]                              ; CLOCK_50     ; CLOCK_50    ; 0.000        ; 0.047      ; 0.423      ;
; 0.294 ; lcd_driver:lcd_inst|cnt[17]                             ; lcd_driver:lcd_inst|cnt[17]                             ; CLOCK_50     ; CLOCK_50    ; 0.000        ; 0.048      ; 0.426      ;
; 0.296 ; lcd_driver:lcd_inst|cnt[11]                             ; lcd_driver:lcd_inst|cnt[11]                             ; CLOCK_50     ; CLOCK_50    ; 0.000        ; 0.048      ; 0.428      ;
; 0.297 ; lcd_driver:lcd_inst|cnt[9]                              ; lcd_driver:lcd_inst|cnt[9]                              ; CLOCK_50     ; CLOCK_50    ; 0.000        ; 0.047      ; 0.428      ;
; 0.297 ; lcd_driver:lcd_inst|cnt[10]                             ; lcd_driver:lcd_inst|cnt[10]                             ; CLOCK_50     ; CLOCK_50    ; 0.000        ; 0.048      ; 0.429      ;
; 0.297 ; lcd_driver:lcd_inst|cnt[13]                             ; lcd_driver:lcd_inst|cnt[13]                             ; CLOCK_50     ; CLOCK_50    ; 0.000        ; 0.048      ; 0.429      ;
; 0.297 ; uart_rx:uart_inst|clk_cnt[1]                            ; uart_rx:uart_inst|clk_cnt[1]                            ; CLOCK_50     ; CLOCK_50    ; 0.000        ; 0.047      ; 0.428      ;
; 0.297 ; uart_rx:uart_inst|clk_cnt[15]                           ; uart_rx:uart_inst|clk_cnt[15]                           ; CLOCK_50     ; CLOCK_50    ; 0.000        ; 0.047      ; 0.428      ;
; 0.298 ; lcd_driver:lcd_inst|cnt[12]                             ; lcd_driver:lcd_inst|cnt[12]                             ; CLOCK_50     ; CLOCK_50    ; 0.000        ; 0.048      ; 0.430      ;
; 0.298 ; lcd_driver:lcd_inst|state.S_INIT_2                      ; lcd_driver:lcd_inst|next_state_after_delay.S_INIT_3     ; CLOCK_50     ; CLOCK_50    ; 0.000        ; 0.048      ; 0.430      ;
; 0.298 ; uart_rx:uart_inst|clk_cnt[13]                           ; uart_rx:uart_inst|clk_cnt[13]                           ; CLOCK_50     ; CLOCK_50    ; 0.000        ; 0.047      ; 0.429      ;
; 0.298 ; uart_rx:uart_inst|clk_cnt[3]                            ; uart_rx:uart_inst|clk_cnt[3]                            ; CLOCK_50     ; CLOCK_50    ; 0.000        ; 0.047      ; 0.429      ;
; 0.298 ; uart_rx:uart_inst|clk_cnt[5]                            ; uart_rx:uart_inst|clk_cnt[5]                            ; CLOCK_50     ; CLOCK_50    ; 0.000        ; 0.047      ; 0.429      ;
; 0.298 ; uart_rx:uart_inst|clk_cnt[7]                            ; uart_rx:uart_inst|clk_cnt[7]                            ; CLOCK_50     ; CLOCK_50    ; 0.000        ; 0.047      ; 0.429      ;
; 0.298 ; uart_rx:uart_inst|clk_cnt[9]                            ; uart_rx:uart_inst|clk_cnt[9]                            ; CLOCK_50     ; CLOCK_50    ; 0.000        ; 0.047      ; 0.429      ;
; 0.298 ; uart_rx:uart_inst|clk_cnt[11]                           ; uart_rx:uart_inst|clk_cnt[11]                           ; CLOCK_50     ; CLOCK_50    ; 0.000        ; 0.047      ; 0.429      ;
; 0.299 ; lcd_driver:lcd_inst|cnt[18]                             ; lcd_driver:lcd_inst|cnt[18]                             ; CLOCK_50     ; CLOCK_50    ; 0.000        ; 0.048      ; 0.431      ;
; 0.299 ; lcd_driver:lcd_inst|cnt[14]                             ; lcd_driver:lcd_inst|cnt[14]                             ; CLOCK_50     ; CLOCK_50    ; 0.000        ; 0.048      ; 0.431      ;
; 0.299 ; uart_rx:uart_inst|clk_cnt[8]                            ; uart_rx:uart_inst|clk_cnt[8]                            ; CLOCK_50     ; CLOCK_50    ; 0.000        ; 0.047      ; 0.430      ;
; 0.299 ; uart_rx:uart_inst|clk_cnt[2]                            ; uart_rx:uart_inst|clk_cnt[2]                            ; CLOCK_50     ; CLOCK_50    ; 0.000        ; 0.047      ; 0.430      ;
; 0.299 ; uart_rx:uart_inst|clk_cnt[4]                            ; uart_rx:uart_inst|clk_cnt[4]                            ; CLOCK_50     ; CLOCK_50    ; 0.000        ; 0.047      ; 0.430      ;
; 0.299 ; uart_rx:uart_inst|clk_cnt[6]                            ; uart_rx:uart_inst|clk_cnt[6]                            ; CLOCK_50     ; CLOCK_50    ; 0.000        ; 0.047      ; 0.430      ;
; 0.299 ; uart_rx:uart_inst|clk_cnt[14]                           ; uart_rx:uart_inst|clk_cnt[14]                           ; CLOCK_50     ; CLOCK_50    ; 0.000        ; 0.047      ; 0.430      ;
; 0.300 ; uart_rx:uart_inst|clk_cnt[10]                           ; uart_rx:uart_inst|clk_cnt[10]                           ; CLOCK_50     ; CLOCK_50    ; 0.000        ; 0.047      ; 0.431      ;
; 0.300 ; uart_rx:uart_inst|clk_cnt[12]                           ; uart_rx:uart_inst|clk_cnt[12]                           ; CLOCK_50     ; CLOCK_50    ; 0.000        ; 0.047      ; 0.431      ;
; 0.301 ; lcd_driver:lcd_inst|cnt[7]                              ; lcd_driver:lcd_inst|cnt[7]                              ; CLOCK_50     ; CLOCK_50    ; 0.000        ; 0.047      ; 0.432      ;
; 0.301 ; lcd_driver:lcd_inst|state.S_DISP_CLEAR                  ; lcd_driver:lcd_inst|next_state_after_delay.S_ENTRY_MODE ; CLOCK_50     ; CLOCK_50    ; 0.000        ; 0.048      ; 0.433      ;
; 0.302 ; lcd_driver:lcd_inst|cnt[0]                              ; lcd_driver:lcd_inst|cnt[0]                              ; CLOCK_50     ; CLOCK_50    ; 0.000        ; 0.047      ; 0.433      ;
; 0.302 ; lcd_driver:lcd_inst|cnt[3]                              ; lcd_driver:lcd_inst|cnt[3]                              ; CLOCK_50     ; CLOCK_50    ; 0.000        ; 0.047      ; 0.433      ;
; 0.302 ; lcd_driver:lcd_inst|cnt[5]                              ; lcd_driver:lcd_inst|cnt[5]                              ; CLOCK_50     ; CLOCK_50    ; 0.000        ; 0.047      ; 0.433      ;
; 0.303 ; lcd_driver:lcd_inst|cnt[6]                              ; lcd_driver:lcd_inst|cnt[6]                              ; CLOCK_50     ; CLOCK_50    ; 0.000        ; 0.047      ; 0.434      ;
; 0.304 ; lcd_driver:lcd_inst|cnt[16]                             ; lcd_driver:lcd_inst|cnt[16]                             ; CLOCK_50     ; CLOCK_50    ; 0.000        ; 0.048      ; 0.436      ;
; 0.306 ; lcd_driver:lcd_inst|next_state_after_delay.S_DISP_CLEAR ; lcd_driver:lcd_inst|state.S_DISP_CLEAR                  ; CLOCK_50     ; CLOCK_50    ; 0.000        ; 0.048      ; 0.438      ;
; 0.307 ; lcd_driver:lcd_inst|cnt[4]                              ; lcd_driver:lcd_inst|cnt[4]                              ; CLOCK_50     ; CLOCK_50    ; 0.000        ; 0.047      ; 0.438      ;
; 0.309 ; lcd_driver:lcd_inst|state.S_WAIT_EN                     ; lcd_driver:lcd_inst|state.S_HOLD                        ; CLOCK_50     ; CLOCK_50    ; 0.000        ; 0.048      ; 0.441      ;
; 0.309 ; uart_rx:uart_inst|clk_cnt[0]                            ; uart_rx:uart_inst|clk_cnt[0]                            ; CLOCK_50     ; CLOCK_50    ; 0.000        ; 0.047      ; 0.440      ;
; 0.311 ; lcd_driver:lcd_inst|state.S_INIT_1                      ; lcd_driver:lcd_inst|next_state_after_delay.S_INIT_2     ; CLOCK_50     ; CLOCK_50    ; 0.000        ; 0.048      ; 0.443      ;
; 0.315 ; lcd_driver:lcd_inst|state.S_IDLE                        ; lcd_driver:lcd_inst|LCD_RS                              ; CLOCK_50     ; CLOCK_50    ; 0.000        ; 0.048      ; 0.447      ;
; 0.328 ; lcd_char_data[5]                                        ; lcd_driver:lcd_inst|LCD_DATA[5]                         ; CLOCK_50     ; CLOCK_50    ; 0.000        ; 0.054      ; 0.466      ;
; 0.328 ; lcd_char_valid                                          ; lcd_driver:lcd_inst|state.S_HOLD                        ; CLOCK_50     ; CLOCK_50    ; 0.000        ; 0.048      ; 0.460      ;
; 0.332 ; uart_rx:uart_inst|state.S_IDLE                          ; uart_rx:uart_inst|bit_index[0]                          ; CLOCK_50     ; CLOCK_50    ; 0.000        ; 0.046      ; 0.462      ;
+-------+---------------------------------------------------------+---------------------------------------------------------+--------------+-------------+--------------+------------+------------+


+--------------------------------------------------------------------------------------------------------------------------------------------------------------------------------------------------------------------------------+
; Fast 1200mV 0C Model Hold: 'pll_inst|altpll_component|auto_generated|pll1|clk[0]'                                                                                                                                              ;
+-------+--------------------------------+--------------------------------+------------------------------------------------------+------------------------------------------------------+--------------+------------+------------+
; Slack ; From Node                      ; To Node                        ; Launch Clock                                         ; Latch Clock                                          ; Relationship ; Clock Skew ; Data Delay ;
+-------+--------------------------------+--------------------------------+------------------------------------------------------+------------------------------------------------------+--------------+------------+------------+
; 0.287 ; vga_controller:vga_c|h_cnt[5]  ; vga_controller:vga_c|h_cnt[5]  ; pll_inst|altpll_component|auto_generated|pll1|clk[0] ; pll_inst|altpll_component|auto_generated|pll1|clk[0] ; 0.000        ; 0.057      ; 0.428      ;
; 0.287 ; vga_controller:vga_c|h_cnt[1]  ; vga_controller:vga_c|h_cnt[1]  ; pll_inst|altpll_component|auto_generated|pll1|clk[0] ; pll_inst|altpll_component|auto_generated|pll1|clk[0] ; 0.000        ; 0.057      ; 0.428      ;
; 0.289 ; vga_controller:vga_c|h_cnt[2]  ; vga_controller:vga_c|h_cnt[2]  ; pll_inst|altpll_component|auto_generated|pll1|clk[0] ; pll_inst|altpll_component|auto_generated|pll1|clk[0] ; 0.000        ; 0.057      ; 0.430      ;
; 0.296 ; vga_controller:vga_c|v_cnt[3]  ; vga_controller:vga_c|v_cnt[3]  ; pll_inst|altpll_component|auto_generated|pll1|clk[0] ; pll_inst|altpll_component|auto_generated|pll1|clk[0] ; 0.000        ; 0.048      ; 0.428      ;
; 0.297 ; vga_controller:vga_c|v_cnt[4]  ; vga_controller:vga_c|v_cnt[4]  ; pll_inst|altpll_component|auto_generated|pll1|clk[0] ; pll_inst|altpll_component|auto_generated|pll1|clk[0] ; 0.000        ; 0.048      ; 0.429      ;
; 0.299 ; vga_controller:vga_c|h_cnt[0]  ; vga_controller:vga_c|h_cnt[0]  ; pll_inst|altpll_component|auto_generated|pll1|clk[0] ; pll_inst|altpll_component|auto_generated|pll1|clk[0] ; 0.000        ; 0.057      ; 0.440      ;
; 0.308 ; vga_controller:vga_c|v_cnt[1]  ; vga_controller:vga_c|v_cnt[1]  ; pll_inst|altpll_component|auto_generated|pll1|clk[0] ; pll_inst|altpll_component|auto_generated|pll1|clk[0] ; 0.000        ; 0.048      ; 0.440      ;
; 0.436 ; vga_controller:vga_c|h_cnt[1]  ; vga_controller:vga_c|h_cnt[2]  ; pll_inst|altpll_component|auto_generated|pll1|clk[0] ; pll_inst|altpll_component|auto_generated|pll1|clk[0] ; 0.000        ; 0.057      ; 0.577      ;
; 0.440 ; vga_controller:vga_c|h_cnt[3]  ; vga_controller:vga_c|h_cnt[3]  ; pll_inst|altpll_component|auto_generated|pll1|clk[0] ; pll_inst|altpll_component|auto_generated|pll1|clk[0] ; 0.000        ; 0.057      ; 0.581      ;
; 0.445 ; vga_controller:vga_c|v_cnt[3]  ; vga_controller:vga_c|v_cnt[4]  ; pll_inst|altpll_component|auto_generated|pll1|clk[0] ; pll_inst|altpll_component|auto_generated|pll1|clk[0] ; 0.000        ; 0.048      ; 0.577      ;
; 0.446 ; vga_controller:vga_c|h_cnt[0]  ; vga_controller:vga_c|h_cnt[1]  ; pll_inst|altpll_component|auto_generated|pll1|clk[0] ; pll_inst|altpll_component|auto_generated|pll1|clk[0] ; 0.000        ; 0.057      ; 0.587      ;
; 0.449 ; vga_controller:vga_c|h_cnt[0]  ; vga_controller:vga_c|h_cnt[2]  ; pll_inst|altpll_component|auto_generated|pll1|clk[0] ; pll_inst|altpll_component|auto_generated|pll1|clk[0] ; 0.000        ; 0.057      ; 0.590      ;
; 0.455 ; vga_controller:vga_c|h_cnt[4]  ; vga_controller:vga_c|h_cnt[4]  ; pll_inst|altpll_component|auto_generated|pll1|clk[0] ; pll_inst|altpll_component|auto_generated|pll1|clk[0] ; 0.000        ; 0.057      ; 0.596      ;
; 0.455 ; vga_controller:vga_c|v_cnt[0]  ; vga_controller:vga_c|v_cnt[1]  ; pll_inst|altpll_component|auto_generated|pll1|clk[0] ; pll_inst|altpll_component|auto_generated|pll1|clk[0] ; 0.000        ; 0.048      ; 0.587      ;
; 0.456 ; vga_controller:vga_c|v_cnt[2]  ; vga_controller:vga_c|v_cnt[3]  ; pll_inst|altpll_component|auto_generated|pll1|clk[0] ; pll_inst|altpll_component|auto_generated|pll1|clk[0] ; 0.000        ; 0.048      ; 0.588      ;
; 0.459 ; vga_controller:vga_c|v_cnt[2]  ; vga_controller:vga_c|v_cnt[4]  ; pll_inst|altpll_component|auto_generated|pll1|clk[0] ; pll_inst|altpll_component|auto_generated|pll1|clk[0] ; 0.000        ; 0.048      ; 0.591      ;
; 0.460 ; vga_controller:vga_c|h_cnt[4]  ; vga_controller:vga_c|h_cnt[5]  ; pll_inst|altpll_component|auto_generated|pll1|clk[0] ; pll_inst|altpll_component|auto_generated|pll1|clk[0] ; 0.000        ; 0.057      ; 0.601      ;
; 0.500 ; vga_controller:vga_c|h_cnt[3]  ; vga_controller:vga_c|h_cnt[5]  ; pll_inst|altpll_component|auto_generated|pll1|clk[0] ; pll_inst|altpll_component|auto_generated|pll1|clk[0] ; 0.000        ; 0.057      ; 0.641      ;
; 0.513 ; vga_controller:vga_c|h_cnt[2]  ; vga_controller:vga_c|h_cnt[5]  ; pll_inst|altpll_component|auto_generated|pll1|clk[0] ; pll_inst|altpll_component|auto_generated|pll1|clk[0] ; 0.000        ; 0.057      ; 0.654      ;
; 0.519 ; vga_controller:vga_c|h_cnt[11] ; vga_controller:vga_c|h_sync    ; pll_inst|altpll_component|auto_generated|pll1|clk[0] ; pll_inst|altpll_component|auto_generated|pll1|clk[0] ; 0.000        ; 0.046      ; 0.649      ;
; 0.520 ; vga_controller:vga_c|v_cnt[1]  ; vga_controller:vga_c|v_cnt[3]  ; pll_inst|altpll_component|auto_generated|pll1|clk[0] ; pll_inst|altpll_component|auto_generated|pll1|clk[0] ; 0.000        ; 0.048      ; 0.652      ;
; 0.521 ; vga_controller:vga_c|v_cnt[0]  ; vga_controller:vga_c|v_cnt[3]  ; pll_inst|altpll_component|auto_generated|pll1|clk[0] ; pll_inst|altpll_component|auto_generated|pll1|clk[0] ; 0.000        ; 0.048      ; 0.653      ;
; 0.523 ; vga_controller:vga_c|v_cnt[1]  ; vga_controller:vga_c|v_cnt[4]  ; pll_inst|altpll_component|auto_generated|pll1|clk[0] ; pll_inst|altpll_component|auto_generated|pll1|clk[0] ; 0.000        ; 0.048      ; 0.655      ;
; 0.524 ; vga_controller:vga_c|v_cnt[0]  ; vga_controller:vga_c|v_cnt[4]  ; pll_inst|altpll_component|auto_generated|pll1|clk[0] ; pll_inst|altpll_component|auto_generated|pll1|clk[0] ; 0.000        ; 0.048      ; 0.656      ;
; 0.531 ; vga_controller:vga_c|v_cnt[0]  ; vga_controller:vga_c|v_cnt[0]  ; pll_inst|altpll_component|auto_generated|pll1|clk[0] ; pll_inst|altpll_component|auto_generated|pll1|clk[0] ; 0.000        ; 0.048      ; 0.663      ;
; 0.555 ; vga_controller:vga_c|v_cnt[2]  ; vga_controller:vga_c|v_cnt[2]  ; pll_inst|altpll_component|auto_generated|pll1|clk[0] ; pll_inst|altpll_component|auto_generated|pll1|clk[0] ; 0.000        ; 0.048      ; 0.687      ;
; 0.565 ; vga_controller:vga_c|h_cnt[1]  ; vga_controller:vga_c|h_cnt[5]  ; pll_inst|altpll_component|auto_generated|pll1|clk[0] ; pll_inst|altpll_component|auto_generated|pll1|clk[0] ; 0.000        ; 0.057      ; 0.706      ;
; 0.578 ; vga_controller:vga_c|h_cnt[0]  ; vga_controller:vga_c|h_cnt[5]  ; pll_inst|altpll_component|auto_generated|pll1|clk[0] ; pll_inst|altpll_component|auto_generated|pll1|clk[0] ; 0.000        ; 0.057      ; 0.719      ;
; 0.590 ; vga_controller:vga_c|h_cnt[3]  ; vga_controller:vga_c|h_cnt[4]  ; pll_inst|altpll_component|auto_generated|pll1|clk[0] ; pll_inst|altpll_component|auto_generated|pll1|clk[0] ; 0.000        ; 0.057      ; 0.731      ;
; 0.599 ; vga_controller:vga_c|h_cnt[2]  ; vga_controller:vga_c|h_cnt[3]  ; pll_inst|altpll_component|auto_generated|pll1|clk[0] ; pll_inst|altpll_component|auto_generated|pll1|clk[0] ; 0.000        ; 0.057      ; 0.740      ;
; 0.603 ; vga_controller:vga_c|h_cnt[2]  ; vga_controller:vga_c|h_cnt[4]  ; pll_inst|altpll_component|auto_generated|pll1|clk[0] ; pll_inst|altpll_component|auto_generated|pll1|clk[0] ; 0.000        ; 0.057      ; 0.744      ;
; 0.609 ; vga_controller:vga_c|h_cnt[11] ; vga_controller:vga_c|h_cnt[11] ; pll_inst|altpll_component|auto_generated|pll1|clk[0] ; pll_inst|altpll_component|auto_generated|pll1|clk[0] ; 0.000        ; 0.049      ; 0.742      ;
; 0.631 ; vga_controller:vga_c|v_cnt[6]  ; vga_controller:vga_c|v_sync    ; pll_inst|altpll_component|auto_generated|pll1|clk[0] ; pll_inst|altpll_component|auto_generated|pll1|clk[0] ; 0.000        ; 0.048      ; 0.763      ;
; 0.643 ; vga_controller:vga_c|v_cnt[5]  ; vga_controller:vga_c|v_sync    ; pll_inst|altpll_component|auto_generated|pll1|clk[0] ; pll_inst|altpll_component|auto_generated|pll1|clk[0] ; 0.000        ; 0.048      ; 0.775      ;
; 0.651 ; vga_controller:vga_c|h_cnt[1]  ; vga_controller:vga_c|h_cnt[3]  ; pll_inst|altpll_component|auto_generated|pll1|clk[0] ; pll_inst|altpll_component|auto_generated|pll1|clk[0] ; 0.000        ; 0.057      ; 0.792      ;
; 0.654 ; vga_controller:vga_c|v_cnt[4]  ; vga_controller:vga_c|v_sync    ; pll_inst|altpll_component|auto_generated|pll1|clk[0] ; pll_inst|altpll_component|auto_generated|pll1|clk[0] ; 0.000        ; 0.047      ; 0.785      ;
; 0.655 ; vga_controller:vga_c|h_cnt[1]  ; vga_controller:vga_c|h_cnt[4]  ; pll_inst|altpll_component|auto_generated|pll1|clk[0] ; pll_inst|altpll_component|auto_generated|pll1|clk[0] ; 0.000        ; 0.057      ; 0.796      ;
; 0.662 ; vga_controller:vga_c|h_cnt[6]  ; vga_controller:vga_c|h_cnt[6]  ; pll_inst|altpll_component|auto_generated|pll1|clk[0] ; pll_inst|altpll_component|auto_generated|pll1|clk[0] ; 0.000        ; 0.057      ; 0.803      ;
; 0.664 ; vga_controller:vga_c|h_cnt[0]  ; vga_controller:vga_c|h_cnt[3]  ; pll_inst|altpll_component|auto_generated|pll1|clk[0] ; pll_inst|altpll_component|auto_generated|pll1|clk[0] ; 0.000        ; 0.057      ; 0.805      ;
; 0.667 ; vga_controller:vga_c|h_cnt[8]  ; vga_controller:vga_c|h_cnt[8]  ; pll_inst|altpll_component|auto_generated|pll1|clk[0] ; pll_inst|altpll_component|auto_generated|pll1|clk[0] ; 0.000        ; 0.049      ; 0.800      ;
; 0.668 ; vga_controller:vga_c|h_cnt[0]  ; vga_controller:vga_c|h_cnt[4]  ; pll_inst|altpll_component|auto_generated|pll1|clk[0] ; pll_inst|altpll_component|auto_generated|pll1|clk[0] ; 0.000        ; 0.057      ; 0.809      ;
; 0.710 ; vga_controller:vga_c|v_cnt[11] ; vga_controller:vga_c|v_sync    ; pll_inst|altpll_component|auto_generated|pll1|clk[0] ; pll_inst|altpll_component|auto_generated|pll1|clk[0] ; 0.000        ; 0.048      ; 0.842      ;
; 0.714 ; vga_controller:vga_c|v_cnt[1]  ; vga_controller:vga_c|v_cnt[2]  ; pll_inst|altpll_component|auto_generated|pll1|clk[0] ; pll_inst|altpll_component|auto_generated|pll1|clk[0] ; 0.000        ; 0.048      ; 0.846      ;
; 0.715 ; vga_controller:vga_c|v_cnt[0]  ; vga_controller:vga_c|v_cnt[2]  ; pll_inst|altpll_component|auto_generated|pll1|clk[0] ; pll_inst|altpll_component|auto_generated|pll1|clk[0] ; 0.000        ; 0.048      ; 0.847      ;
; 0.724 ; vga_controller:vga_c|v_cnt[10] ; vga_controller:vga_c|v_sync    ; pll_inst|altpll_component|auto_generated|pll1|clk[0] ; pll_inst|altpll_component|auto_generated|pll1|clk[0] ; 0.000        ; 0.048      ; 0.856      ;
; 0.731 ; vga_controller:vga_c|h_cnt[5]  ; vga_controller:vga_c|h_cnt[6]  ; pll_inst|altpll_component|auto_generated|pll1|clk[0] ; pll_inst|altpll_component|auto_generated|pll1|clk[0] ; 0.000        ; 0.057      ; 0.872      ;
; 0.754 ; vga_controller:vga_c|v_cnt[2]  ; vga_controller:vga_c|v_sync    ; pll_inst|altpll_component|auto_generated|pll1|clk[0] ; pll_inst|altpll_component|auto_generated|pll1|clk[0] ; 0.000        ; 0.047      ; 0.885      ;
; 0.758 ; vga_controller:vga_c|h_cnt[4]  ; vga_controller:vga_c|h_cnt[6]  ; pll_inst|altpll_component|auto_generated|pll1|clk[0] ; pll_inst|altpll_component|auto_generated|pll1|clk[0] ; 0.000        ; 0.057      ; 0.899      ;
; 0.765 ; vga_controller:vga_c|h_cnt[10] ; vga_controller:vga_c|h_cnt[11] ; pll_inst|altpll_component|auto_generated|pll1|clk[0] ; pll_inst|altpll_component|auto_generated|pll1|clk[0] ; 0.000        ; 0.049      ; 0.898      ;
; 0.775 ; vga_controller:vga_c|v_cnt[1]  ; vga_controller:vga_c|v_sync    ; pll_inst|altpll_component|auto_generated|pll1|clk[0] ; pll_inst|altpll_component|auto_generated|pll1|clk[0] ; 0.000        ; 0.047      ; 0.906      ;
; 0.776 ; vga_controller:vga_c|v_cnt[0]  ; vga_controller:vga_c|v_sync    ; pll_inst|altpll_component|auto_generated|pll1|clk[0] ; pll_inst|altpll_component|auto_generated|pll1|clk[0] ; 0.000        ; 0.047      ; 0.907      ;
; 0.783 ; vga_controller:vga_c|h_cnt[10] ; vga_controller:vga_c|h_cnt[10] ; pll_inst|altpll_component|auto_generated|pll1|clk[0] ; pll_inst|altpll_component|auto_generated|pll1|clk[0] ; 0.000        ; 0.049      ; 0.916      ;
; 0.789 ; vga_controller:vga_c|v_cnt[3]  ; vga_controller:vga_c|v_sync    ; pll_inst|altpll_component|auto_generated|pll1|clk[0] ; pll_inst|altpll_component|auto_generated|pll1|clk[0] ; 0.000        ; 0.047      ; 0.920      ;
; 0.798 ; vga_controller:vga_c|h_cnt[3]  ; vga_controller:vga_c|h_cnt[6]  ; pll_inst|altpll_component|auto_generated|pll1|clk[0] ; pll_inst|altpll_component|auto_generated|pll1|clk[0] ; 0.000        ; 0.057      ; 0.939      ;
; 0.803 ; vga_controller:vga_c|v_cnt[11] ; vga_controller:vga_c|v_cnt[11] ; pll_inst|altpll_component|auto_generated|pll1|clk[0] ; pll_inst|altpll_component|auto_generated|pll1|clk[0] ; 0.000        ; 0.049      ; 0.936      ;
; 0.811 ; vga_controller:vga_c|h_cnt[2]  ; vga_controller:vga_c|h_cnt[6]  ; pll_inst|altpll_component|auto_generated|pll1|clk[0] ; pll_inst|altpll_component|auto_generated|pll1|clk[0] ; 0.000        ; 0.057      ; 0.952      ;
; 0.815 ; vga_controller:vga_c|h_cnt[7]  ; vga_controller:vga_c|h_sync    ; pll_inst|altpll_component|auto_generated|pll1|clk[0] ; pll_inst|altpll_component|auto_generated|pll1|clk[0] ; 0.000        ; 0.046      ; 0.945      ;
; 0.817 ; vga_controller:vga_c|h_cnt[9]  ; vga_controller:vga_c|h_cnt[11] ; pll_inst|altpll_component|auto_generated|pll1|clk[0] ; pll_inst|altpll_component|auto_generated|pll1|clk[0] ; 0.000        ; 0.049      ; 0.950      ;
; 0.822 ; vga_controller:vga_c|h_cnt[8]  ; vga_controller:vga_c|h_cnt[11] ; pll_inst|altpll_component|auto_generated|pll1|clk[0] ; pll_inst|altpll_component|auto_generated|pll1|clk[0] ; 0.000        ; 0.049      ; 0.955      ;
; 0.832 ; vga_controller:vga_c|v_cnt[5]  ; vga_controller:vga_c|v_cnt[2]  ; pll_inst|altpll_component|auto_generated|pll1|clk[0] ; pll_inst|altpll_component|auto_generated|pll1|clk[0] ; 0.000        ; 0.049      ; 0.965      ;
; 0.839 ; vga_controller:vga_c|h_cnt[6]  ; vga_controller:vga_c|h_sync    ; pll_inst|altpll_component|auto_generated|pll1|clk[0] ; pll_inst|altpll_component|auto_generated|pll1|clk[0] ; 0.000        ; -0.148     ; 0.775      ;
; 0.845 ; vga_controller:vga_c|h_cnt[9]  ; vga_controller:vga_c|h_sync    ; pll_inst|altpll_component|auto_generated|pll1|clk[0] ; pll_inst|altpll_component|auto_generated|pll1|clk[0] ; 0.000        ; 0.046      ; 0.975      ;
; 0.863 ; vga_controller:vga_c|h_cnt[1]  ; vga_controller:vga_c|h_cnt[6]  ; pll_inst|altpll_component|auto_generated|pll1|clk[0] ; pll_inst|altpll_component|auto_generated|pll1|clk[0] ; 0.000        ; 0.057      ; 1.004      ;
; 0.871 ; vga_controller:vga_c|v_cnt[8]  ; vga_controller:vga_c|v_cnt[8]  ; pll_inst|altpll_component|auto_generated|pll1|clk[0] ; pll_inst|altpll_component|auto_generated|pll1|clk[0] ; 0.000        ; 0.049      ; 1.004      ;
; 0.872 ; vga_controller:vga_c|h_cnt[2]  ; vga_controller:vga_c|h_sync    ; pll_inst|altpll_component|auto_generated|pll1|clk[0] ; pll_inst|altpll_component|auto_generated|pll1|clk[0] ; 0.000        ; -0.148     ; 0.808      ;
; 0.876 ; vga_controller:vga_c|h_cnt[0]  ; vga_controller:vga_c|h_cnt[6]  ; pll_inst|altpll_component|auto_generated|pll1|clk[0] ; pll_inst|altpll_component|auto_generated|pll1|clk[0] ; 0.000        ; 0.057      ; 1.017      ;
; 0.885 ; vga_controller:vga_c|v_cnt[5]  ; vga_controller:vga_c|v_cnt[0]  ; pll_inst|altpll_component|auto_generated|pll1|clk[0] ; pll_inst|altpll_component|auto_generated|pll1|clk[0] ; 0.000        ; 0.049      ; 1.018      ;
; 0.890 ; vga_controller:vga_c|h_cnt[4]  ; vga_controller:vga_c|h_sync    ; pll_inst|altpll_component|auto_generated|pll1|clk[0] ; pll_inst|altpll_component|auto_generated|pll1|clk[0] ; 0.000        ; -0.148     ; 0.826      ;
; 0.892 ; vga_controller:vga_c|h_cnt[10] ; vga_controller:vga_c|h_sync    ; pll_inst|altpll_component|auto_generated|pll1|clk[0] ; pll_inst|altpll_component|auto_generated|pll1|clk[0] ; 0.000        ; 0.046      ; 1.022      ;
; 0.905 ; vga_controller:vga_c|v_cnt[9]  ; vga_controller:vga_c|v_sync    ; pll_inst|altpll_component|auto_generated|pll1|clk[0] ; pll_inst|altpll_component|auto_generated|pll1|clk[0] ; 0.000        ; 0.048      ; 1.037      ;
; 0.918 ; vga_controller:vga_c|v_cnt[10] ; vga_controller:vga_c|v_cnt[10] ; pll_inst|altpll_component|auto_generated|pll1|clk[0] ; pll_inst|altpll_component|auto_generated|pll1|clk[0] ; 0.000        ; 0.049      ; 1.051      ;
; 0.918 ; vga_controller:vga_c|v_cnt[4]  ; vga_controller:vga_c|v_cnt[8]  ; pll_inst|altpll_component|auto_generated|pll1|clk[0] ; pll_inst|altpll_component|auto_generated|pll1|clk[0] ; 0.000        ; 0.048      ; 1.050      ;
; 0.930 ; vga_controller:vga_c|h_cnt[9]  ; vga_controller:vga_c|h_cnt[10] ; pll_inst|altpll_component|auto_generated|pll1|clk[0] ; pll_inst|altpll_component|auto_generated|pll1|clk[0] ; 0.000        ; 0.049      ; 1.063      ;
; 0.935 ; vga_controller:vga_c|h_cnt[8]  ; vga_controller:vga_c|h_cnt[10] ; pll_inst|altpll_component|auto_generated|pll1|clk[0] ; pll_inst|altpll_component|auto_generated|pll1|clk[0] ; 0.000        ; 0.049      ; 1.068      ;
; 0.946 ; vga_controller:vga_c|h_cnt[5]  ; vga_controller:vga_c|h_sync    ; pll_inst|altpll_component|auto_generated|pll1|clk[0] ; pll_inst|altpll_component|auto_generated|pll1|clk[0] ; 0.000        ; -0.148     ; 0.882      ;
; 0.969 ; vga_controller:vga_c|h_cnt[11] ; vga_controller:vga_c|h_cnt[3]  ; pll_inst|altpll_component|auto_generated|pll1|clk[0] ; pll_inst|altpll_component|auto_generated|pll1|clk[0] ; 0.000        ; 0.251      ; 1.304      ;
; 0.971 ; vga_controller:vga_c|v_cnt[3]  ; vga_controller:vga_c|v_cnt[8]  ; pll_inst|altpll_component|auto_generated|pll1|clk[0] ; pll_inst|altpll_component|auto_generated|pll1|clk[0] ; 0.000        ; 0.048      ; 1.103      ;
; 0.972 ; vga_controller:vga_c|h_cnt[11] ; vga_controller:vga_c|h_cnt[4]  ; pll_inst|altpll_component|auto_generated|pll1|clk[0] ; pll_inst|altpll_component|auto_generated|pll1|clk[0] ; 0.000        ; 0.251      ; 1.307      ;
; 0.985 ; vga_controller:vga_c|v_cnt[2]  ; vga_controller:vga_c|v_cnt[8]  ; pll_inst|altpll_component|auto_generated|pll1|clk[0] ; pll_inst|altpll_component|auto_generated|pll1|clk[0] ; 0.000        ; 0.048      ; 1.117      ;
; 0.990 ; vga_controller:vga_c|v_cnt[7]  ; vga_controller:vga_c|v_sync    ; pll_inst|altpll_component|auto_generated|pll1|clk[0] ; pll_inst|altpll_component|auto_generated|pll1|clk[0] ; 0.000        ; 0.048      ; 1.122      ;
; 1.000 ; vga_controller:vga_c|v_cnt[4]  ; vga_controller:vga_c|v_cnt[5]  ; pll_inst|altpll_component|auto_generated|pll1|clk[0] ; pll_inst|altpll_component|auto_generated|pll1|clk[0] ; 0.000        ; 0.048      ; 1.132      ;
; 1.002 ; vga_controller:vga_c|h_cnt[5]  ; vga_controller:vga_c|h_cnt[8]  ; pll_inst|altpll_component|auto_generated|pll1|clk[0] ; pll_inst|altpll_component|auto_generated|pll1|clk[0] ; 0.000        ; -0.145     ; 0.941      ;
; 1.018 ; vga_controller:vga_c|v_cnt[5]  ; vga_controller:vga_c|v_cnt[5]  ; pll_inst|altpll_component|auto_generated|pll1|clk[0] ; pll_inst|altpll_component|auto_generated|pll1|clk[0] ; 0.000        ; 0.049      ; 1.151      ;
; 1.023 ; vga_controller:vga_c|v_cnt[7]  ; vga_controller:vga_c|v_cnt[8]  ; pll_inst|altpll_component|auto_generated|pll1|clk[0] ; pll_inst|altpll_component|auto_generated|pll1|clk[0] ; 0.000        ; 0.049      ; 1.156      ;
; 1.027 ; vga_controller:vga_c|h_cnt[9]  ; vga_controller:vga_c|h_cnt[9]  ; pll_inst|altpll_component|auto_generated|pll1|clk[0] ; pll_inst|altpll_component|auto_generated|pll1|clk[0] ; 0.000        ; 0.049      ; 1.160      ;
; 1.028 ; vga_controller:vga_c|h_cnt[6]  ; vga_controller:vga_c|h_cnt[8]  ; pll_inst|altpll_component|auto_generated|pll1|clk[0] ; pll_inst|altpll_component|auto_generated|pll1|clk[0] ; 0.000        ; -0.145     ; 0.967      ;
; 1.029 ; vga_controller:vga_c|h_cnt[4]  ; vga_controller:vga_c|h_cnt[8]  ; pll_inst|altpll_component|auto_generated|pll1|clk[0] ; pll_inst|altpll_component|auto_generated|pll1|clk[0] ; 0.000        ; -0.145     ; 0.968      ;
; 1.030 ; vga_controller:vga_c|v_cnt[4]  ; vga_controller:vga_c|v_cnt[10] ; pll_inst|altpll_component|auto_generated|pll1|clk[0] ; pll_inst|altpll_component|auto_generated|pll1|clk[0] ; 0.000        ; 0.048      ; 1.162      ;
; 1.033 ; vga_controller:vga_c|v_cnt[7]  ; vga_controller:vga_c|v_cnt[7]  ; pll_inst|altpll_component|auto_generated|pll1|clk[0] ; pll_inst|altpll_component|auto_generated|pll1|clk[0] ; 0.000        ; 0.049      ; 1.166      ;
; 1.044 ; vga_controller:vga_c|h_cnt[1]  ; vga_controller:vga_c|h_cnt[11] ; pll_inst|altpll_component|auto_generated|pll1|clk[0] ; pll_inst|altpll_component|auto_generated|pll1|clk[0] ; 0.000        ; -0.145     ; 0.983      ;
; 1.049 ; vga_controller:vga_c|v_cnt[1]  ; vga_controller:vga_c|v_cnt[8]  ; pll_inst|altpll_component|auto_generated|pll1|clk[0] ; pll_inst|altpll_component|auto_generated|pll1|clk[0] ; 0.000        ; 0.048      ; 1.181      ;
; 1.050 ; vga_controller:vga_c|v_cnt[0]  ; vga_controller:vga_c|v_cnt[8]  ; pll_inst|altpll_component|auto_generated|pll1|clk[0] ; pll_inst|altpll_component|auto_generated|pll1|clk[0] ; 0.000        ; 0.048      ; 1.182      ;
; 1.053 ; vga_controller:vga_c|v_cnt[3]  ; vga_controller:vga_c|v_cnt[5]  ; pll_inst|altpll_component|auto_generated|pll1|clk[0] ; pll_inst|altpll_component|auto_generated|pll1|clk[0] ; 0.000        ; 0.048      ; 1.185      ;
; 1.062 ; vga_controller:vga_c|h_cnt[5]  ; vga_controller:vga_c|h_cnt[11] ; pll_inst|altpll_component|auto_generated|pll1|clk[0] ; pll_inst|altpll_component|auto_generated|pll1|clk[0] ; 0.000        ; -0.145     ; 1.001      ;
; 1.067 ; vga_controller:vga_c|h_cnt[7]  ; vga_controller:vga_c|h_cnt[7]  ; pll_inst|altpll_component|auto_generated|pll1|clk[0] ; pll_inst|altpll_component|auto_generated|pll1|clk[0] ; 0.000        ; 0.048      ; 1.199      ;
; 1.067 ; vga_controller:vga_c|v_cnt[2]  ; vga_controller:vga_c|v_cnt[5]  ; pll_inst|altpll_component|auto_generated|pll1|clk[0] ; pll_inst|altpll_component|auto_generated|pll1|clk[0] ; 0.000        ; 0.048      ; 1.199      ;
; 1.069 ; vga_controller:vga_c|h_cnt[3]  ; vga_controller:vga_c|h_cnt[8]  ; pll_inst|altpll_component|auto_generated|pll1|clk[0] ; pll_inst|altpll_component|auto_generated|pll1|clk[0] ; 0.000        ; -0.145     ; 1.008      ;
; 1.074 ; vga_controller:vga_c|v_cnt[5]  ; vga_controller:vga_c|v_cnt[6]  ; pll_inst|altpll_component|auto_generated|pll1|clk[0] ; pll_inst|altpll_component|auto_generated|pll1|clk[0] ; 0.000        ; 0.049      ; 1.207      ;
; 1.074 ; vga_controller:vga_c|v_cnt[4]  ; vga_controller:vga_c|v_cnt[7]  ; pll_inst|altpll_component|auto_generated|pll1|clk[0] ; pll_inst|altpll_component|auto_generated|pll1|clk[0] ; 0.000        ; 0.048      ; 1.206      ;
; 1.078 ; vga_controller:vga_c|v_cnt[9]  ; vga_controller:vga_c|v_cnt[10] ; pll_inst|altpll_component|auto_generated|pll1|clk[0] ; pll_inst|altpll_component|auto_generated|pll1|clk[0] ; 0.000        ; 0.049      ; 1.211      ;
+-------+--------------------------------+--------------------------------+------------------------------------------------------+------------------------------------------------------+--------------+------------+------------+


----------------------------------------------
; Fast 1200mV 0C Model Metastability Summary ;
----------------------------------------------
The design MTBF is not calculated because there are no specified synchronizers in the design.
Number of Synchronizer Chains Found: 1
Shortest Synchronizer Chain: 2 Registers
Fraction of Chains for which MTBFs Could Not be Calculated: 1.000
Worst Case Available Settling Time: 36.801 ns




+---------------------------------------------------------------------------------------------------------------------+
; Multicorner Timing Analysis Summary                                                                                 ;
+-------------------------------------------------------+----------+-------+----------+---------+---------------------+
; Clock                                                 ; Setup    ; Hold  ; Recovery ; Removal ; Minimum Pulse Width ;
+-------------------------------------------------------+----------+-------+----------+---------+---------------------+
; Worst-case Slack                                      ; -24.933  ; 0.175 ; N/A      ; N/A     ; 2.981               ;
;  CLOCK_50                                             ; 2.097    ; 0.175 ; N/A      ; N/A     ; 9.451               ;
;  pll_inst|altpll_component|auto_generated|pll1|clk[0] ; -24.933  ; 0.287 ; N/A      ; N/A     ; 2.981               ;
; Design-wide TNS                                       ; -599.284 ; 0.0   ; 0.0      ; 0.0     ; 0.0                 ;
;  CLOCK_50                                             ; 0.000    ; 0.000 ; N/A      ; N/A     ; 0.000               ;
;  pll_inst|altpll_component|auto_generated|pll1|clk[0] ; -599.284 ; 0.000 ; N/A      ; N/A     ; 0.000               ;
+-------------------------------------------------------+----------+-------+----------+---------+---------------------+


+------------------------------------------------------------------------------------------------------------------------------------------------------------------------------------------------------------------------------------------------------------------------------------------------------------------------------------------------------------------------------------------------------------------+
; Board Trace Model Assignments                                                                                                                                                                                                                                                                                                                                                                                    ;
+---------------+--------------+-------------------+-------------------------+-------------------------+---------------+---------------------+----------------+------------------+--------+------------------+------------------------+------------------------+--------------+---------------+-----------------+-------+---------------------+--------------------+---------------+-----------------+-------------+
; Pin           ; I/O Standard ; Near Tline Length ; Near Tline L per Length ; Near Tline C per Length ; Near Series R ; Near Differential R ; Near Pull-up R ; Near Pull-down R ; Near C ; Far Tline Length ; Far Tline L per Length ; Far Tline C per Length ; Far Series R ; Far Pull-up R ; Far Pull-down R ; Far C ; Termination Voltage ; Far Differential R ; EBD File Name ; EBD Signal Name ; EBD Far-end ;
+---------------+--------------+-------------------+-------------------------+-------------------------+---------------+---------------------+----------------+------------------+--------+------------------+------------------------+------------------------+--------------+---------------+-----------------+-------+---------------------+--------------------+---------------+-----------------+-------------+
; UART_TXD      ; 2.5 V        ; 0 in              ; 0 H/in                  ; 0 F/in                  ; short         ; -                   ; open           ; open             ; open   ; 0 in             ; 0 H/in                 ; 0 F/in                 ; short        ; open          ; open            ; open  ; 0 V                 ; -                  ; n/a           ; n/a             ; n/a         ;
; UART_RTS      ; 2.5 V        ; 0 in              ; 0 H/in                  ; 0 F/in                  ; short         ; -                   ; open           ; open             ; open   ; 0 in             ; 0 H/in                 ; 0 F/in                 ; short        ; open          ; open            ; open  ; 0 V                 ; -                  ; n/a           ; n/a             ; n/a         ;
; LCD_DATA[0]   ; 2.5 V        ; 0 in              ; 0 H/in                  ; 0 F/in                  ; short         ; -                   ; open           ; open             ; open   ; 0 in             ; 0 H/in                 ; 0 F/in                 ; short        ; open          ; open            ; open  ; 0 V                 ; -                  ; n/a           ; n/a             ; n/a         ;
; LCD_DATA[1]   ; 2.5 V        ; 0 in              ; 0 H/in                  ; 0 F/in                  ; short         ; -                   ; open           ; open             ; open   ; 0 in             ; 0 H/in                 ; 0 F/in                 ; short        ; open          ; open            ; open  ; 0 V                 ; -                  ; n/a           ; n/a             ; n/a         ;
; LCD_DATA[2]   ; 2.5 V        ; 0 in              ; 0 H/in                  ; 0 F/in                  ; short         ; -                   ; open           ; open             ; open   ; 0 in             ; 0 H/in                 ; 0 F/in                 ; short        ; open          ; open            ; open  ; 0 V                 ; -                  ; n/a           ; n/a             ; n/a         ;
; LCD_DATA[3]   ; 2.5 V        ; 0 in              ; 0 H/in                  ; 0 F/in                  ; short         ; -                   ; open           ; open             ; open   ; 0 in             ; 0 H/in                 ; 0 F/in                 ; short        ; open          ; open            ; open  ; 0 V                 ; -                  ; n/a           ; n/a             ; n/a         ;
; LCD_DATA[4]   ; 2.5 V        ; 0 in              ; 0 H/in                  ; 0 F/in                  ; short         ; -                   ; open           ; open             ; open   ; 0 in             ; 0 H/in                 ; 0 F/in                 ; short        ; open          ; open            ; open  ; 0 V                 ; -                  ; n/a           ; n/a             ; n/a         ;
; LCD_DATA[5]   ; 2.5 V        ; 0 in              ; 0 H/in                  ; 0 F/in                  ; short         ; -                   ; open           ; open             ; open   ; 0 in             ; 0 H/in                 ; 0 F/in                 ; short        ; open          ; open            ; open  ; 0 V                 ; -                  ; n/a           ; n/a             ; n/a         ;
; LCD_DATA[6]   ; 2.5 V        ; 0 in              ; 0 H/in                  ; 0 F/in                  ; short         ; -                   ; open           ; open             ; open   ; 0 in             ; 0 H/in                 ; 0 F/in                 ; short        ; open          ; open            ; open  ; 0 V                 ; -                  ; n/a           ; n/a             ; n/a         ;
; LCD_DATA[7]   ; 2.5 V        ; 0 in              ; 0 H/in                  ; 0 F/in                  ; short         ; -                   ; open           ; open             ; open   ; 0 in             ; 0 H/in                 ; 0 F/in                 ; short        ; open          ; open            ; open  ; 0 V                 ; -                  ; n/a           ; n/a             ; n/a         ;
; LCD_RW        ; 2.5 V        ; 0 in              ; 0 H/in                  ; 0 F/in                  ; short         ; -                   ; open           ; open             ; open   ; 0 in             ; 0 H/in                 ; 0 F/in                 ; short        ; open          ; open            ; open  ; 0 V                 ; -                  ; n/a           ; n/a             ; n/a         ;
; LCD_EN        ; 2.5 V        ; 0 in              ; 0 H/in                  ; 0 F/in                  ; short         ; -                   ; open           ; open             ; open   ; 0 in             ; 0 H/in                 ; 0 F/in                 ; short        ; open          ; open            ; open  ; 0 V                 ; -                  ; n/a           ; n/a             ; n/a         ;
; LCD_RS        ; 2.5 V        ; 0 in              ; 0 H/in                  ; 0 F/in                  ; short         ; -                   ; open           ; open             ; open   ; 0 in             ; 0 H/in                 ; 0 F/in                 ; short        ; open          ; open            ; open  ; 0 V                 ; -                  ; n/a           ; n/a             ; n/a         ;
; LCD_ON        ; 2.5 V        ; 0 in              ; 0 H/in                  ; 0 F/in                  ; short         ; -                   ; open           ; open             ; open   ; 0 in             ; 0 H/in                 ; 0 F/in                 ; short        ; open          ; open            ; open  ; 0 V                 ; -                  ; n/a           ; n/a             ; n/a         ;
; VGA_CLK       ; 2.5 V        ; 0 in              ; 0 H/in                  ; 0 F/in                  ; short         ; -                   ; open           ; open             ; open   ; 0 in             ; 0 H/in                 ; 0 F/in                 ; short        ; open          ; open            ; open  ; 0 V                 ; -                  ; n/a           ; n/a             ; n/a         ;
; VGA_HS        ; 2.5 V        ; 0 in              ; 0 H/in                  ; 0 F/in                  ; short         ; -                   ; open           ; open             ; open   ; 0 in             ; 0 H/in                 ; 0 F/in                 ; short        ; open          ; open            ; open  ; 0 V                 ; -                  ; n/a           ; n/a             ; n/a         ;
; VGA_VS        ; 2.5 V        ; 0 in              ; 0 H/in                  ; 0 F/in                  ; short         ; -                   ; open           ; open             ; open   ; 0 in             ; 0 H/in                 ; 0 F/in                 ; short        ; open          ; open            ; open  ; 0 V                 ; -                  ; n/a           ; n/a             ; n/a         ;
; VGA_BLANK_N   ; 2.5 V        ; 0 in              ; 0 H/in                  ; 0 F/in                  ; short         ; -                   ; open           ; open             ; open   ; 0 in             ; 0 H/in                 ; 0 F/in                 ; short        ; open          ; open            ; open  ; 0 V                 ; -                  ; n/a           ; n/a             ; n/a         ;
; VGA_SYNC_N    ; 2.5 V        ; 0 in              ; 0 H/in                  ; 0 F/in                  ; short         ; -                   ; open           ; open             ; open   ; 0 in             ; 0 H/in                 ; 0 F/in                 ; short        ; open          ; open            ; open  ; 0 V                 ; -                  ; n/a           ; n/a             ; n/a         ;
; VGA_R[0]      ; 2.5 V        ; 0 in              ; 0 H/in                  ; 0 F/in                  ; short         ; -                   ; open           ; open             ; open   ; 0 in             ; 0 H/in                 ; 0 F/in                 ; short        ; open          ; open            ; open  ; 0 V                 ; -                  ; n/a           ; n/a             ; n/a         ;
; VGA_R[1]      ; 2.5 V        ; 0 in              ; 0 H/in                  ; 0 F/in                  ; short         ; -                   ; open           ; open             ; open   ; 0 in             ; 0 H/in                 ; 0 F/in                 ; short        ; open          ; open            ; open  ; 0 V                 ; -                  ; n/a           ; n/a             ; n/a         ;
; VGA_R[2]      ; 2.5 V        ; 0 in              ; 0 H/in                  ; 0 F/in                  ; short         ; -                   ; open           ; open             ; open   ; 0 in             ; 0 H/in                 ; 0 F/in                 ; short        ; open          ; open            ; open  ; 0 V                 ; -                  ; n/a           ; n/a             ; n/a         ;
; VGA_R[3]      ; 2.5 V        ; 0 in              ; 0 H/in                  ; 0 F/in                  ; short         ; -                   ; open           ; open             ; open   ; 0 in             ; 0 H/in                 ; 0 F/in                 ; short        ; open          ; open            ; open  ; 0 V                 ; -                  ; n/a           ; n/a             ; n/a         ;
; VGA_R[4]      ; 2.5 V        ; 0 in              ; 0 H/in                  ; 0 F/in                  ; short         ; -                   ; open           ; open             ; open   ; 0 in             ; 0 H/in                 ; 0 F/in                 ; short        ; open          ; open            ; open  ; 0 V                 ; -                  ; n/a           ; n/a             ; n/a         ;
; VGA_R[5]      ; 2.5 V        ; 0 in              ; 0 H/in                  ; 0 F/in                  ; short         ; -                   ; open           ; open             ; open   ; 0 in             ; 0 H/in                 ; 0 F/in                 ; short        ; open          ; open            ; open  ; 0 V                 ; -                  ; n/a           ; n/a             ; n/a         ;
; VGA_R[6]      ; 2.5 V        ; 0 in              ; 0 H/in                  ; 0 F/in                  ; short         ; -                   ; open           ; open             ; open   ; 0 in             ; 0 H/in                 ; 0 F/in                 ; short        ; open          ; open            ; open  ; 0 V                 ; -                  ; n/a           ; n/a             ; n/a         ;
; VGA_R[7]      ; 2.5 V        ; 0 in              ; 0 H/in                  ; 0 F/in                  ; short         ; -                   ; open           ; open             ; open   ; 0 in             ; 0 H/in                 ; 0 F/in                 ; short        ; open          ; open            ; open  ; 0 V                 ; -                  ; n/a           ; n/a             ; n/a         ;
; VGA_G[0]      ; 2.5 V        ; 0 in              ; 0 H/in                  ; 0 F/in                  ; short         ; -                   ; open           ; open             ; open   ; 0 in             ; 0 H/in                 ; 0 F/in                 ; short        ; open          ; open            ; open  ; 0 V                 ; -                  ; n/a           ; n/a             ; n/a         ;
; VGA_G[1]      ; 2.5 V        ; 0 in              ; 0 H/in                  ; 0 F/in                  ; short         ; -                   ; open           ; open             ; open   ; 0 in             ; 0 H/in                 ; 0 F/in                 ; short        ; open          ; open            ; open  ; 0 V                 ; -                  ; n/a           ; n/a             ; n/a         ;
; VGA_G[2]      ; 2.5 V        ; 0 in              ; 0 H/in                  ; 0 F/in                  ; short         ; -                   ; open           ; open             ; open   ; 0 in             ; 0 H/in                 ; 0 F/in                 ; short        ; open          ; open            ; open  ; 0 V                 ; -                  ; n/a           ; n/a             ; n/a         ;
; VGA_G[3]      ; 2.5 V        ; 0 in              ; 0 H/in                  ; 0 F/in                  ; short         ; -                   ; open           ; open             ; open   ; 0 in             ; 0 H/in                 ; 0 F/in                 ; short        ; open          ; open            ; open  ; 0 V                 ; -                  ; n/a           ; n/a             ; n/a         ;
; VGA_G[4]      ; 2.5 V        ; 0 in              ; 0 H/in                  ; 0 F/in                  ; short         ; -                   ; open           ; open             ; open   ; 0 in             ; 0 H/in                 ; 0 F/in                 ; short        ; open          ; open            ; open  ; 0 V                 ; -                  ; n/a           ; n/a             ; n/a         ;
; VGA_G[5]      ; 2.5 V        ; 0 in              ; 0 H/in                  ; 0 F/in                  ; short         ; -                   ; open           ; open             ; open   ; 0 in             ; 0 H/in                 ; 0 F/in                 ; short        ; open          ; open            ; open  ; 0 V                 ; -                  ; n/a           ; n/a             ; n/a         ;
; VGA_G[6]      ; 2.5 V        ; 0 in              ; 0 H/in                  ; 0 F/in                  ; short         ; -                   ; open           ; open             ; open   ; 0 in             ; 0 H/in                 ; 0 F/in                 ; short        ; open          ; open            ; open  ; 0 V                 ; -                  ; n/a           ; n/a             ; n/a         ;
; VGA_G[7]      ; 2.5 V        ; 0 in              ; 0 H/in                  ; 0 F/in                  ; short         ; -                   ; open           ; open             ; open   ; 0 in             ; 0 H/in                 ; 0 F/in                 ; short        ; open          ; open            ; open  ; 0 V                 ; -                  ; n/a           ; n/a             ; n/a         ;
; VGA_B[0]      ; 2.5 V        ; 0 in              ; 0 H/in                  ; 0 F/in                  ; short         ; -                   ; open           ; open             ; open   ; 0 in             ; 0 H/in                 ; 0 F/in                 ; short        ; open          ; open            ; open  ; 0 V                 ; -                  ; n/a           ; n/a             ; n/a         ;
; VGA_B[1]      ; 2.5 V        ; 0 in              ; 0 H/in                  ; 0 F/in                  ; short         ; -                   ; open           ; open             ; open   ; 0 in             ; 0 H/in                 ; 0 F/in                 ; short        ; open          ; open            ; open  ; 0 V                 ; -                  ; n/a           ; n/a             ; n/a         ;
; VGA_B[2]      ; 2.5 V        ; 0 in              ; 0 H/in                  ; 0 F/in                  ; short         ; -                   ; open           ; open             ; open   ; 0 in             ; 0 H/in                 ; 0 F/in                 ; short        ; open          ; open            ; open  ; 0 V                 ; -                  ; n/a           ; n/a             ; n/a         ;
; VGA_B[3]      ; 2.5 V        ; 0 in              ; 0 H/in                  ; 0 F/in                  ; short         ; -                   ; open           ; open             ; open   ; 0 in             ; 0 H/in                 ; 0 F/in                 ; short        ; open          ; open            ; open  ; 0 V                 ; -                  ; n/a           ; n/a             ; n/a         ;
; VGA_B[4]      ; 2.5 V        ; 0 in              ; 0 H/in                  ; 0 F/in                  ; short         ; -                   ; open           ; open             ; open   ; 0 in             ; 0 H/in                 ; 0 F/in                 ; short        ; open          ; open            ; open  ; 0 V                 ; -                  ; n/a           ; n/a             ; n/a         ;
; VGA_B[5]      ; 2.5 V        ; 0 in              ; 0 H/in                  ; 0 F/in                  ; short         ; -                   ; open           ; open             ; open   ; 0 in             ; 0 H/in                 ; 0 F/in                 ; short        ; open          ; open            ; open  ; 0 V                 ; -                  ; n/a           ; n/a             ; n/a         ;
; VGA_B[6]      ; 2.5 V        ; 0 in              ; 0 H/in                  ; 0 F/in                  ; short         ; -                   ; open           ; open             ; open   ; 0 in             ; 0 H/in                 ; 0 F/in                 ; short        ; open          ; open            ; open  ; 0 V                 ; -                  ; n/a           ; n/a             ; n/a         ;
; VGA_B[7]      ; 2.5 V        ; 0 in              ; 0 H/in                  ; 0 F/in                  ; short         ; -                   ; open           ; open             ; open   ; 0 in             ; 0 H/in                 ; 0 F/in                 ; short        ; open          ; open            ; open  ; 0 V                 ; -                  ; n/a           ; n/a             ; n/a         ;
; ~ALTERA_NCEO~ ; 2.5 V        ; 0 in              ; 0 H/in                  ; 0 F/in                  ; short         ; -                   ; open           ; open             ; open   ; 0 in             ; 0 H/in                 ; 0 F/in                 ; short        ; open          ; open            ; open  ; 0 V                 ; -                  ; n/a           ; n/a             ; n/a         ;
; ~ALTERA_DCLK~ ; 2.5 V        ; 0 in              ; 0 H/in                  ; 0 F/in                  ; short         ; -                   ; open           ; open             ; open   ; 0 in             ; 0 H/in                 ; 0 F/in                 ; short        ; open          ; open            ; open  ; 0 V                 ; -                  ; n/a           ; n/a             ; n/a         ;
+---------------+--------------+-------------------+-------------------------+-------------------------+---------------+---------------------+----------------+------------------+--------+------------------+------------------------+------------------------+--------------+---------------+-----------------+-------+---------------------+--------------------+---------------+-----------------+-------------+


+------------------------------------------------------------------------+
; Input Transition Times                                                 ;
+---------------------+--------------+-----------------+-----------------+
; Pin                 ; I/O Standard ; 10-90 Rise Time ; 90-10 Fall Time ;
+---------------------+--------------+-----------------+-----------------+
; KEY[1]              ; 2.5 V        ; 2000 ps         ; 2000 ps         ;
; KEY[2]              ; 2.5 V        ; 2000 ps         ; 2000 ps         ;
; KEY[3]              ; 2.5 V        ; 2000 ps         ; 2000 ps         ;
; UART_CTS            ; 2.5 V        ; 2000 ps         ; 2000 ps         ;
; CLOCK_50            ; 2.5 V        ; 2000 ps         ; 2000 ps         ;
; KEY[0]              ; 2.5 V        ; 2000 ps         ; 2000 ps         ;
; UART_RXD            ; 2.5 V        ; 2000 ps         ; 2000 ps         ;
; ~ALTERA_DATA0~      ; 2.5 V        ; 2000 ps         ; 2000 ps         ;
; ~ALTERA_ASDO_DATA1~ ; 2.5 V        ; 2000 ps         ; 2000 ps         ;
; ~ALTERA_NCSO~       ; 2.5 V        ; 2000 ps         ; 2000 ps         ;
+---------------------+--------------+-----------------+-----------------+


+--------------------------------------------------------------------------------------------------------------------------------------------------------------------------------------------------------------------------------------------------------------------------------------------------------------------------------------------------------------------------------------------------------------------------------------------------------------------------------------------------------------------------------------------------------------------------------------------------------------------------------------------------------------------------------------------+
; Signal Integrity Metrics (Slow 1200mv 0c Model)                                                                                                                                                                                                                                                                                                                                                                                                                                                                                                                                                                                                                                            ;
+---------------+--------------+---------------------+---------------------+------------------------------+------------------------------+---------------------+---------------------+--------------------------------------+--------------------------------------+-----------------------------+-----------------------------+----------------------------+----------------------------+-----------------------------+-----------------------------+--------------------+--------------------+-------------------------------------+-------------------------------------+----------------------------+----------------------------+---------------------------+---------------------------+
; Pin           ; I/O Standard ; Board Delay on Rise ; Board Delay on Fall ; Steady State Voh at FPGA Pin ; Steady State Vol at FPGA Pin ; Voh Max at FPGA Pin ; Vol Min at FPGA Pin ; Ringback Voltage on Rise at FPGA Pin ; Ringback Voltage on Fall at FPGA Pin ; 10-90 Rise Time at FPGA Pin ; 90-10 Fall Time at FPGA Pin ; Monotonic Rise at FPGA Pin ; Monotonic Fall at FPGA Pin ; Steady State Voh at Far-end ; Steady State Vol at Far-end ; Voh Max at Far-end ; Vol Min at Far-end ; Ringback Voltage on Rise at Far-end ; Ringback Voltage on Fall at Far-end ; 10-90 Rise Time at Far-end ; 90-10 Fall Time at Far-end ; Monotonic Rise at Far-end ; Monotonic Fall at Far-end ;
+---------------+--------------+---------------------+---------------------+------------------------------+------------------------------+---------------------+---------------------+--------------------------------------+--------------------------------------+-----------------------------+-----------------------------+----------------------------+----------------------------+-----------------------------+-----------------------------+--------------------+--------------------+-------------------------------------+-------------------------------------+----------------------------+----------------------------+---------------------------+---------------------------+
; UART_TXD      ; 2.5 V        ; 0 s                 ; 0 s                 ; 2.32 V                       ; 4.49e-09 V                   ; 2.38 V              ; -0.00552 V          ; 0.096 V                              ; 0.019 V                              ; 4.18e-10 s                  ; 3.59e-10 s                  ; No                         ; Yes                        ; 2.32 V                      ; 4.49e-09 V                  ; 2.38 V             ; -0.00552 V         ; 0.096 V                             ; 0.019 V                             ; 4.18e-10 s                 ; 3.59e-10 s                 ; No                        ; Yes                       ;
; UART_RTS      ; 2.5 V        ; 0 s                 ; 0 s                 ; 2.32 V                       ; 4.49e-09 V                   ; 2.38 V              ; -0.00552 V          ; 0.096 V                              ; 0.019 V                              ; 4.18e-10 s                  ; 3.59e-10 s                  ; No                         ; Yes                        ; 2.32 V                      ; 4.49e-09 V                  ; 2.38 V             ; -0.00552 V         ; 0.096 V                             ; 0.019 V                             ; 4.18e-10 s                 ; 3.59e-10 s                 ; No                        ; Yes                       ;
; LCD_DATA[0]   ; 2.5 V        ; 0 s                 ; 0 s                 ; 2.32 V                       ; 4.49e-09 V                   ; 2.38 V              ; -0.00552 V          ; 0.096 V                              ; 0.019 V                              ; 4.18e-10 s                  ; 3.59e-10 s                  ; No                         ; Yes                        ; 2.32 V                      ; 4.49e-09 V                  ; 2.38 V             ; -0.00552 V         ; 0.096 V                             ; 0.019 V                             ; 4.18e-10 s                 ; 3.59e-10 s                 ; No                        ; Yes                       ;
; LCD_DATA[1]   ; 2.5 V        ; 0 s                 ; 0 s                 ; 2.32 V                       ; 4.49e-09 V                   ; 2.38 V              ; -0.00552 V          ; 0.096 V                              ; 0.019 V                              ; 4.18e-10 s                  ; 3.59e-10 s                  ; No                         ; Yes                        ; 2.32 V                      ; 4.49e-09 V                  ; 2.38 V             ; -0.00552 V         ; 0.096 V                             ; 0.019 V                             ; 4.18e-10 s                 ; 3.59e-10 s                 ; No                        ; Yes                       ;
; LCD_DATA[2]   ; 2.5 V        ; 0 s                 ; 0 s                 ; 2.32 V                       ; 4.49e-09 V                   ; 2.38 V              ; -0.00552 V          ; 0.096 V                              ; 0.019 V                              ; 4.18e-10 s                  ; 3.59e-10 s                  ; No                         ; Yes                        ; 2.32 V                      ; 4.49e-09 V                  ; 2.38 V             ; -0.00552 V         ; 0.096 V                             ; 0.019 V                             ; 4.18e-10 s                 ; 3.59e-10 s                 ; No                        ; Yes                       ;
; LCD_DATA[3]   ; 2.5 V        ; 0 s                 ; 0 s                 ; 2.32 V                       ; 4.49e-09 V                   ; 2.38 V              ; -0.00552 V          ; 0.096 V                              ; 0.019 V                              ; 4.18e-10 s                  ; 3.59e-10 s                  ; No                         ; Yes                        ; 2.32 V                      ; 4.49e-09 V                  ; 2.38 V             ; -0.00552 V         ; 0.096 V                             ; 0.019 V                             ; 4.18e-10 s                 ; 3.59e-10 s                 ; No                        ; Yes                       ;
; LCD_DATA[4]   ; 2.5 V        ; 0 s                 ; 0 s                 ; 2.32 V                       ; 4.49e-09 V                   ; 2.38 V              ; -0.00552 V          ; 0.096 V                              ; 0.019 V                              ; 4.18e-10 s                  ; 3.59e-10 s                  ; No                         ; Yes                        ; 2.32 V                      ; 4.49e-09 V                  ; 2.38 V             ; -0.00552 V         ; 0.096 V                             ; 0.019 V                             ; 4.18e-10 s                 ; 3.59e-10 s                 ; No                        ; Yes                       ;
; LCD_DATA[5]   ; 2.5 V        ; 0 s                 ; 0 s                 ; 2.32 V                       ; 4.49e-09 V                   ; 2.38 V              ; -0.00552 V          ; 0.096 V                              ; 0.019 V                              ; 4.18e-10 s                  ; 3.59e-10 s                  ; No                         ; Yes                        ; 2.32 V                      ; 4.49e-09 V                  ; 2.38 V             ; -0.00552 V         ; 0.096 V                             ; 0.019 V                             ; 4.18e-10 s                 ; 3.59e-10 s                 ; No                        ; Yes                       ;
; LCD_DATA[6]   ; 2.5 V        ; 0 s                 ; 0 s                 ; 2.32 V                       ; 4.49e-09 V                   ; 2.38 V              ; -0.00552 V          ; 0.096 V                              ; 0.019 V                              ; 4.18e-10 s                  ; 3.59e-10 s                  ; No                         ; Yes                        ; 2.32 V                      ; 4.49e-09 V                  ; 2.38 V             ; -0.00552 V         ; 0.096 V                             ; 0.019 V                             ; 4.18e-10 s                 ; 3.59e-10 s                 ; No                        ; Yes                       ;
; LCD_DATA[7]   ; 2.5 V        ; 0 s                 ; 0 s                 ; 2.32 V                       ; 4.49e-09 V                   ; 2.38 V              ; -0.00552 V          ; 0.096 V                              ; 0.019 V                              ; 4.18e-10 s                  ; 3.59e-10 s                  ; No                         ; Yes                        ; 2.32 V                      ; 4.49e-09 V                  ; 2.38 V             ; -0.00552 V         ; 0.096 V                             ; 0.019 V                             ; 4.18e-10 s                 ; 3.59e-10 s                 ; No                        ; Yes                       ;
; LCD_RW        ; 2.5 V        ; 0 s                 ; 0 s                 ; 2.32 V                       ; 4.49e-09 V                   ; 2.38 V              ; -0.00552 V          ; 0.096 V                              ; 0.019 V                              ; 4.18e-10 s                  ; 3.59e-10 s                  ; No                         ; Yes                        ; 2.32 V                      ; 4.49e-09 V                  ; 2.38 V             ; -0.00552 V         ; 0.096 V                             ; 0.019 V                             ; 4.18e-10 s                 ; 3.59e-10 s                 ; No                        ; Yes                       ;
; LCD_EN        ; 2.5 V        ; 0 s                 ; 0 s                 ; 2.32 V                       ; 4.49e-09 V                   ; 2.38 V              ; -0.00552 V          ; 0.096 V                              ; 0.019 V                              ; 4.18e-10 s                  ; 3.59e-10 s                  ; No                         ; Yes                        ; 2.32 V                      ; 4.49e-09 V                  ; 2.38 V             ; -0.00552 V         ; 0.096 V                             ; 0.019 V                             ; 4.18e-10 s                 ; 3.59e-10 s                 ; No                        ; Yes                       ;
; LCD_RS        ; 2.5 V        ; 0 s                 ; 0 s                 ; 2.32 V                       ; 4.49e-09 V                   ; 2.38 V              ; -0.00552 V          ; 0.096 V                              ; 0.019 V                              ; 4.18e-10 s                  ; 3.59e-10 s                  ; No                         ; Yes                        ; 2.32 V                      ; 4.49e-09 V                  ; 2.38 V             ; -0.00552 V         ; 0.096 V                             ; 0.019 V                             ; 4.18e-10 s                 ; 3.59e-10 s                 ; No                        ; Yes                       ;
; LCD_ON        ; 2.5 V        ; 0 s                 ; 0 s                 ; 2.32 V                       ; 3.07e-09 V                   ; 2.37 V              ; -0.00994 V          ; 0.186 V                              ; 0.028 V                              ; 4.98e-10 s                  ; 4.96e-10 s                  ; Yes                        ; Yes                        ; 2.32 V                      ; 3.07e-09 V                  ; 2.37 V             ; -0.00994 V         ; 0.186 V                             ; 0.028 V                             ; 4.98e-10 s                 ; 4.96e-10 s                 ; Yes                       ; Yes                       ;
; VGA_CLK       ; 2.5 V        ; 0 s                 ; 0 s                 ; 2.32 V                       ; 4.49e-09 V                   ; 2.38 V              ; -0.00552 V          ; 0.096 V                              ; 0.019 V                              ; 4.18e-10 s                  ; 3.59e-10 s                  ; No                         ; Yes                        ; 2.32 V                      ; 4.49e-09 V                  ; 2.38 V             ; -0.00552 V         ; 0.096 V                             ; 0.019 V                             ; 4.18e-10 s                 ; 3.59e-10 s                 ; No                        ; Yes                       ;
; VGA_HS        ; 2.5 V        ; 0 s                 ; 0 s                 ; 2.32 V                       ; 4.49e-09 V                   ; 2.38 V              ; -0.00552 V          ; 0.096 V                              ; 0.019 V                              ; 4.18e-10 s                  ; 3.59e-10 s                  ; No                         ; Yes                        ; 2.32 V                      ; 4.49e-09 V                  ; 2.38 V             ; -0.00552 V         ; 0.096 V                             ; 0.019 V                             ; 4.18e-10 s                 ; 3.59e-10 s                 ; No                        ; Yes                       ;
; VGA_VS        ; 2.5 V        ; 0 s                 ; 0 s                 ; 2.32 V                       ; 4.49e-09 V                   ; 2.38 V              ; -0.00552 V          ; 0.096 V                              ; 0.019 V                              ; 4.18e-10 s                  ; 3.59e-10 s                  ; No                         ; Yes                        ; 2.32 V                      ; 4.49e-09 V                  ; 2.38 V             ; -0.00552 V         ; 0.096 V                             ; 0.019 V                             ; 4.18e-10 s                 ; 3.59e-10 s                 ; No                        ; Yes                       ;
; VGA_BLANK_N   ; 2.5 V        ; 0 s                 ; 0 s                 ; 2.32 V                       ; 4.49e-09 V                   ; 2.38 V              ; -0.00552 V          ; 0.096 V                              ; 0.019 V                              ; 4.18e-10 s                  ; 3.59e-10 s                  ; No                         ; Yes                        ; 2.32 V                      ; 4.49e-09 V                  ; 2.38 V             ; -0.00552 V         ; 0.096 V                             ; 0.019 V                             ; 4.18e-10 s                 ; 3.59e-10 s                 ; No                        ; Yes                       ;
; VGA_SYNC_N    ; 2.5 V        ; 0 s                 ; 0 s                 ; 2.32 V                       ; 4.49e-09 V                   ; 2.38 V              ; -0.00552 V          ; 0.096 V                              ; 0.019 V                              ; 4.18e-10 s                  ; 3.59e-10 s                  ; No                         ; Yes                        ; 2.32 V                      ; 4.49e-09 V                  ; 2.38 V             ; -0.00552 V         ; 0.096 V                             ; 0.019 V                             ; 4.18e-10 s                 ; 3.59e-10 s                 ; No                        ; Yes                       ;
; VGA_R[0]      ; 2.5 V        ; 0 s                 ; 0 s                 ; 2.32 V                       ; 4.49e-09 V                   ; 2.38 V              ; -0.00552 V          ; 0.096 V                              ; 0.019 V                              ; 4.18e-10 s                  ; 3.59e-10 s                  ; No                         ; Yes                        ; 2.32 V                      ; 4.49e-09 V                  ; 2.38 V             ; -0.00552 V         ; 0.096 V                             ; 0.019 V                             ; 4.18e-10 s                 ; 3.59e-10 s                 ; No                        ; Yes                       ;
; VGA_R[1]      ; 2.5 V        ; 0 s                 ; 0 s                 ; 2.32 V                       ; 4.49e-09 V                   ; 2.38 V              ; -0.00552 V          ; 0.096 V                              ; 0.019 V                              ; 4.18e-10 s                  ; 3.59e-10 s                  ; No                         ; Yes                        ; 2.32 V                      ; 4.49e-09 V                  ; 2.38 V             ; -0.00552 V         ; 0.096 V                             ; 0.019 V                             ; 4.18e-10 s                 ; 3.59e-10 s                 ; No                        ; Yes                       ;
; VGA_R[2]      ; 2.5 V        ; 0 s                 ; 0 s                 ; 2.32 V                       ; 4.49e-09 V                   ; 2.38 V              ; -0.00552 V          ; 0.096 V                              ; 0.019 V                              ; 4.18e-10 s                  ; 3.59e-10 s                  ; No                         ; Yes                        ; 2.32 V                      ; 4.49e-09 V                  ; 2.38 V             ; -0.00552 V         ; 0.096 V                             ; 0.019 V                             ; 4.18e-10 s                 ; 3.59e-10 s                 ; No                        ; Yes                       ;
; VGA_R[3]      ; 2.5 V        ; 0 s                 ; 0 s                 ; 2.32 V                       ; 4.49e-09 V                   ; 2.38 V              ; -0.00552 V          ; 0.096 V                              ; 0.019 V                              ; 4.18e-10 s                  ; 3.59e-10 s                  ; No                         ; Yes                        ; 2.32 V                      ; 4.49e-09 V                  ; 2.38 V             ; -0.00552 V         ; 0.096 V                             ; 0.019 V                             ; 4.18e-10 s                 ; 3.59e-10 s                 ; No                        ; Yes                       ;
; VGA_R[4]      ; 2.5 V        ; 0 s                 ; 0 s                 ; 2.32 V                       ; 4.49e-09 V                   ; 2.38 V              ; -0.00552 V          ; 0.096 V                              ; 0.019 V                              ; 4.18e-10 s                  ; 3.59e-10 s                  ; No                         ; Yes                        ; 2.32 V                      ; 4.49e-09 V                  ; 2.38 V             ; -0.00552 V         ; 0.096 V                             ; 0.019 V                             ; 4.18e-10 s                 ; 3.59e-10 s                 ; No                        ; Yes                       ;
; VGA_R[5]      ; 2.5 V        ; 0 s                 ; 0 s                 ; 2.32 V                       ; 4.49e-09 V                   ; 2.38 V              ; -0.00552 V          ; 0.096 V                              ; 0.019 V                              ; 4.18e-10 s                  ; 3.59e-10 s                  ; No                         ; Yes                        ; 2.32 V                      ; 4.49e-09 V                  ; 2.38 V             ; -0.00552 V         ; 0.096 V                             ; 0.019 V                             ; 4.18e-10 s                 ; 3.59e-10 s                 ; No                        ; Yes                       ;
; VGA_R[6]      ; 2.5 V        ; 0 s                 ; 0 s                 ; 2.32 V                       ; 4.49e-09 V                   ; 2.38 V              ; -0.00552 V          ; 0.096 V                              ; 0.019 V                              ; 4.18e-10 s                  ; 3.59e-10 s                  ; No                         ; Yes                        ; 2.32 V                      ; 4.49e-09 V                  ; 2.38 V             ; -0.00552 V         ; 0.096 V                             ; 0.019 V                             ; 4.18e-10 s                 ; 3.59e-10 s                 ; No                        ; Yes                       ;
; VGA_R[7]      ; 2.5 V        ; 0 s                 ; 0 s                 ; 2.32 V                       ; 4.49e-09 V                   ; 2.38 V              ; -0.00552 V          ; 0.096 V                              ; 0.019 V                              ; 4.18e-10 s                  ; 3.59e-10 s                  ; No                         ; Yes                        ; 2.32 V                      ; 4.49e-09 V                  ; 2.38 V             ; -0.00552 V         ; 0.096 V                             ; 0.019 V                             ; 4.18e-10 s                 ; 3.59e-10 s                 ; No                        ; Yes                       ;
; VGA_G[0]      ; 2.5 V        ; 0 s                 ; 0 s                 ; 2.32 V                       ; 4.49e-09 V                   ; 2.38 V              ; -0.00552 V          ; 0.096 V                              ; 0.019 V                              ; 4.18e-10 s                  ; 3.59e-10 s                  ; No                         ; Yes                        ; 2.32 V                      ; 4.49e-09 V                  ; 2.38 V             ; -0.00552 V         ; 0.096 V                             ; 0.019 V                             ; 4.18e-10 s                 ; 3.59e-10 s                 ; No                        ; Yes                       ;
; VGA_G[1]      ; 2.5 V        ; 0 s                 ; 0 s                 ; 2.32 V                       ; 4.49e-09 V                   ; 2.38 V              ; -0.00552 V          ; 0.096 V                              ; 0.019 V                              ; 4.18e-10 s                  ; 3.59e-10 s                  ; No                         ; Yes                        ; 2.32 V                      ; 4.49e-09 V                  ; 2.38 V             ; -0.00552 V         ; 0.096 V                             ; 0.019 V                             ; 4.18e-10 s                 ; 3.59e-10 s                 ; No                        ; Yes                       ;
; VGA_G[2]      ; 2.5 V        ; 0 s                 ; 0 s                 ; 2.32 V                       ; 4.49e-09 V                   ; 2.38 V              ; -0.00552 V          ; 0.096 V                              ; 0.019 V                              ; 4.18e-10 s                  ; 3.59e-10 s                  ; No                         ; Yes                        ; 2.32 V                      ; 4.49e-09 V                  ; 2.38 V             ; -0.00552 V         ; 0.096 V                             ; 0.019 V                             ; 4.18e-10 s                 ; 3.59e-10 s                 ; No                        ; Yes                       ;
; VGA_G[3]      ; 2.5 V        ; 0 s                 ; 0 s                 ; 2.32 V                       ; 4.49e-09 V                   ; 2.38 V              ; -0.00552 V          ; 0.096 V                              ; 0.019 V                              ; 4.18e-10 s                  ; 3.59e-10 s                  ; No                         ; Yes                        ; 2.32 V                      ; 4.49e-09 V                  ; 2.38 V             ; -0.00552 V         ; 0.096 V                             ; 0.019 V                             ; 4.18e-10 s                 ; 3.59e-10 s                 ; No                        ; Yes                       ;
; VGA_G[4]      ; 2.5 V        ; 0 s                 ; 0 s                 ; 2.32 V                       ; 4.49e-09 V                   ; 2.38 V              ; -0.00552 V          ; 0.096 V                              ; 0.019 V                              ; 4.18e-10 s                  ; 3.59e-10 s                  ; No                         ; Yes                        ; 2.32 V                      ; 4.49e-09 V                  ; 2.38 V             ; -0.00552 V         ; 0.096 V                             ; 0.019 V                             ; 4.18e-10 s                 ; 3.59e-10 s                 ; No                        ; Yes                       ;
; VGA_G[5]      ; 2.5 V        ; 0 s                 ; 0 s                 ; 2.32 V                       ; 4.49e-09 V                   ; 2.38 V              ; -0.00552 V          ; 0.096 V                              ; 0.019 V                              ; 4.18e-10 s                  ; 3.59e-10 s                  ; No                         ; Yes                        ; 2.32 V                      ; 4.49e-09 V                  ; 2.38 V             ; -0.00552 V         ; 0.096 V                             ; 0.019 V                             ; 4.18e-10 s                 ; 3.59e-10 s                 ; No                        ; Yes                       ;
; VGA_G[6]      ; 2.5 V        ; 0 s                 ; 0 s                 ; 2.32 V                       ; 4.49e-09 V                   ; 2.38 V              ; -0.00552 V          ; 0.096 V                              ; 0.019 V                              ; 4.18e-10 s                  ; 3.59e-10 s                  ; No                         ; Yes                        ; 2.32 V                      ; 4.49e-09 V                  ; 2.38 V             ; -0.00552 V         ; 0.096 V                             ; 0.019 V                             ; 4.18e-10 s                 ; 3.59e-10 s                 ; No                        ; Yes                       ;
; VGA_G[7]      ; 2.5 V        ; 0 s                 ; 0 s                 ; 2.32 V                       ; 4.49e-09 V                   ; 2.38 V              ; -0.00552 V          ; 0.096 V                              ; 0.019 V                              ; 4.18e-10 s                  ; 3.59e-10 s                  ; No                         ; Yes                        ; 2.32 V                      ; 4.49e-09 V                  ; 2.38 V             ; -0.00552 V         ; 0.096 V                             ; 0.019 V                             ; 4.18e-10 s                 ; 3.59e-10 s                 ; No                        ; Yes                       ;
; VGA_B[0]      ; 2.5 V        ; 0 s                 ; 0 s                 ; 2.32 V                       ; 4.49e-09 V                   ; 2.38 V              ; -0.00552 V          ; 0.096 V                              ; 0.019 V                              ; 4.18e-10 s                  ; 3.59e-10 s                  ; No                         ; Yes                        ; 2.32 V                      ; 4.49e-09 V                  ; 2.38 V             ; -0.00552 V         ; 0.096 V                             ; 0.019 V                             ; 4.18e-10 s                 ; 3.59e-10 s                 ; No                        ; Yes                       ;
; VGA_B[1]      ; 2.5 V        ; 0 s                 ; 0 s                 ; 2.32 V                       ; 4.49e-09 V                   ; 2.38 V              ; -0.00552 V          ; 0.096 V                              ; 0.019 V                              ; 4.18e-10 s                  ; 3.59e-10 s                  ; No                         ; Yes                        ; 2.32 V                      ; 4.49e-09 V                  ; 2.38 V             ; -0.00552 V         ; 0.096 V                             ; 0.019 V                             ; 4.18e-10 s                 ; 3.59e-10 s                 ; No                        ; Yes                       ;
; VGA_B[2]      ; 2.5 V        ; 0 s                 ; 0 s                 ; 2.32 V                       ; 4.49e-09 V                   ; 2.38 V              ; -0.00552 V          ; 0.096 V                              ; 0.019 V                              ; 4.18e-10 s                  ; 3.59e-10 s                  ; No                         ; Yes                        ; 2.32 V                      ; 4.49e-09 V                  ; 2.38 V             ; -0.00552 V         ; 0.096 V                             ; 0.019 V                             ; 4.18e-10 s                 ; 3.59e-10 s                 ; No                        ; Yes                       ;
; VGA_B[3]      ; 2.5 V        ; 0 s                 ; 0 s                 ; 2.32 V                       ; 4.49e-09 V                   ; 2.38 V              ; -0.00552 V          ; 0.096 V                              ; 0.019 V                              ; 4.18e-10 s                  ; 3.59e-10 s                  ; No                         ; Yes                        ; 2.32 V                      ; 4.49e-09 V                  ; 2.38 V             ; -0.00552 V         ; 0.096 V                             ; 0.019 V                             ; 4.18e-10 s                 ; 3.59e-10 s                 ; No                        ; Yes                       ;
; VGA_B[4]      ; 2.5 V        ; 0 s                 ; 0 s                 ; 2.32 V                       ; 4.49e-09 V                   ; 2.38 V              ; -0.00552 V          ; 0.096 V                              ; 0.019 V                              ; 4.18e-10 s                  ; 3.59e-10 s                  ; No                         ; Yes                        ; 2.32 V                      ; 4.49e-09 V                  ; 2.38 V             ; -0.00552 V         ; 0.096 V                             ; 0.019 V                             ; 4.18e-10 s                 ; 3.59e-10 s                 ; No                        ; Yes                       ;
; VGA_B[5]      ; 2.5 V        ; 0 s                 ; 0 s                 ; 2.32 V                       ; 4.49e-09 V                   ; 2.38 V              ; -0.00552 V          ; 0.096 V                              ; 0.019 V                              ; 4.18e-10 s                  ; 3.59e-10 s                  ; No                         ; Yes                        ; 2.32 V                      ; 4.49e-09 V                  ; 2.38 V             ; -0.00552 V         ; 0.096 V                             ; 0.019 V                             ; 4.18e-10 s                 ; 3.59e-10 s                 ; No                        ; Yes                       ;
; VGA_B[6]      ; 2.5 V        ; 0 s                 ; 0 s                 ; 2.32 V                       ; 4.49e-09 V                   ; 2.38 V              ; -0.00552 V          ; 0.096 V                              ; 0.019 V                              ; 4.18e-10 s                  ; 3.59e-10 s                  ; No                         ; Yes                        ; 2.32 V                      ; 4.49e-09 V                  ; 2.38 V             ; -0.00552 V         ; 0.096 V                             ; 0.019 V                             ; 4.18e-10 s                 ; 3.59e-10 s                 ; No                        ; Yes                       ;
; VGA_B[7]      ; 2.5 V        ; 0 s                 ; 0 s                 ; 2.32 V                       ; 4.49e-09 V                   ; 2.38 V              ; -0.00552 V          ; 0.096 V                              ; 0.019 V                              ; 4.18e-10 s                  ; 3.59e-10 s                  ; No                         ; Yes                        ; 2.32 V                      ; 4.49e-09 V                  ; 2.38 V             ; -0.00552 V         ; 0.096 V                             ; 0.019 V                             ; 4.18e-10 s                 ; 3.59e-10 s                 ; No                        ; Yes                       ;
; ~ALTERA_NCEO~ ; 2.5 V        ; 0 s                 ; 0 s                 ; 2.32 V                       ; 2.92e-09 V                   ; 2.47 V              ; -0.0283 V           ; 0.229 V                              ; 0.031 V                              ; 1.27e-10 s                  ; 2.34e-10 s                  ; Yes                        ; Yes                        ; 2.32 V                      ; 2.92e-09 V                  ; 2.47 V             ; -0.0283 V          ; 0.229 V                             ; 0.031 V                             ; 1.27e-10 s                 ; 2.34e-10 s                 ; Yes                       ; Yes                       ;
; ~ALTERA_DCLK~ ; 2.5 V        ; 0 s                 ; 0 s                 ; 2.32 V                       ; 3.59e-09 V                   ; 2.37 V              ; -0.038 V            ; 0.188 V                              ; 0.093 V                              ; 3.06e-10 s                  ; 2.83e-10 s                  ; Yes                        ; Yes                        ; 2.32 V                      ; 3.59e-09 V                  ; 2.37 V             ; -0.038 V           ; 0.188 V                             ; 0.093 V                             ; 3.06e-10 s                 ; 2.83e-10 s                 ; Yes                       ; Yes                       ;
+---------------+--------------+---------------------+---------------------+------------------------------+------------------------------+---------------------+---------------------+--------------------------------------+--------------------------------------+-----------------------------+-----------------------------+----------------------------+----------------------------+-----------------------------+-----------------------------+--------------------+--------------------+-------------------------------------+-------------------------------------+----------------------------+----------------------------+---------------------------+---------------------------+


+--------------------------------------------------------------------------------------------------------------------------------------------------------------------------------------------------------------------------------------------------------------------------------------------------------------------------------------------------------------------------------------------------------------------------------------------------------------------------------------------------------------------------------------------------------------------------------------------------------------------------------------------------------------------------------------------+
; Signal Integrity Metrics (Slow 1200mv 85c Model)                                                                                                                                                                                                                                                                                                                                                                                                                                                                                                                                                                                                                                           ;
+---------------+--------------+---------------------+---------------------+------------------------------+------------------------------+---------------------+---------------------+--------------------------------------+--------------------------------------+-----------------------------+-----------------------------+----------------------------+----------------------------+-----------------------------+-----------------------------+--------------------+--------------------+-------------------------------------+-------------------------------------+----------------------------+----------------------------+---------------------------+---------------------------+
; Pin           ; I/O Standard ; Board Delay on Rise ; Board Delay on Fall ; Steady State Voh at FPGA Pin ; Steady State Vol at FPGA Pin ; Voh Max at FPGA Pin ; Vol Min at FPGA Pin ; Ringback Voltage on Rise at FPGA Pin ; Ringback Voltage on Fall at FPGA Pin ; 10-90 Rise Time at FPGA Pin ; 90-10 Fall Time at FPGA Pin ; Monotonic Rise at FPGA Pin ; Monotonic Fall at FPGA Pin ; Steady State Voh at Far-end ; Steady State Vol at Far-end ; Voh Max at Far-end ; Vol Min at Far-end ; Ringback Voltage on Rise at Far-end ; Ringback Voltage on Fall at Far-end ; 10-90 Rise Time at Far-end ; 90-10 Fall Time at Far-end ; Monotonic Rise at Far-end ; Monotonic Fall at Far-end ;
+---------------+--------------+---------------------+---------------------+------------------------------+------------------------------+---------------------+---------------------+--------------------------------------+--------------------------------------+-----------------------------+-----------------------------+----------------------------+----------------------------+-----------------------------+-----------------------------+--------------------+--------------------+-------------------------------------+-------------------------------------+----------------------------+----------------------------+---------------------------+---------------------------+
; UART_TXD      ; 2.5 V        ; 0 s                 ; 0 s                 ; 2.32 V                       ; 6.92e-07 V                   ; 2.35 V              ; -0.00996 V          ; 0.121 V                              ; 0.03 V                               ; 4.64e-10 s                  ; 4.47e-10 s                  ; Yes                        ; Yes                        ; 2.32 V                      ; 6.92e-07 V                  ; 2.35 V             ; -0.00996 V         ; 0.121 V                             ; 0.03 V                              ; 4.64e-10 s                 ; 4.47e-10 s                 ; Yes                       ; Yes                       ;
; UART_RTS      ; 2.5 V        ; 0 s                 ; 0 s                 ; 2.32 V                       ; 6.92e-07 V                   ; 2.35 V              ; -0.00996 V          ; 0.121 V                              ; 0.03 V                               ; 4.64e-10 s                  ; 4.47e-10 s                  ; Yes                        ; Yes                        ; 2.32 V                      ; 6.92e-07 V                  ; 2.35 V             ; -0.00996 V         ; 0.121 V                             ; 0.03 V                              ; 4.64e-10 s                 ; 4.47e-10 s                 ; Yes                       ; Yes                       ;
; LCD_DATA[0]   ; 2.5 V        ; 0 s                 ; 0 s                 ; 2.32 V                       ; 6.92e-07 V                   ; 2.35 V              ; -0.00996 V          ; 0.121 V                              ; 0.03 V                               ; 4.64e-10 s                  ; 4.47e-10 s                  ; Yes                        ; Yes                        ; 2.32 V                      ; 6.92e-07 V                  ; 2.35 V             ; -0.00996 V         ; 0.121 V                             ; 0.03 V                              ; 4.64e-10 s                 ; 4.47e-10 s                 ; Yes                       ; Yes                       ;
; LCD_DATA[1]   ; 2.5 V        ; 0 s                 ; 0 s                 ; 2.32 V                       ; 6.92e-07 V                   ; 2.35 V              ; -0.00996 V          ; 0.121 V                              ; 0.03 V                               ; 4.64e-10 s                  ; 4.47e-10 s                  ; Yes                        ; Yes                        ; 2.32 V                      ; 6.92e-07 V                  ; 2.35 V             ; -0.00996 V         ; 0.121 V                             ; 0.03 V                              ; 4.64e-10 s                 ; 4.47e-10 s                 ; Yes                       ; Yes                       ;
; LCD_DATA[2]   ; 2.5 V        ; 0 s                 ; 0 s                 ; 2.32 V                       ; 6.92e-07 V                   ; 2.35 V              ; -0.00996 V          ; 0.121 V                              ; 0.03 V                               ; 4.64e-10 s                  ; 4.47e-10 s                  ; Yes                        ; Yes                        ; 2.32 V                      ; 6.92e-07 V                  ; 2.35 V             ; -0.00996 V         ; 0.121 V                             ; 0.03 V                              ; 4.64e-10 s                 ; 4.47e-10 s                 ; Yes                       ; Yes                       ;
; LCD_DATA[3]   ; 2.5 V        ; 0 s                 ; 0 s                 ; 2.32 V                       ; 6.92e-07 V                   ; 2.35 V              ; -0.00996 V          ; 0.121 V                              ; 0.03 V                               ; 4.64e-10 s                  ; 4.47e-10 s                  ; Yes                        ; Yes                        ; 2.32 V                      ; 6.92e-07 V                  ; 2.35 V             ; -0.00996 V         ; 0.121 V                             ; 0.03 V                              ; 4.64e-10 s                 ; 4.47e-10 s                 ; Yes                       ; Yes                       ;
; LCD_DATA[4]   ; 2.5 V        ; 0 s                 ; 0 s                 ; 2.32 V                       ; 6.92e-07 V                   ; 2.35 V              ; -0.00996 V          ; 0.121 V                              ; 0.03 V                               ; 4.64e-10 s                  ; 4.47e-10 s                  ; Yes                        ; Yes                        ; 2.32 V                      ; 6.92e-07 V                  ; 2.35 V             ; -0.00996 V         ; 0.121 V                             ; 0.03 V                              ; 4.64e-10 s                 ; 4.47e-10 s                 ; Yes                       ; Yes                       ;
; LCD_DATA[5]   ; 2.5 V        ; 0 s                 ; 0 s                 ; 2.32 V                       ; 6.92e-07 V                   ; 2.35 V              ; -0.00996 V          ; 0.121 V                              ; 0.03 V                               ; 4.64e-10 s                  ; 4.47e-10 s                  ; Yes                        ; Yes                        ; 2.32 V                      ; 6.92e-07 V                  ; 2.35 V             ; -0.00996 V         ; 0.121 V                             ; 0.03 V                              ; 4.64e-10 s                 ; 4.47e-10 s                 ; Yes                       ; Yes                       ;
; LCD_DATA[6]   ; 2.5 V        ; 0 s                 ; 0 s                 ; 2.32 V                       ; 6.92e-07 V                   ; 2.35 V              ; -0.00996 V          ; 0.121 V                              ; 0.03 V                               ; 4.64e-10 s                  ; 4.47e-10 s                  ; Yes                        ; Yes                        ; 2.32 V                      ; 6.92e-07 V                  ; 2.35 V             ; -0.00996 V         ; 0.121 V                             ; 0.03 V                              ; 4.64e-10 s                 ; 4.47e-10 s                 ; Yes                       ; Yes                       ;
; LCD_DATA[7]   ; 2.5 V        ; 0 s                 ; 0 s                 ; 2.32 V                       ; 6.92e-07 V                   ; 2.35 V              ; -0.00996 V          ; 0.121 V                              ; 0.03 V                               ; 4.64e-10 s                  ; 4.47e-10 s                  ; Yes                        ; Yes                        ; 2.32 V                      ; 6.92e-07 V                  ; 2.35 V             ; -0.00996 V         ; 0.121 V                             ; 0.03 V                              ; 4.64e-10 s                 ; 4.47e-10 s                 ; Yes                       ; Yes                       ;
; LCD_RW        ; 2.5 V        ; 0 s                 ; 0 s                 ; 2.32 V                       ; 6.92e-07 V                   ; 2.35 V              ; -0.00996 V          ; 0.121 V                              ; 0.03 V                               ; 4.64e-10 s                  ; 4.47e-10 s                  ; Yes                        ; Yes                        ; 2.32 V                      ; 6.92e-07 V                  ; 2.35 V             ; -0.00996 V         ; 0.121 V                             ; 0.03 V                              ; 4.64e-10 s                 ; 4.47e-10 s                 ; Yes                       ; Yes                       ;
; LCD_EN        ; 2.5 V        ; 0 s                 ; 0 s                 ; 2.32 V                       ; 6.92e-07 V                   ; 2.35 V              ; -0.00996 V          ; 0.121 V                              ; 0.03 V                               ; 4.64e-10 s                  ; 4.47e-10 s                  ; Yes                        ; Yes                        ; 2.32 V                      ; 6.92e-07 V                  ; 2.35 V             ; -0.00996 V         ; 0.121 V                             ; 0.03 V                              ; 4.64e-10 s                 ; 4.47e-10 s                 ; Yes                       ; Yes                       ;
; LCD_RS        ; 2.5 V        ; 0 s                 ; 0 s                 ; 2.32 V                       ; 6.92e-07 V                   ; 2.35 V              ; -0.00996 V          ; 0.121 V                              ; 0.03 V                               ; 4.64e-10 s                  ; 4.47e-10 s                  ; Yes                        ; Yes                        ; 2.32 V                      ; 6.92e-07 V                  ; 2.35 V             ; -0.00996 V         ; 0.121 V                             ; 0.03 V                              ; 4.64e-10 s                 ; 4.47e-10 s                 ; Yes                       ; Yes                       ;
; LCD_ON        ; 2.5 V        ; 0 s                 ; 0 s                 ; 2.32 V                       ; 4.67e-07 V                   ; 2.35 V              ; -0.00942 V          ; 0.116 V                              ; 0.033 V                              ; 6.66e-10 s                  ; 6.27e-10 s                  ; Yes                        ; Yes                        ; 2.32 V                      ; 4.67e-07 V                  ; 2.35 V             ; -0.00942 V         ; 0.116 V                             ; 0.033 V                             ; 6.66e-10 s                 ; 6.27e-10 s                 ; Yes                       ; Yes                       ;
; VGA_CLK       ; 2.5 V        ; 0 s                 ; 0 s                 ; 2.32 V                       ; 6.92e-07 V                   ; 2.35 V              ; -0.00996 V          ; 0.121 V                              ; 0.03 V                               ; 4.64e-10 s                  ; 4.47e-10 s                  ; Yes                        ; Yes                        ; 2.32 V                      ; 6.92e-07 V                  ; 2.35 V             ; -0.00996 V         ; 0.121 V                             ; 0.03 V                              ; 4.64e-10 s                 ; 4.47e-10 s                 ; Yes                       ; Yes                       ;
; VGA_HS        ; 2.5 V        ; 0 s                 ; 0 s                 ; 2.32 V                       ; 6.92e-07 V                   ; 2.35 V              ; -0.00996 V          ; 0.121 V                              ; 0.03 V                               ; 4.64e-10 s                  ; 4.47e-10 s                  ; Yes                        ; Yes                        ; 2.32 V                      ; 6.92e-07 V                  ; 2.35 V             ; -0.00996 V         ; 0.121 V                             ; 0.03 V                              ; 4.64e-10 s                 ; 4.47e-10 s                 ; Yes                       ; Yes                       ;
; VGA_VS        ; 2.5 V        ; 0 s                 ; 0 s                 ; 2.32 V                       ; 6.92e-07 V                   ; 2.35 V              ; -0.00996 V          ; 0.121 V                              ; 0.03 V                               ; 4.64e-10 s                  ; 4.47e-10 s                  ; Yes                        ; Yes                        ; 2.32 V                      ; 6.92e-07 V                  ; 2.35 V             ; -0.00996 V         ; 0.121 V                             ; 0.03 V                              ; 4.64e-10 s                 ; 4.47e-10 s                 ; Yes                       ; Yes                       ;
; VGA_BLANK_N   ; 2.5 V        ; 0 s                 ; 0 s                 ; 2.32 V                       ; 6.92e-07 V                   ; 2.35 V              ; -0.00996 V          ; 0.121 V                              ; 0.03 V                               ; 4.64e-10 s                  ; 4.47e-10 s                  ; Yes                        ; Yes                        ; 2.32 V                      ; 6.92e-07 V                  ; 2.35 V             ; -0.00996 V         ; 0.121 V                             ; 0.03 V                              ; 4.64e-10 s                 ; 4.47e-10 s                 ; Yes                       ; Yes                       ;
; VGA_SYNC_N    ; 2.5 V        ; 0 s                 ; 0 s                 ; 2.32 V                       ; 6.92e-07 V                   ; 2.35 V              ; -0.00996 V          ; 0.121 V                              ; 0.03 V                               ; 4.64e-10 s                  ; 4.47e-10 s                  ; Yes                        ; Yes                        ; 2.32 V                      ; 6.92e-07 V                  ; 2.35 V             ; -0.00996 V         ; 0.121 V                             ; 0.03 V                              ; 4.64e-10 s                 ; 4.47e-10 s                 ; Yes                       ; Yes                       ;
; VGA_R[0]      ; 2.5 V        ; 0 s                 ; 0 s                 ; 2.32 V                       ; 6.92e-07 V                   ; 2.35 V              ; -0.00996 V          ; 0.121 V                              ; 0.03 V                               ; 4.64e-10 s                  ; 4.47e-10 s                  ; Yes                        ; Yes                        ; 2.32 V                      ; 6.92e-07 V                  ; 2.35 V             ; -0.00996 V         ; 0.121 V                             ; 0.03 V                              ; 4.64e-10 s                 ; 4.47e-10 s                 ; Yes                       ; Yes                       ;
; VGA_R[1]      ; 2.5 V        ; 0 s                 ; 0 s                 ; 2.32 V                       ; 6.92e-07 V                   ; 2.35 V              ; -0.00996 V          ; 0.121 V                              ; 0.03 V                               ; 4.64e-10 s                  ; 4.47e-10 s                  ; Yes                        ; Yes                        ; 2.32 V                      ; 6.92e-07 V                  ; 2.35 V             ; -0.00996 V         ; 0.121 V                             ; 0.03 V                              ; 4.64e-10 s                 ; 4.47e-10 s                 ; Yes                       ; Yes                       ;
; VGA_R[2]      ; 2.5 V        ; 0 s                 ; 0 s                 ; 2.32 V                       ; 6.92e-07 V                   ; 2.35 V              ; -0.00996 V          ; 0.121 V                              ; 0.03 V                               ; 4.64e-10 s                  ; 4.47e-10 s                  ; Yes                        ; Yes                        ; 2.32 V                      ; 6.92e-07 V                  ; 2.35 V             ; -0.00996 V         ; 0.121 V                             ; 0.03 V                              ; 4.64e-10 s                 ; 4.47e-10 s                 ; Yes                       ; Yes                       ;
; VGA_R[3]      ; 2.5 V        ; 0 s                 ; 0 s                 ; 2.32 V                       ; 6.92e-07 V                   ; 2.35 V              ; -0.00996 V          ; 0.121 V                              ; 0.03 V                               ; 4.64e-10 s                  ; 4.47e-10 s                  ; Yes                        ; Yes                        ; 2.32 V                      ; 6.92e-07 V                  ; 2.35 V             ; -0.00996 V         ; 0.121 V                             ; 0.03 V                              ; 4.64e-10 s                 ; 4.47e-10 s                 ; Yes                       ; Yes                       ;
; VGA_R[4]      ; 2.5 V        ; 0 s                 ; 0 s                 ; 2.32 V                       ; 6.92e-07 V                   ; 2.35 V              ; -0.00996 V          ; 0.121 V                              ; 0.03 V                               ; 4.64e-10 s                  ; 4.47e-10 s                  ; Yes                        ; Yes                        ; 2.32 V                      ; 6.92e-07 V                  ; 2.35 V             ; -0.00996 V         ; 0.121 V                             ; 0.03 V                              ; 4.64e-10 s                 ; 4.47e-10 s                 ; Yes                       ; Yes                       ;
; VGA_R[5]      ; 2.5 V        ; 0 s                 ; 0 s                 ; 2.32 V                       ; 6.92e-07 V                   ; 2.35 V              ; -0.00996 V          ; 0.121 V                              ; 0.03 V                               ; 4.64e-10 s                  ; 4.47e-10 s                  ; Yes                        ; Yes                        ; 2.32 V                      ; 6.92e-07 V                  ; 2.35 V             ; -0.00996 V         ; 0.121 V                             ; 0.03 V                              ; 4.64e-10 s                 ; 4.47e-10 s                 ; Yes                       ; Yes                       ;
; VGA_R[6]      ; 2.5 V        ; 0 s                 ; 0 s                 ; 2.32 V                       ; 6.92e-07 V                   ; 2.35 V              ; -0.00996 V          ; 0.121 V                              ; 0.03 V                               ; 4.64e-10 s                  ; 4.47e-10 s                  ; Yes                        ; Yes                        ; 2.32 V                      ; 6.92e-07 V                  ; 2.35 V             ; -0.00996 V         ; 0.121 V                             ; 0.03 V                              ; 4.64e-10 s                 ; 4.47e-10 s                 ; Yes                       ; Yes                       ;
; VGA_R[7]      ; 2.5 V        ; 0 s                 ; 0 s                 ; 2.32 V                       ; 6.92e-07 V                   ; 2.35 V              ; -0.00996 V          ; 0.121 V                              ; 0.03 V                               ; 4.64e-10 s                  ; 4.47e-10 s                  ; Yes                        ; Yes                        ; 2.32 V                      ; 6.92e-07 V                  ; 2.35 V             ; -0.00996 V         ; 0.121 V                             ; 0.03 V                              ; 4.64e-10 s                 ; 4.47e-10 s                 ; Yes                       ; Yes                       ;
; VGA_G[0]      ; 2.5 V        ; 0 s                 ; 0 s                 ; 2.32 V                       ; 6.92e-07 V                   ; 2.35 V              ; -0.00996 V          ; 0.121 V                              ; 0.03 V                               ; 4.64e-10 s                  ; 4.47e-10 s                  ; Yes                        ; Yes                        ; 2.32 V                      ; 6.92e-07 V                  ; 2.35 V             ; -0.00996 V         ; 0.121 V                             ; 0.03 V                              ; 4.64e-10 s                 ; 4.47e-10 s                 ; Yes                       ; Yes                       ;
; VGA_G[1]      ; 2.5 V        ; 0 s                 ; 0 s                 ; 2.32 V                       ; 6.92e-07 V                   ; 2.35 V              ; -0.00996 V          ; 0.121 V                              ; 0.03 V                               ; 4.64e-10 s                  ; 4.47e-10 s                  ; Yes                        ; Yes                        ; 2.32 V                      ; 6.92e-07 V                  ; 2.35 V             ; -0.00996 V         ; 0.121 V                             ; 0.03 V                              ; 4.64e-10 s                 ; 4.47e-10 s                 ; Yes                       ; Yes                       ;
; VGA_G[2]      ; 2.5 V        ; 0 s                 ; 0 s                 ; 2.32 V                       ; 6.92e-07 V                   ; 2.35 V              ; -0.00996 V          ; 0.121 V                              ; 0.03 V                               ; 4.64e-10 s                  ; 4.47e-10 s                  ; Yes                        ; Yes                        ; 2.32 V                      ; 6.92e-07 V                  ; 2.35 V             ; -0.00996 V         ; 0.121 V                             ; 0.03 V                              ; 4.64e-10 s                 ; 4.47e-10 s                 ; Yes                       ; Yes                       ;
; VGA_G[3]      ; 2.5 V        ; 0 s                 ; 0 s                 ; 2.32 V                       ; 6.92e-07 V                   ; 2.35 V              ; -0.00996 V          ; 0.121 V                              ; 0.03 V                               ; 4.64e-10 s                  ; 4.47e-10 s                  ; Yes                        ; Yes                        ; 2.32 V                      ; 6.92e-07 V                  ; 2.35 V             ; -0.00996 V         ; 0.121 V                             ; 0.03 V                              ; 4.64e-10 s                 ; 4.47e-10 s                 ; Yes                       ; Yes                       ;
; VGA_G[4]      ; 2.5 V        ; 0 s                 ; 0 s                 ; 2.32 V                       ; 6.92e-07 V                   ; 2.35 V              ; -0.00996 V          ; 0.121 V                              ; 0.03 V                               ; 4.64e-10 s                  ; 4.47e-10 s                  ; Yes                        ; Yes                        ; 2.32 V                      ; 6.92e-07 V                  ; 2.35 V             ; -0.00996 V         ; 0.121 V                             ; 0.03 V                              ; 4.64e-10 s                 ; 4.47e-10 s                 ; Yes                       ; Yes                       ;
; VGA_G[5]      ; 2.5 V        ; 0 s                 ; 0 s                 ; 2.32 V                       ; 6.92e-07 V                   ; 2.35 V              ; -0.00996 V          ; 0.121 V                              ; 0.03 V                               ; 4.64e-10 s                  ; 4.47e-10 s                  ; Yes                        ; Yes                        ; 2.32 V                      ; 6.92e-07 V                  ; 2.35 V             ; -0.00996 V         ; 0.121 V                             ; 0.03 V                              ; 4.64e-10 s                 ; 4.47e-10 s                 ; Yes                       ; Yes                       ;
; VGA_G[6]      ; 2.5 V        ; 0 s                 ; 0 s                 ; 2.32 V                       ; 6.92e-07 V                   ; 2.35 V              ; -0.00996 V          ; 0.121 V                              ; 0.03 V                               ; 4.64e-10 s                  ; 4.47e-10 s                  ; Yes                        ; Yes                        ; 2.32 V                      ; 6.92e-07 V                  ; 2.35 V             ; -0.00996 V         ; 0.121 V                             ; 0.03 V                              ; 4.64e-10 s                 ; 4.47e-10 s                 ; Yes                       ; Yes                       ;
; VGA_G[7]      ; 2.5 V        ; 0 s                 ; 0 s                 ; 2.32 V                       ; 6.92e-07 V                   ; 2.35 V              ; -0.00996 V          ; 0.121 V                              ; 0.03 V                               ; 4.64e-10 s                  ; 4.47e-10 s                  ; Yes                        ; Yes                        ; 2.32 V                      ; 6.92e-07 V                  ; 2.35 V             ; -0.00996 V         ; 0.121 V                             ; 0.03 V                              ; 4.64e-10 s                 ; 4.47e-10 s                 ; Yes                       ; Yes                       ;
; VGA_B[0]      ; 2.5 V        ; 0 s                 ; 0 s                 ; 2.32 V                       ; 6.92e-07 V                   ; 2.35 V              ; -0.00996 V          ; 0.121 V                              ; 0.03 V                               ; 4.64e-10 s                  ; 4.47e-10 s                  ; Yes                        ; Yes                        ; 2.32 V                      ; 6.92e-07 V                  ; 2.35 V             ; -0.00996 V         ; 0.121 V                             ; 0.03 V                              ; 4.64e-10 s                 ; 4.47e-10 s                 ; Yes                       ; Yes                       ;
; VGA_B[1]      ; 2.5 V        ; 0 s                 ; 0 s                 ; 2.32 V                       ; 6.92e-07 V                   ; 2.35 V              ; -0.00996 V          ; 0.121 V                              ; 0.03 V                               ; 4.64e-10 s                  ; 4.47e-10 s                  ; Yes                        ; Yes                        ; 2.32 V                      ; 6.92e-07 V                  ; 2.35 V             ; -0.00996 V         ; 0.121 V                             ; 0.03 V                              ; 4.64e-10 s                 ; 4.47e-10 s                 ; Yes                       ; Yes                       ;
; VGA_B[2]      ; 2.5 V        ; 0 s                 ; 0 s                 ; 2.32 V                       ; 6.92e-07 V                   ; 2.35 V              ; -0.00996 V          ; 0.121 V                              ; 0.03 V                               ; 4.64e-10 s                  ; 4.47e-10 s                  ; Yes                        ; Yes                        ; 2.32 V                      ; 6.92e-07 V                  ; 2.35 V             ; -0.00996 V         ; 0.121 V                             ; 0.03 V                              ; 4.64e-10 s                 ; 4.47e-10 s                 ; Yes                       ; Yes                       ;
; VGA_B[3]      ; 2.5 V        ; 0 s                 ; 0 s                 ; 2.32 V                       ; 6.92e-07 V                   ; 2.35 V              ; -0.00996 V          ; 0.121 V                              ; 0.03 V                               ; 4.64e-10 s                  ; 4.47e-10 s                  ; Yes                        ; Yes                        ; 2.32 V                      ; 6.92e-07 V                  ; 2.35 V             ; -0.00996 V         ; 0.121 V                             ; 0.03 V                              ; 4.64e-10 s                 ; 4.47e-10 s                 ; Yes                       ; Yes                       ;
; VGA_B[4]      ; 2.5 V        ; 0 s                 ; 0 s                 ; 2.32 V                       ; 6.92e-07 V                   ; 2.35 V              ; -0.00996 V          ; 0.121 V                              ; 0.03 V                               ; 4.64e-10 s                  ; 4.47e-10 s                  ; Yes                        ; Yes                        ; 2.32 V                      ; 6.92e-07 V                  ; 2.35 V             ; -0.00996 V         ; 0.121 V                             ; 0.03 V                              ; 4.64e-10 s                 ; 4.47e-10 s                 ; Yes                       ; Yes                       ;
; VGA_B[5]      ; 2.5 V        ; 0 s                 ; 0 s                 ; 2.32 V                       ; 6.92e-07 V                   ; 2.35 V              ; -0.00996 V          ; 0.121 V                              ; 0.03 V                               ; 4.64e-10 s                  ; 4.47e-10 s                  ; Yes                        ; Yes                        ; 2.32 V                      ; 6.92e-07 V                  ; 2.35 V             ; -0.00996 V         ; 0.121 V                             ; 0.03 V                              ; 4.64e-10 s                 ; 4.47e-10 s                 ; Yes                       ; Yes                       ;
; VGA_B[6]      ; 2.5 V        ; 0 s                 ; 0 s                 ; 2.32 V                       ; 6.92e-07 V                   ; 2.35 V              ; -0.00996 V          ; 0.121 V                              ; 0.03 V                               ; 4.64e-10 s                  ; 4.47e-10 s                  ; Yes                        ; Yes                        ; 2.32 V                      ; 6.92e-07 V                  ; 2.35 V             ; -0.00996 V         ; 0.121 V                             ; 0.03 V                              ; 4.64e-10 s                 ; 4.47e-10 s                 ; Yes                       ; Yes                       ;
; VGA_B[7]      ; 2.5 V        ; 0 s                 ; 0 s                 ; 2.32 V                       ; 6.92e-07 V                   ; 2.35 V              ; -0.00996 V          ; 0.121 V                              ; 0.03 V                               ; 4.64e-10 s                  ; 4.47e-10 s                  ; Yes                        ; Yes                        ; 2.32 V                      ; 6.92e-07 V                  ; 2.35 V             ; -0.00996 V         ; 0.121 V                             ; 0.03 V                              ; 4.64e-10 s                 ; 4.47e-10 s                 ; Yes                       ; Yes                       ;
; ~ALTERA_NCEO~ ; 2.5 V        ; 0 s                 ; 0 s                 ; 2.32 V                       ; 4.56e-07 V                   ; 2.36 V              ; -0.0218 V           ; 0.05 V                               ; 0.038 V                              ; 2.27e-10 s                  ; 3.26e-10 s                  ; Yes                        ; Yes                        ; 2.32 V                      ; 4.56e-07 V                  ; 2.36 V             ; -0.0218 V          ; 0.05 V                              ; 0.038 V                             ; 2.27e-10 s                 ; 3.26e-10 s                 ; Yes                       ; Yes                       ;
; ~ALTERA_DCLK~ ; 2.5 V        ; 0 s                 ; 0 s                 ; 2.32 V                       ; 5.55e-07 V                   ; 2.35 V              ; -0.00881 V          ; 0.093 V                              ; 0.011 V                              ; 4.44e-10 s                  ; 3.77e-10 s                  ; Yes                        ; Yes                        ; 2.32 V                      ; 5.55e-07 V                  ; 2.35 V             ; -0.00881 V         ; 0.093 V                             ; 0.011 V                             ; 4.44e-10 s                 ; 3.77e-10 s                 ; Yes                       ; Yes                       ;
+---------------+--------------+---------------------+---------------------+------------------------------+------------------------------+---------------------+---------------------+--------------------------------------+--------------------------------------+-----------------------------+-----------------------------+----------------------------+----------------------------+-----------------------------+-----------------------------+--------------------+--------------------+-------------------------------------+-------------------------------------+----------------------------+----------------------------+---------------------------+---------------------------+


+--------------------------------------------------------------------------------------------------------------------------------------------------------------------------------------------------------------------------------------------------------------------------------------------------------------------------------------------------------------------------------------------------------------------------------------------------------------------------------------------------------------------------------------------------------------------------------------------------------------------------------------------------------------------------------------------+
; Signal Integrity Metrics (Fast 1200mv 0c Model)                                                                                                                                                                                                                                                                                                                                                                                                                                                                                                                                                                                                                                            ;
+---------------+--------------+---------------------+---------------------+------------------------------+------------------------------+---------------------+---------------------+--------------------------------------+--------------------------------------+-----------------------------+-----------------------------+----------------------------+----------------------------+-----------------------------+-----------------------------+--------------------+--------------------+-------------------------------------+-------------------------------------+----------------------------+----------------------------+---------------------------+---------------------------+
; Pin           ; I/O Standard ; Board Delay on Rise ; Board Delay on Fall ; Steady State Voh at FPGA Pin ; Steady State Vol at FPGA Pin ; Voh Max at FPGA Pin ; Vol Min at FPGA Pin ; Ringback Voltage on Rise at FPGA Pin ; Ringback Voltage on Fall at FPGA Pin ; 10-90 Rise Time at FPGA Pin ; 90-10 Fall Time at FPGA Pin ; Monotonic Rise at FPGA Pin ; Monotonic Fall at FPGA Pin ; Steady State Voh at Far-end ; Steady State Vol at Far-end ; Voh Max at Far-end ; Vol Min at Far-end ; Ringback Voltage on Rise at Far-end ; Ringback Voltage on Fall at Far-end ; 10-90 Rise Time at Far-end ; 90-10 Fall Time at Far-end ; Monotonic Rise at Far-end ; Monotonic Fall at Far-end ;
+---------------+--------------+---------------------+---------------------+------------------------------+------------------------------+---------------------+---------------------+--------------------------------------+--------------------------------------+-----------------------------+-----------------------------+----------------------------+----------------------------+-----------------------------+-----------------------------+--------------------+--------------------+-------------------------------------+-------------------------------------+----------------------------+----------------------------+---------------------------+---------------------------+
; UART_TXD      ; 2.5 V        ; 0 s                 ; 0 s                 ; 2.62 V                       ; 4.05e-08 V                   ; 2.72 V              ; -0.0349 V           ; 0.173 V                              ; 0.1 V                                ; 2.72e-10 s                  ; 2.69e-10 s                  ; Yes                        ; Yes                        ; 2.62 V                      ; 4.05e-08 V                  ; 2.72 V             ; -0.0349 V          ; 0.173 V                             ; 0.1 V                               ; 2.72e-10 s                 ; 2.69e-10 s                 ; Yes                       ; Yes                       ;
; UART_RTS      ; 2.5 V        ; 0 s                 ; 0 s                 ; 2.62 V                       ; 4.05e-08 V                   ; 2.72 V              ; -0.0349 V           ; 0.173 V                              ; 0.1 V                                ; 2.72e-10 s                  ; 2.69e-10 s                  ; Yes                        ; Yes                        ; 2.62 V                      ; 4.05e-08 V                  ; 2.72 V             ; -0.0349 V          ; 0.173 V                             ; 0.1 V                               ; 2.72e-10 s                 ; 2.69e-10 s                 ; Yes                       ; Yes                       ;
; LCD_DATA[0]   ; 2.5 V        ; 0 s                 ; 0 s                 ; 2.62 V                       ; 4.05e-08 V                   ; 2.72 V              ; -0.0349 V           ; 0.173 V                              ; 0.1 V                                ; 2.72e-10 s                  ; 2.69e-10 s                  ; Yes                        ; Yes                        ; 2.62 V                      ; 4.05e-08 V                  ; 2.72 V             ; -0.0349 V          ; 0.173 V                             ; 0.1 V                               ; 2.72e-10 s                 ; 2.69e-10 s                 ; Yes                       ; Yes                       ;
; LCD_DATA[1]   ; 2.5 V        ; 0 s                 ; 0 s                 ; 2.62 V                       ; 4.05e-08 V                   ; 2.72 V              ; -0.0349 V           ; 0.173 V                              ; 0.1 V                                ; 2.72e-10 s                  ; 2.69e-10 s                  ; Yes                        ; Yes                        ; 2.62 V                      ; 4.05e-08 V                  ; 2.72 V             ; -0.0349 V          ; 0.173 V                             ; 0.1 V                               ; 2.72e-10 s                 ; 2.69e-10 s                 ; Yes                       ; Yes                       ;
; LCD_DATA[2]   ; 2.5 V        ; 0 s                 ; 0 s                 ; 2.62 V                       ; 4.05e-08 V                   ; 2.72 V              ; -0.0349 V           ; 0.173 V                              ; 0.1 V                                ; 2.72e-10 s                  ; 2.69e-10 s                  ; Yes                        ; Yes                        ; 2.62 V                      ; 4.05e-08 V                  ; 2.72 V             ; -0.0349 V          ; 0.173 V                             ; 0.1 V                               ; 2.72e-10 s                 ; 2.69e-10 s                 ; Yes                       ; Yes                       ;
; LCD_DATA[3]   ; 2.5 V        ; 0 s                 ; 0 s                 ; 2.62 V                       ; 4.05e-08 V                   ; 2.72 V              ; -0.0349 V           ; 0.173 V                              ; 0.1 V                                ; 2.72e-10 s                  ; 2.69e-10 s                  ; Yes                        ; Yes                        ; 2.62 V                      ; 4.05e-08 V                  ; 2.72 V             ; -0.0349 V          ; 0.173 V                             ; 0.1 V                               ; 2.72e-10 s                 ; 2.69e-10 s                 ; Yes                       ; Yes                       ;
; LCD_DATA[4]   ; 2.5 V        ; 0 s                 ; 0 s                 ; 2.62 V                       ; 4.05e-08 V                   ; 2.72 V              ; -0.0349 V           ; 0.173 V                              ; 0.1 V                                ; 2.72e-10 s                  ; 2.69e-10 s                  ; Yes                        ; Yes                        ; 2.62 V                      ; 4.05e-08 V                  ; 2.72 V             ; -0.0349 V          ; 0.173 V                             ; 0.1 V                               ; 2.72e-10 s                 ; 2.69e-10 s                 ; Yes                       ; Yes                       ;
; LCD_DATA[5]   ; 2.5 V        ; 0 s                 ; 0 s                 ; 2.62 V                       ; 4.05e-08 V                   ; 2.72 V              ; -0.0349 V           ; 0.173 V                              ; 0.1 V                                ; 2.72e-10 s                  ; 2.69e-10 s                  ; Yes                        ; Yes                        ; 2.62 V                      ; 4.05e-08 V                  ; 2.72 V             ; -0.0349 V          ; 0.173 V                             ; 0.1 V                               ; 2.72e-10 s                 ; 2.69e-10 s                 ; Yes                       ; Yes                       ;
; LCD_DATA[6]   ; 2.5 V        ; 0 s                 ; 0 s                 ; 2.62 V                       ; 4.05e-08 V                   ; 2.72 V              ; -0.0349 V           ; 0.173 V                              ; 0.1 V                                ; 2.72e-10 s                  ; 2.69e-10 s                  ; Yes                        ; Yes                        ; 2.62 V                      ; 4.05e-08 V                  ; 2.72 V             ; -0.0349 V          ; 0.173 V                             ; 0.1 V                               ; 2.72e-10 s                 ; 2.69e-10 s                 ; Yes                       ; Yes                       ;
; LCD_DATA[7]   ; 2.5 V        ; 0 s                 ; 0 s                 ; 2.62 V                       ; 4.05e-08 V                   ; 2.72 V              ; -0.0349 V           ; 0.173 V                              ; 0.1 V                                ; 2.72e-10 s                  ; 2.69e-10 s                  ; Yes                        ; Yes                        ; 2.62 V                      ; 4.05e-08 V                  ; 2.72 V             ; -0.0349 V          ; 0.173 V                             ; 0.1 V                               ; 2.72e-10 s                 ; 2.69e-10 s                 ; Yes                       ; Yes                       ;
; LCD_RW        ; 2.5 V        ; 0 s                 ; 0 s                 ; 2.62 V                       ; 4.05e-08 V                   ; 2.72 V              ; -0.0349 V           ; 0.173 V                              ; 0.1 V                                ; 2.72e-10 s                  ; 2.69e-10 s                  ; Yes                        ; Yes                        ; 2.62 V                      ; 4.05e-08 V                  ; 2.72 V             ; -0.0349 V          ; 0.173 V                             ; 0.1 V                               ; 2.72e-10 s                 ; 2.69e-10 s                 ; Yes                       ; Yes                       ;
; LCD_EN        ; 2.5 V        ; 0 s                 ; 0 s                 ; 2.62 V                       ; 4.05e-08 V                   ; 2.72 V              ; -0.0349 V           ; 0.173 V                              ; 0.1 V                                ; 2.72e-10 s                  ; 2.69e-10 s                  ; Yes                        ; Yes                        ; 2.62 V                      ; 4.05e-08 V                  ; 2.72 V             ; -0.0349 V          ; 0.173 V                             ; 0.1 V                               ; 2.72e-10 s                 ; 2.69e-10 s                 ; Yes                       ; Yes                       ;
; LCD_RS        ; 2.5 V        ; 0 s                 ; 0 s                 ; 2.62 V                       ; 4.05e-08 V                   ; 2.72 V              ; -0.0349 V           ; 0.173 V                              ; 0.1 V                                ; 2.72e-10 s                  ; 2.69e-10 s                  ; Yes                        ; Yes                        ; 2.62 V                      ; 4.05e-08 V                  ; 2.72 V             ; -0.0349 V          ; 0.173 V                             ; 0.1 V                               ; 2.72e-10 s                 ; 2.69e-10 s                 ; Yes                       ; Yes                       ;
; LCD_ON        ; 2.5 V        ; 0 s                 ; 0 s                 ; 2.62 V                       ; 2.74e-08 V                   ; 2.71 V              ; -0.0317 V           ; 0.148 V                              ; 0.064 V                              ; 4.51e-10 s                  ; 4.15e-10 s                  ; No                         ; Yes                        ; 2.62 V                      ; 2.74e-08 V                  ; 2.71 V             ; -0.0317 V          ; 0.148 V                             ; 0.064 V                             ; 4.51e-10 s                 ; 4.15e-10 s                 ; No                        ; Yes                       ;
; VGA_CLK       ; 2.5 V        ; 0 s                 ; 0 s                 ; 2.62 V                       ; 4.05e-08 V                   ; 2.72 V              ; -0.0349 V           ; 0.173 V                              ; 0.1 V                                ; 2.72e-10 s                  ; 2.69e-10 s                  ; Yes                        ; Yes                        ; 2.62 V                      ; 4.05e-08 V                  ; 2.72 V             ; -0.0349 V          ; 0.173 V                             ; 0.1 V                               ; 2.72e-10 s                 ; 2.69e-10 s                 ; Yes                       ; Yes                       ;
; VGA_HS        ; 2.5 V        ; 0 s                 ; 0 s                 ; 2.62 V                       ; 4.05e-08 V                   ; 2.72 V              ; -0.0349 V           ; 0.173 V                              ; 0.1 V                                ; 2.72e-10 s                  ; 2.69e-10 s                  ; Yes                        ; Yes                        ; 2.62 V                      ; 4.05e-08 V                  ; 2.72 V             ; -0.0349 V          ; 0.173 V                             ; 0.1 V                               ; 2.72e-10 s                 ; 2.69e-10 s                 ; Yes                       ; Yes                       ;
; VGA_VS        ; 2.5 V        ; 0 s                 ; 0 s                 ; 2.62 V                       ; 4.05e-08 V                   ; 2.72 V              ; -0.0349 V           ; 0.173 V                              ; 0.1 V                                ; 2.72e-10 s                  ; 2.69e-10 s                  ; Yes                        ; Yes                        ; 2.62 V                      ; 4.05e-08 V                  ; 2.72 V             ; -0.0349 V          ; 0.173 V                             ; 0.1 V                               ; 2.72e-10 s                 ; 2.69e-10 s                 ; Yes                       ; Yes                       ;
; VGA_BLANK_N   ; 2.5 V        ; 0 s                 ; 0 s                 ; 2.62 V                       ; 4.05e-08 V                   ; 2.72 V              ; -0.0349 V           ; 0.173 V                              ; 0.1 V                                ; 2.72e-10 s                  ; 2.69e-10 s                  ; Yes                        ; Yes                        ; 2.62 V                      ; 4.05e-08 V                  ; 2.72 V             ; -0.0349 V          ; 0.173 V                             ; 0.1 V                               ; 2.72e-10 s                 ; 2.69e-10 s                 ; Yes                       ; Yes                       ;
; VGA_SYNC_N    ; 2.5 V        ; 0 s                 ; 0 s                 ; 2.62 V                       ; 4.05e-08 V                   ; 2.72 V              ; -0.0349 V           ; 0.173 V                              ; 0.1 V                                ; 2.72e-10 s                  ; 2.69e-10 s                  ; Yes                        ; Yes                        ; 2.62 V                      ; 4.05e-08 V                  ; 2.72 V             ; -0.0349 V          ; 0.173 V                             ; 0.1 V                               ; 2.72e-10 s                 ; 2.69e-10 s                 ; Yes                       ; Yes                       ;
; VGA_R[0]      ; 2.5 V        ; 0 s                 ; 0 s                 ; 2.62 V                       ; 4.05e-08 V                   ; 2.72 V              ; -0.0349 V           ; 0.173 V                              ; 0.1 V                                ; 2.72e-10 s                  ; 2.69e-10 s                  ; Yes                        ; Yes                        ; 2.62 V                      ; 4.05e-08 V                  ; 2.72 V             ; -0.0349 V          ; 0.173 V                             ; 0.1 V                               ; 2.72e-10 s                 ; 2.69e-10 s                 ; Yes                       ; Yes                       ;
; VGA_R[1]      ; 2.5 V        ; 0 s                 ; 0 s                 ; 2.62 V                       ; 4.05e-08 V                   ; 2.72 V              ; -0.0349 V           ; 0.173 V                              ; 0.1 V                                ; 2.72e-10 s                  ; 2.69e-10 s                  ; Yes                        ; Yes                        ; 2.62 V                      ; 4.05e-08 V                  ; 2.72 V             ; -0.0349 V          ; 0.173 V                             ; 0.1 V                               ; 2.72e-10 s                 ; 2.69e-10 s                 ; Yes                       ; Yes                       ;
; VGA_R[2]      ; 2.5 V        ; 0 s                 ; 0 s                 ; 2.62 V                       ; 4.05e-08 V                   ; 2.72 V              ; -0.0349 V           ; 0.173 V                              ; 0.1 V                                ; 2.72e-10 s                  ; 2.69e-10 s                  ; Yes                        ; Yes                        ; 2.62 V                      ; 4.05e-08 V                  ; 2.72 V             ; -0.0349 V          ; 0.173 V                             ; 0.1 V                               ; 2.72e-10 s                 ; 2.69e-10 s                 ; Yes                       ; Yes                       ;
; VGA_R[3]      ; 2.5 V        ; 0 s                 ; 0 s                 ; 2.62 V                       ; 4.05e-08 V                   ; 2.72 V              ; -0.0349 V           ; 0.173 V                              ; 0.1 V                                ; 2.72e-10 s                  ; 2.69e-10 s                  ; Yes                        ; Yes                        ; 2.62 V                      ; 4.05e-08 V                  ; 2.72 V             ; -0.0349 V          ; 0.173 V                             ; 0.1 V                               ; 2.72e-10 s                 ; 2.69e-10 s                 ; Yes                       ; Yes                       ;
; VGA_R[4]      ; 2.5 V        ; 0 s                 ; 0 s                 ; 2.62 V                       ; 4.05e-08 V                   ; 2.72 V              ; -0.0349 V           ; 0.173 V                              ; 0.1 V                                ; 2.72e-10 s                  ; 2.69e-10 s                  ; Yes                        ; Yes                        ; 2.62 V                      ; 4.05e-08 V                  ; 2.72 V             ; -0.0349 V          ; 0.173 V                             ; 0.1 V                               ; 2.72e-10 s                 ; 2.69e-10 s                 ; Yes                       ; Yes                       ;
; VGA_R[5]      ; 2.5 V        ; 0 s                 ; 0 s                 ; 2.62 V                       ; 4.05e-08 V                   ; 2.72 V              ; -0.0349 V           ; 0.173 V                              ; 0.1 V                                ; 2.72e-10 s                  ; 2.69e-10 s                  ; Yes                        ; Yes                        ; 2.62 V                      ; 4.05e-08 V                  ; 2.72 V             ; -0.0349 V          ; 0.173 V                             ; 0.1 V                               ; 2.72e-10 s                 ; 2.69e-10 s                 ; Yes                       ; Yes                       ;
; VGA_R[6]      ; 2.5 V        ; 0 s                 ; 0 s                 ; 2.62 V                       ; 4.05e-08 V                   ; 2.72 V              ; -0.0349 V           ; 0.173 V                              ; 0.1 V                                ; 2.72e-10 s                  ; 2.69e-10 s                  ; Yes                        ; Yes                        ; 2.62 V                      ; 4.05e-08 V                  ; 2.72 V             ; -0.0349 V          ; 0.173 V                             ; 0.1 V                               ; 2.72e-10 s                 ; 2.69e-10 s                 ; Yes                       ; Yes                       ;
; VGA_R[7]      ; 2.5 V        ; 0 s                 ; 0 s                 ; 2.62 V                       ; 4.05e-08 V                   ; 2.72 V              ; -0.0349 V           ; 0.173 V                              ; 0.1 V                                ; 2.72e-10 s                  ; 2.69e-10 s                  ; Yes                        ; Yes                        ; 2.62 V                      ; 4.05e-08 V                  ; 2.72 V             ; -0.0349 V          ; 0.173 V                             ; 0.1 V                               ; 2.72e-10 s                 ; 2.69e-10 s                 ; Yes                       ; Yes                       ;
; VGA_G[0]      ; 2.5 V        ; 0 s                 ; 0 s                 ; 2.62 V                       ; 4.05e-08 V                   ; 2.72 V              ; -0.0349 V           ; 0.173 V                              ; 0.1 V                                ; 2.72e-10 s                  ; 2.69e-10 s                  ; Yes                        ; Yes                        ; 2.62 V                      ; 4.05e-08 V                  ; 2.72 V             ; -0.0349 V          ; 0.173 V                             ; 0.1 V                               ; 2.72e-10 s                 ; 2.69e-10 s                 ; Yes                       ; Yes                       ;
; VGA_G[1]      ; 2.5 V        ; 0 s                 ; 0 s                 ; 2.62 V                       ; 4.05e-08 V                   ; 2.72 V              ; -0.0349 V           ; 0.173 V                              ; 0.1 V                                ; 2.72e-10 s                  ; 2.69e-10 s                  ; Yes                        ; Yes                        ; 2.62 V                      ; 4.05e-08 V                  ; 2.72 V             ; -0.0349 V          ; 0.173 V                             ; 0.1 V                               ; 2.72e-10 s                 ; 2.69e-10 s                 ; Yes                       ; Yes                       ;
; VGA_G[2]      ; 2.5 V        ; 0 s                 ; 0 s                 ; 2.62 V                       ; 4.05e-08 V                   ; 2.72 V              ; -0.0349 V           ; 0.173 V                              ; 0.1 V                                ; 2.72e-10 s                  ; 2.69e-10 s                  ; Yes                        ; Yes                        ; 2.62 V                      ; 4.05e-08 V                  ; 2.72 V             ; -0.0349 V          ; 0.173 V                             ; 0.1 V                               ; 2.72e-10 s                 ; 2.69e-10 s                 ; Yes                       ; Yes                       ;
; VGA_G[3]      ; 2.5 V        ; 0 s                 ; 0 s                 ; 2.62 V                       ; 4.05e-08 V                   ; 2.72 V              ; -0.0349 V           ; 0.173 V                              ; 0.1 V                                ; 2.72e-10 s                  ; 2.69e-10 s                  ; Yes                        ; Yes                        ; 2.62 V                      ; 4.05e-08 V                  ; 2.72 V             ; -0.0349 V          ; 0.173 V                             ; 0.1 V                               ; 2.72e-10 s                 ; 2.69e-10 s                 ; Yes                       ; Yes                       ;
; VGA_G[4]      ; 2.5 V        ; 0 s                 ; 0 s                 ; 2.62 V                       ; 4.05e-08 V                   ; 2.72 V              ; -0.0349 V           ; 0.173 V                              ; 0.1 V                                ; 2.72e-10 s                  ; 2.69e-10 s                  ; Yes                        ; Yes                        ; 2.62 V                      ; 4.05e-08 V                  ; 2.72 V             ; -0.0349 V          ; 0.173 V                             ; 0.1 V                               ; 2.72e-10 s                 ; 2.69e-10 s                 ; Yes                       ; Yes                       ;
; VGA_G[5]      ; 2.5 V        ; 0 s                 ; 0 s                 ; 2.62 V                       ; 4.05e-08 V                   ; 2.72 V              ; -0.0349 V           ; 0.173 V                              ; 0.1 V                                ; 2.72e-10 s                  ; 2.69e-10 s                  ; Yes                        ; Yes                        ; 2.62 V                      ; 4.05e-08 V                  ; 2.72 V             ; -0.0349 V          ; 0.173 V                             ; 0.1 V                               ; 2.72e-10 s                 ; 2.69e-10 s                 ; Yes                       ; Yes                       ;
; VGA_G[6]      ; 2.5 V        ; 0 s                 ; 0 s                 ; 2.62 V                       ; 4.05e-08 V                   ; 2.72 V              ; -0.0349 V           ; 0.173 V                              ; 0.1 V                                ; 2.72e-10 s                  ; 2.69e-10 s                  ; Yes                        ; Yes                        ; 2.62 V                      ; 4.05e-08 V                  ; 2.72 V             ; -0.0349 V          ; 0.173 V                             ; 0.1 V                               ; 2.72e-10 s                 ; 2.69e-10 s                 ; Yes                       ; Yes                       ;
; VGA_G[7]      ; 2.5 V        ; 0 s                 ; 0 s                 ; 2.62 V                       ; 4.05e-08 V                   ; 2.72 V              ; -0.0349 V           ; 0.173 V                              ; 0.1 V                                ; 2.72e-10 s                  ; 2.69e-10 s                  ; Yes                        ; Yes                        ; 2.62 V                      ; 4.05e-08 V                  ; 2.72 V             ; -0.0349 V          ; 0.173 V                             ; 0.1 V                               ; 2.72e-10 s                 ; 2.69e-10 s                 ; Yes                       ; Yes                       ;
; VGA_B[0]      ; 2.5 V        ; 0 s                 ; 0 s                 ; 2.62 V                       ; 4.05e-08 V                   ; 2.72 V              ; -0.0349 V           ; 0.173 V                              ; 0.1 V                                ; 2.72e-10 s                  ; 2.69e-10 s                  ; Yes                        ; Yes                        ; 2.62 V                      ; 4.05e-08 V                  ; 2.72 V             ; -0.0349 V          ; 0.173 V                             ; 0.1 V                               ; 2.72e-10 s                 ; 2.69e-10 s                 ; Yes                       ; Yes                       ;
; VGA_B[1]      ; 2.5 V        ; 0 s                 ; 0 s                 ; 2.62 V                       ; 4.05e-08 V                   ; 2.72 V              ; -0.0349 V           ; 0.173 V                              ; 0.1 V                                ; 2.72e-10 s                  ; 2.69e-10 s                  ; Yes                        ; Yes                        ; 2.62 V                      ; 4.05e-08 V                  ; 2.72 V             ; -0.0349 V          ; 0.173 V                             ; 0.1 V                               ; 2.72e-10 s                 ; 2.69e-10 s                 ; Yes                       ; Yes                       ;
; VGA_B[2]      ; 2.5 V        ; 0 s                 ; 0 s                 ; 2.62 V                       ; 4.05e-08 V                   ; 2.72 V              ; -0.0349 V           ; 0.173 V                              ; 0.1 V                                ; 2.72e-10 s                  ; 2.69e-10 s                  ; Yes                        ; Yes                        ; 2.62 V                      ; 4.05e-08 V                  ; 2.72 V             ; -0.0349 V          ; 0.173 V                             ; 0.1 V                               ; 2.72e-10 s                 ; 2.69e-10 s                 ; Yes                       ; Yes                       ;
; VGA_B[3]      ; 2.5 V        ; 0 s                 ; 0 s                 ; 2.62 V                       ; 4.05e-08 V                   ; 2.72 V              ; -0.0349 V           ; 0.173 V                              ; 0.1 V                                ; 2.72e-10 s                  ; 2.69e-10 s                  ; Yes                        ; Yes                        ; 2.62 V                      ; 4.05e-08 V                  ; 2.72 V             ; -0.0349 V          ; 0.173 V                             ; 0.1 V                               ; 2.72e-10 s                 ; 2.69e-10 s                 ; Yes                       ; Yes                       ;
; VGA_B[4]      ; 2.5 V        ; 0 s                 ; 0 s                 ; 2.62 V                       ; 4.05e-08 V                   ; 2.72 V              ; -0.0349 V           ; 0.173 V                              ; 0.1 V                                ; 2.72e-10 s                  ; 2.69e-10 s                  ; Yes                        ; Yes                        ; 2.62 V                      ; 4.05e-08 V                  ; 2.72 V             ; -0.0349 V          ; 0.173 V                             ; 0.1 V                               ; 2.72e-10 s                 ; 2.69e-10 s                 ; Yes                       ; Yes                       ;
; VGA_B[5]      ; 2.5 V        ; 0 s                 ; 0 s                 ; 2.62 V                       ; 4.05e-08 V                   ; 2.72 V              ; -0.0349 V           ; 0.173 V                              ; 0.1 V                                ; 2.72e-10 s                  ; 2.69e-10 s                  ; Yes                        ; Yes                        ; 2.62 V                      ; 4.05e-08 V                  ; 2.72 V             ; -0.0349 V          ; 0.173 V                             ; 0.1 V                               ; 2.72e-10 s                 ; 2.69e-10 s                 ; Yes                       ; Yes                       ;
; VGA_B[6]      ; 2.5 V        ; 0 s                 ; 0 s                 ; 2.62 V                       ; 4.05e-08 V                   ; 2.72 V              ; -0.0349 V           ; 0.173 V                              ; 0.1 V                                ; 2.72e-10 s                  ; 2.69e-10 s                  ; Yes                        ; Yes                        ; 2.62 V                      ; 4.05e-08 V                  ; 2.72 V             ; -0.0349 V          ; 0.173 V                             ; 0.1 V                               ; 2.72e-10 s                 ; 2.69e-10 s                 ; Yes                       ; Yes                       ;
; VGA_B[7]      ; 2.5 V        ; 0 s                 ; 0 s                 ; 2.62 V                       ; 4.05e-08 V                   ; 2.72 V              ; -0.0349 V           ; 0.173 V                              ; 0.1 V                                ; 2.72e-10 s                  ; 2.69e-10 s                  ; Yes                        ; Yes                        ; 2.62 V                      ; 4.05e-08 V                  ; 2.72 V             ; -0.0349 V          ; 0.173 V                             ; 0.1 V                               ; 2.72e-10 s                 ; 2.69e-10 s                 ; Yes                       ; Yes                       ;
; ~ALTERA_NCEO~ ; 2.5 V        ; 0 s                 ; 0 s                 ; 2.62 V                       ; 2.65e-08 V                   ; 3.12 V              ; -0.147 V            ; 0.571 V                              ; 0.186 V                              ; 8.91e-11 s                  ; 1.76e-10 s                  ; No                         ; Yes                        ; 2.62 V                      ; 2.65e-08 V                  ; 3.12 V             ; -0.147 V           ; 0.571 V                             ; 0.186 V                             ; 8.91e-11 s                 ; 1.76e-10 s                 ; No                        ; Yes                       ;
; ~ALTERA_DCLK~ ; 2.5 V        ; 0 s                 ; 0 s                 ; 2.62 V                       ; 3.26e-08 V                   ; 2.73 V              ; -0.0622 V           ; 0.148 V                              ; 0.088 V                              ; 2.68e-10 s                  ; 2.25e-10 s                  ; Yes                        ; Yes                        ; 2.62 V                      ; 3.26e-08 V                  ; 2.73 V             ; -0.0622 V          ; 0.148 V                             ; 0.088 V                             ; 2.68e-10 s                 ; 2.25e-10 s                 ; Yes                       ; Yes                       ;
+---------------+--------------+---------------------+---------------------+------------------------------+------------------------------+---------------------+---------------------+--------------------------------------+--------------------------------------+-----------------------------+-----------------------------+----------------------------+----------------------------+-----------------------------+-----------------------------+--------------------+--------------------+-------------------------------------+-------------------------------------+----------------------------+----------------------------+---------------------------+---------------------------+


+----------------------------------------------------------------------------------------------------------------------------------------------------------+
; Setup Transfers                                                                                                                                          ;
+------------------------------------------------------+------------------------------------------------------+-----------+----------+----------+----------+
; From Clock                                           ; To Clock                                             ; RR Paths  ; FR Paths ; RF Paths ; FF Paths ;
+------------------------------------------------------+------------------------------------------------------+-----------+----------+----------+----------+
; CLOCK_50                                             ; CLOCK_50                                             ; 23531652  ; 0        ; 0        ; 0        ;
; CLOCK_50                                             ; pll_inst|altpll_component|auto_generated|pll1|clk[0] ; 62365824  ; 0        ; 0        ; 0        ;
; pll_inst|altpll_component|auto_generated|pll1|clk[0] ; pll_inst|altpll_component|auto_generated|pll1|clk[0] ; 746098149 ; 0        ; 0        ; 0        ;
+------------------------------------------------------+------------------------------------------------------+-----------+----------+----------+----------+
Entries labeled "false path" only account for clock-to-clock false paths and not path-based false paths. As a result, actual path counts may be lower than reported.


+----------------------------------------------------------------------------------------------------------------------------------------------------------+
; Hold Transfers                                                                                                                                           ;
+------------------------------------------------------+------------------------------------------------------+-----------+----------+----------+----------+
; From Clock                                           ; To Clock                                             ; RR Paths  ; FR Paths ; RF Paths ; FF Paths ;
+------------------------------------------------------+------------------------------------------------------+-----------+----------+----------+----------+
; CLOCK_50                                             ; CLOCK_50                                             ; 23531652  ; 0        ; 0        ; 0        ;
; CLOCK_50                                             ; pll_inst|altpll_component|auto_generated|pll1|clk[0] ; 62365824  ; 0        ; 0        ; 0        ;
; pll_inst|altpll_component|auto_generated|pll1|clk[0] ; pll_inst|altpll_component|auto_generated|pll1|clk[0] ; 746098149 ; 0        ; 0        ; 0        ;
+------------------------------------------------------+------------------------------------------------------+-----------+----------+----------+----------+
Entries labeled "false path" only account for clock-to-clock false paths and not path-based false paths. As a result, actual path counts may be lower than reported.


---------------
; Report TCCS ;
---------------
No dedicated SERDES Transmitter circuitry present in device or used in design


---------------
; Report RSKM ;
---------------
No non-DPA dedicated SERDES Receiver circuitry present in device or used in design


+-------------------------------------------------+
; Unconstrained Paths Summary                     ;
+---------------------------------+-------+-------+
; Property                        ; Setup ; Hold  ;
+---------------------------------+-------+-------+
; Illegal Clocks                  ; 0     ; 0     ;
; Unconstrained Clocks            ; 0     ; 0     ;
; Unconstrained Input Ports       ; 2     ; 2     ;
; Unconstrained Input Port Paths  ; 28813 ; 28813 ;
; Unconstrained Output Ports      ; 38    ; 38    ;
; Unconstrained Output Port Paths ; 38    ; 38    ;
+---------------------------------+-------+-------+


+---------------------------------------------------------------------------------------------------------------------------------------+
; Clock Status Summary                                                                                                                  ;
+------------------------------------------------------+------------------------------------------------------+-----------+-------------+
; Target                                               ; Clock                                                ; Type      ; Status      ;
+------------------------------------------------------+------------------------------------------------------+-----------+-------------+
; CLOCK_50                                             ; CLOCK_50                                             ; Base      ; Constrained ;
; pll_inst|altpll_component|auto_generated|pll1|clk[0] ; pll_inst|altpll_component|auto_generated|pll1|clk[0] ; Generated ; Constrained ;
+------------------------------------------------------+------------------------------------------------------+-----------+-------------+


+---------------------------------------------------------------------------------------------------+
; Unconstrained Input Ports                                                                         ;
+------------+--------------------------------------------------------------------------------------+
; Input Port ; Comment                                                                              ;
+------------+--------------------------------------------------------------------------------------+
; KEY[0]     ; No input delay, min/max delays, false-path exceptions, or max skew assignments found ;
; UART_RXD   ; No input delay, min/max delays, false-path exceptions, or max skew assignments found ;
+------------+--------------------------------------------------------------------------------------+


+-----------------------------------------------------------------------------------------------------+
; Unconstrained Output Ports                                                                          ;
+-------------+---------------------------------------------------------------------------------------+
; Output Port ; Comment                                                                               ;
+-------------+---------------------------------------------------------------------------------------+
; LCD_DATA[0] ; No output delay, min/max delays, false-path exceptions, or max skew assignments found ;
; LCD_DATA[1] ; No output delay, min/max delays, false-path exceptions, or max skew assignments found ;
; LCD_DATA[2] ; No output delay, min/max delays, false-path exceptions, or max skew assignments found ;
; LCD_DATA[3] ; No output delay, min/max delays, false-path exceptions, or max skew assignments found ;
; LCD_DATA[4] ; No output delay, min/max delays, false-path exceptions, or max skew assignments found ;
; LCD_DATA[5] ; No output delay, min/max delays, false-path exceptions, or max skew assignments found ;
; LCD_DATA[6] ; No output delay, min/max delays, false-path exceptions, or max skew assignments found ;
; LCD_DATA[7] ; No output delay, min/max delays, false-path exceptions, or max skew assignments found ;
; LCD_EN      ; No output delay, min/max delays, false-path exceptions, or max skew assignments found ;
; LCD_RS      ; No output delay, min/max delays, false-path exceptions, or max skew assignments found ;
; VGA_BLANK_N ; No output delay, min/max delays, false-path exceptions, or max skew assignments found ;
; VGA_B[0]    ; No output delay, min/max delays, false-path exceptions, or max skew assignments found ;
; VGA_B[1]    ; No output delay, min/max delays, false-path exceptions, or max skew assignments found ;
; VGA_B[2]    ; No output delay, min/max delays, false-path exceptions, or max skew assignments found ;
; VGA_B[3]    ; No output delay, min/max delays, false-path exceptions, or max skew assignments found ;
; VGA_B[4]    ; No output delay, min/max delays, false-path exceptions, or max skew assignments found ;
; VGA_B[5]    ; No output delay, min/max delays, false-path exceptions, or max skew assignments found ;
; VGA_B[6]    ; No output delay, min/max delays, false-path exceptions, or max skew assignments found ;
; VGA_B[7]    ; No output delay, min/max delays, false-path exceptions, or max skew assignments found ;
; VGA_CLK     ; No output delay, min/max delays, false-path exceptions, or max skew assignments found ;
; VGA_G[0]    ; No output delay, min/max delays, false-path exceptions, or max skew assignments found ;
; VGA_G[1]    ; No output delay, min/max delays, false-path exceptions, or max skew assignments found ;
; VGA_G[2]    ; No output delay, min/max delays, false-path exceptions, or max skew assignments found ;
; VGA_G[3]    ; No output delay, min/max delays, false-path exceptions, or max skew assignments found ;
; VGA_G[4]    ; No output delay, min/max delays, false-path exceptions, or max skew assignments found ;
; VGA_G[5]    ; No output delay, min/max delays, false-path exceptions, or max skew assignments found ;
; VGA_G[6]    ; No output delay, min/max delays, false-path exceptions, or max skew assignments found ;
; VGA_G[7]    ; No output delay, min/max delays, false-path exceptions, or max skew assignments found ;
; VGA_HS      ; No output delay, min/max delays, false-path exceptions, or max skew assignments found ;
; VGA_R[0]    ; No output delay, min/max delays, false-path exceptions, or max skew assignments found ;
; VGA_R[1]    ; No output delay, min/max delays, false-path exceptions, or max skew assignments found ;
; VGA_R[2]    ; No output delay, min/max delays, false-path exceptions, or max skew assignments found ;
; VGA_R[3]    ; No output delay, min/max delays, false-path exceptions, or max skew assignments found ;
; VGA_R[4]    ; No output delay, min/max delays, false-path exceptions, or max skew assignments found ;
; VGA_R[5]    ; No output delay, min/max delays, false-path exceptions, or max skew assignments found ;
; VGA_R[6]    ; No output delay, min/max delays, false-path exceptions, or max skew assignments found ;
; VGA_R[7]    ; No output delay, min/max delays, false-path exceptions, or max skew assignments found ;
; VGA_VS      ; No output delay, min/max delays, false-path exceptions, or max skew assignments found ;
+-------------+---------------------------------------------------------------------------------------+


+---------------------------------------------------------------------------------------------------+
; Unconstrained Input Ports                                                                         ;
+------------+--------------------------------------------------------------------------------------+
; Input Port ; Comment                                                                              ;
+------------+--------------------------------------------------------------------------------------+
; KEY[0]     ; No input delay, min/max delays, false-path exceptions, or max skew assignments found ;
; UART_RXD   ; No input delay, min/max delays, false-path exceptions, or max skew assignments found ;
+------------+--------------------------------------------------------------------------------------+


+-----------------------------------------------------------------------------------------------------+
; Unconstrained Output Ports                                                                          ;
+-------------+---------------------------------------------------------------------------------------+
; Output Port ; Comment                                                                               ;
+-------------+---------------------------------------------------------------------------------------+
; LCD_DATA[0] ; No output delay, min/max delays, false-path exceptions, or max skew assignments found ;
; LCD_DATA[1] ; No output delay, min/max delays, false-path exceptions, or max skew assignments found ;
; LCD_DATA[2] ; No output delay, min/max delays, false-path exceptions, or max skew assignments found ;
; LCD_DATA[3] ; No output delay, min/max delays, false-path exceptions, or max skew assignments found ;
; LCD_DATA[4] ; No output delay, min/max delays, false-path exceptions, or max skew assignments found ;
; LCD_DATA[5] ; No output delay, min/max delays, false-path exceptions, or max skew assignments found ;
; LCD_DATA[6] ; No output delay, min/max delays, false-path exceptions, or max skew assignments found ;
; LCD_DATA[7] ; No output delay, min/max delays, false-path exceptions, or max skew assignments found ;
; LCD_EN      ; No output delay, min/max delays, false-path exceptions, or max skew assignments found ;
; LCD_RS      ; No output delay, min/max delays, false-path exceptions, or max skew assignments found ;
; VGA_BLANK_N ; No output delay, min/max delays, false-path exceptions, or max skew assignments found ;
; VGA_B[0]    ; No output delay, min/max delays, false-path exceptions, or max skew assignments found ;
; VGA_B[1]    ; No output delay, min/max delays, false-path exceptions, or max skew assignments found ;
; VGA_B[2]    ; No output delay, min/max delays, false-path exceptions, or max skew assignments found ;
; VGA_B[3]    ; No output delay, min/max delays, false-path exceptions, or max skew assignments found ;
; VGA_B[4]    ; No output delay, min/max delays, false-path exceptions, or max skew assignments found ;
; VGA_B[5]    ; No output delay, min/max delays, false-path exceptions, or max skew assignments found ;
; VGA_B[6]    ; No output delay, min/max delays, false-path exceptions, or max skew assignments found ;
; VGA_B[7]    ; No output delay, min/max delays, false-path exceptions, or max skew assignments found ;
; VGA_CLK     ; No output delay, min/max delays, false-path exceptions, or max skew assignments found ;
; VGA_G[0]    ; No output delay, min/max delays, false-path exceptions, or max skew assignments found ;
; VGA_G[1]    ; No output delay, min/max delays, false-path exceptions, or max skew assignments found ;
; VGA_G[2]    ; No output delay, min/max delays, false-path exceptions, or max skew assignments found ;
; VGA_G[3]    ; No output delay, min/max delays, false-path exceptions, or max skew assignments found ;
; VGA_G[4]    ; No output delay, min/max delays, false-path exceptions, or max skew assignments found ;
; VGA_G[5]    ; No output delay, min/max delays, false-path exceptions, or max skew assignments found ;
; VGA_G[6]    ; No output delay, min/max delays, false-path exceptions, or max skew assignments found ;
; VGA_G[7]    ; No output delay, min/max delays, false-path exceptions, or max skew assignments found ;
; VGA_HS      ; No output delay, min/max delays, false-path exceptions, or max skew assignments found ;
; VGA_R[0]    ; No output delay, min/max delays, false-path exceptions, or max skew assignments found ;
; VGA_R[1]    ; No output delay, min/max delays, false-path exceptions, or max skew assignments found ;
; VGA_R[2]    ; No output delay, min/max delays, false-path exceptions, or max skew assignments found ;
; VGA_R[3]    ; No output delay, min/max delays, false-path exceptions, or max skew assignments found ;
; VGA_R[4]    ; No output delay, min/max delays, false-path exceptions, or max skew assignments found ;
; VGA_R[5]    ; No output delay, min/max delays, false-path exceptions, or max skew assignments found ;
; VGA_R[6]    ; No output delay, min/max delays, false-path exceptions, or max skew assignments found ;
; VGA_R[7]    ; No output delay, min/max delays, false-path exceptions, or max skew assignments found ;
; VGA_VS      ; No output delay, min/max delays, false-path exceptions, or max skew assignments found ;
+-------------+---------------------------------------------------------------------------------------+


+--------------------------+
; Timing Analyzer Messages ;
+--------------------------+
Info: *******************************************************************
Info: Running Quartus Prime Timing Analyzer
    Info: Version 24.1std.0 Build 1077 03/04/2025 SC Lite Edition
    Info: Processing started: Mon Nov 24 13:43:16 2025
Info: Command: quartus_sta watch -c watch
Info: qsta_default_script.tcl version: #1
Warning (18236): Number of processors has not been specified which may cause overloading on shared machines.  Set the global assignment NUM_PARALLEL_PROCESSORS in your QSF to an appropriate value for best performance.
Info (20030): Parallel compilation is enabled and will use 6 of the 6 processors detected
Info (21077): Low junction temperature is 0 degrees C
Info (21077): High junction temperature is 85 degrees C
Critical Warning (332012): Synopsys Design Constraints File file not found: 'watch.sdc'. A Synopsys Design Constraints File is required by the Timing Analyzer to get proper timing constraints. Without it, the Compiler will not properly optimize the design.
Info (332142): No user constrained generated clocks found in the design. Calling "derive_pll_clocks -create_base_clocks"
Info (332110): Deriving PLL clocks
    Info (332110): create_clock -period 20.000 -waveform {0.000 10.000} -name CLOCK_50 CLOCK_50
    Info (332110): create_generated_clock -source {pll_inst|altpll_component|auto_generated|pll1|inclk[0]} -divide_by 32 -multiply_by 95 -duty_cycle 50.00 -name {pll_inst|altpll_component|auto_generated|pll1|clk[0]} {pll_inst|altpll_component|auto_generated|pll1|clk[0]}
Info (332142): No user constrained base clocks found in the design. Calling "derive_clocks -period 1.0"
Info (332096): The command derive_clocks did not find any clocks to derive.  No clocks were created or changed.
Info (332143): No user constrained clock uncertainty found in the design. Calling "derive_clock_uncertainty"
Info (332123): Deriving Clock Uncertainty. Please refer to report_sdc in the Timing Analyzer to see clock uncertainties.
Info: Found TIMING_ANALYZER_REPORT_SCRIPT_INCLUDE_DEFAULT_ANALYSIS = ON
Info: Analyzing Slow 1200mV 85C Model
Critical Warning (332148): Timing requirements not met
    Info (11105): For recommendations on closing timing, run Report Timing Closure Recommendations in the Timing Analyzer.
Info (332146): Worst-case setup slack is -24.933
    Info (332119):     Slack       End Point TNS Clock 
    Info (332119): ========= =================== =====================
    Info (332119):   -24.933            -599.284 pll_inst|altpll_component|auto_generated|pll1|clk[0] 
    Info (332119):     2.097               0.000 CLOCK_50 
Info (332146): Worst-case hold slack is 0.392
    Info (332119):     Slack       End Point TNS Clock 
    Info (332119): ========= =================== =====================
    Info (332119):     0.392               0.000 CLOCK_50 
    Info (332119):     0.633               0.000 pll_inst|altpll_component|auto_generated|pll1|clk[0] 
Info (332140): No Recovery paths to report
Info (332140): No Removal paths to report
Info (332146): Worst-case minimum pulse width slack is 2.988
    Info (332119):     Slack       End Point TNS Clock 
    Info (332119): ========= =================== =====================
    Info (332119):     2.988               0.000 pll_inst|altpll_component|auto_generated|pll1|clk[0] 
    Info (332119):     9.716               0.000 CLOCK_50 
Info (332114): Report Metastability: Found 1 synchronizer chains.
    Info (332114): The design MTBF is not calculated because there are no specified synchronizers in the design.
    Info (332114): Number of Synchronizer Chains Found: 1
    Info (332114): Shortest Synchronizer Chain: 2 Registers
    Info (332114): Fraction of Chains for which MTBFs Could Not be Calculated: 1.000
    Info (332114): Worst Case Available Settling Time: 34.056 ns
    Info (332114): 
Info: Analyzing Slow 1200mV 0C Model
Info (334003): Started post-fitting delay annotation
Info (334004): Delay annotation completed successfully
Info (332123): Deriving Clock Uncertainty. Please refer to report_sdc in the Timing Analyzer to see clock uncertainties.
Critical Warning (332148): Timing requirements not met
    Info (11105): For recommendations on closing timing, run Report Timing Closure Recommendations in the Timing Analyzer.
Info (332146): Worst-case setup slack is -22.972
    Info (332119):     Slack       End Point TNS Clock 
    Info (332119): ========= =================== =====================
    Info (332119):   -22.972            -548.094 pll_inst|altpll_component|auto_generated|pll1|clk[0] 
    Info (332119):     3.410               0.000 CLOCK_50 
Info (332146): Worst-case hold slack is 0.344
    Info (332119):     Slack       End Point TNS Clock 
    Info (332119): ========= =================== =====================
    Info (332119):     0.344               0.000 CLOCK_50 
    Info (332119):     0.576               0.000 pll_inst|altpll_component|auto_generated|pll1|clk[0] 
Info (332140): No Recovery paths to report
Info (332140): No Removal paths to report
Info (332146): Worst-case minimum pulse width slack is 2.981
    Info (332119):     Slack       End Point TNS Clock 
    Info (332119): ========= =================== =====================
    Info (332119):     2.981               0.000 pll_inst|altpll_component|auto_generated|pll1|clk[0] 
    Info (332119):     9.703               0.000 CLOCK_50 
Info (332114): Report Metastability: Found 1 synchronizer chains.
    Info (332114): The design MTBF is not calculated because there are no specified synchronizers in the design.
    Info (332114): Number of Synchronizer Chains Found: 1
    Info (332114): Shortest Synchronizer Chain: 2 Registers
    Info (332114): Fraction of Chains for which MTBFs Could Not be Calculated: 1.000
    Info (332114): Worst Case Available Settling Time: 34.485 ns
    Info (332114): 
Info: Analyzing Fast 1200mV 0C Model
Info (332123): Deriving Clock Uncertainty. Please refer to report_sdc in the Timing Analyzer to see clock uncertainties.
Critical Warning (332148): Timing requirements not met
    Info (11105): For recommendations on closing timing, run Report Timing Closure Recommendations in the Timing Analyzer.
Info (332146): Worst-case setup slack is -13.072
    Info (332119):     Slack       End Point TNS Clock 
    Info (332119): ========= =================== =====================
    Info (332119):   -13.072            -309.696 pll_inst|altpll_component|auto_generated|pll1|clk[0] 
    Info (332119):    10.318               0.000 CLOCK_50 
Info (332146): Worst-case hold slack is 0.175
    Info (332119):     Slack       End Point TNS Clock 
    Info (332119): ========= =================== =====================
    Info (332119):     0.175               0.000 CLOCK_50 
    Info (332119):     0.287               0.000 pll_inst|altpll_component|auto_generated|pll1|clk[0] 
Info (332140): No Recovery paths to report
Info (332140): No Removal paths to report
Info (332146): Worst-case minimum pulse width slack is 3.100
    Info (332119):     Slack       End Point TNS Clock 
    Info (332119): ========= =================== =====================
    Info (332119):     3.100               0.000 pll_inst|altpll_component|auto_generated|pll1|clk[0] 
    Info (332119):     9.451               0.000 CLOCK_50 
Info (332114): Report Metastability: Found 1 synchronizer chains.
    Info (332114): The design MTBF is not calculated because there are no specified synchronizers in the design.
    Info (332114): Number of Synchronizer Chains Found: 1
    Info (332114): Shortest Synchronizer Chain: 2 Registers
    Info (332114): Fraction of Chains for which MTBFs Could Not be Calculated: 1.000
    Info (332114): Worst Case Available Settling Time: 36.801 ns
    Info (332114): 
Info (332102): Design is not fully constrained for setup requirements
Info (332102): Design is not fully constrained for hold requirements
Info: Quartus Prime Timing Analyzer was successful. 0 errors, 5 warnings
    Info: Peak virtual memory: 5453 megabytes
    Info: Processing ended: Mon Nov 24 13:43:30 2025
    Info: Elapsed time: 00:00:14
    Info: Total CPU time (on all processors): 00:00:18


