ISO-10303-21;
HEADER;
FILE_DESCRIPTION (( 'STEP AP214' ),
    '1' );
FILE_NAME ('Watch Body - Velcro.STEP',
    '2025-11-18T06:36:56',
    ( '' ),
    ( '' ),
    'SwSTEP 2.0',
    'SolidWorks 2025',
    '' );
FILE_SCHEMA (( 'AUTOMOTIVE_DESIGN' ));
ENDSEC;

DATA;
#1 = DIRECTION ( 'NONE',  ( 0.000000000000000000, -1.000000000000000000, 0.000000000000000000 ) ) ;
#2 = CARTESIAN_POINT ( 'NONE',  ( -6.436413556298620442, 11.25000000000000000, 19.50539547874912216 ) ) ;
#3 = CIRCLE ( 'NONE', #528, 22.50000000000000355 ) ;
#4 = CARTESIAN_POINT ( 'NONE',  ( 12.50000000000000533, -2.352679656440429312, -26.15564437074637283 ) ) ;
#5 = CARTESIAN_POINT ( 'NONE',  ( -7.517602003331536054, 11.25999999999997847, 19.33150888463367778 ) ) ;
#6 = ORIENTED_EDGE ( 'NONE', *, *, #886, .T. ) ;
#7 = CARTESIAN_POINT ( 'NONE',  ( -6.436413556298621330, 11.25000000000000000, 19.50539547874912216 ) ) ;
#8 = DIRECTION ( 'NONE',  ( 0.000000000000000000, -1.000000000000000000, 0.000000000000000000 ) ) ;
#9 = APPLICATION_CONTEXT ( 'automotive_design' ) ;
#10 = VERTEX_POINT ( 'NONE', #1851 ) ;
#11 = ADVANCED_FACE ( 'NONE', ( #384 ), #843, .F. ) ;
#12 = AXIS2_PLACEMENT_3D ( 'NONE', #402, #3171, #1366 ) ;
#13 = LINE ( 'NONE', #2797, #770 ) ;
#14 = DIRECTION ( 'NONE',  ( 2.664535259100375697E-15, 0.000000000000000000, 1.000000000000000000 ) ) ;
#15 = DIRECTION ( 'NONE',  ( -0.000000000000000000, -1.000000000000000000, -0.000000000000000000 ) ) ;
#16 = DIRECTION ( 'NONE',  ( 0.000000000000000000, -1.000000000000000000, 0.000000000000000000 ) ) ;
#17 = EDGE_LOOP ( 'NONE', ( #1496, #1969, #2087, #1875 ) ) ;
#18 = ADVANCED_FACE ( 'NONE', ( #1404 ), #859, .F. ) ;
#19 = AXIS2_PLACEMENT_3D ( 'NONE', #2393, #660, #132 ) ;
#20 = CARTESIAN_POINT ( 'NONE',  ( -18.30566896791331644, 0.04999999999992814359, -8.658232131167169499 ) ) ;
#21 = AXIS2_PLACEMENT_3D ( 'NONE', #2006, #1226, #1274 ) ;
#22 = CARTESIAN_POINT ( 'NONE',  ( -7.451182679375345508, 11.34999999999997300, 19.25903638836169662 ) ) ;
#23 = ORIENTED_EDGE ( 'NONE', *, *, #539, .F. ) ;
#24 = CARTESIAN_POINT ( 'NONE',  ( -6.484437924835757983, 11.25999999999997847, 16.35576158573464767 ) ) ;
#25 = DIRECTION ( 'NONE',  ( 0.000000000000000000, 1.000000000000000000, 0.000000000000000000 ) ) ;
#26 = ORIENTED_EDGE ( 'NONE', *, *, #908, .T. ) ;
#27 = CIRCLE ( 'NONE', #1873, 20.25000000000000355 ) ;
#28 = CARTESIAN_POINT ( 'NONE',  ( 0.000000000000000000, 74.98961030678925965, 0.000000000000000000 ) ) ;
#29 = ORIENTED_EDGE ( 'NONE', *, *, #1817, .F. ) ;
#30 = EDGE_CURVE ( 'NONE', #3045, #143, #137, .T. ) ;
#31 = DIRECTION ( 'NONE',  ( 0.000000000000000000, -1.000000000000000000, 0.000000000000000000 ) ) ;
#32 = CARTESIAN_POINT ( 'NONE',  ( 0.000000000000000000, 10.15000000000000036, 0.000000000000000000 ) ) ;
#33 = DIRECTION ( 'NONE',  ( 0.000000000000000000, 0.000000000000000000, 1.000000000000000000 ) ) ;
#34 = DIRECTION ( 'NONE',  ( -0.4031531783023032944, 0.000000000000000000, -0.9151325121668179019 ) ) ;
#35 = EDGE_LOOP ( 'NONE', ( #216, #2829, #392, #114 ) ) ;
#36 = VECTOR ( 'NONE', #928, 1000.000000000000000 ) ;
#37 = VECTOR ( 'NONE', #2245, 1000.000000000000000 ) ;
#38 = CARTESIAN_POINT ( 'NONE',  ( -17.62768122836097362, 3.549999999999928324, -8.337556867049867648 ) ) ;
#39 = CARTESIAN_POINT ( 'NONE',  ( -7.452172210557686860, 11.34999247783139964, 19.26012299843465314 ) ) ;
#40 = ORIENTED_EDGE ( 'NONE', *, *, #327, .T. ) ;
#41 = FACE_OUTER_BOUND ( 'NONE', #782, .T. ) ;
#42 = LINE ( 'NONE', #2811, #2938 ) ;
#43 = VERTEX_POINT ( 'NONE', #2905 ) ;
#44 = LINE ( 'NONE', #3096, #615 ) ;
#45 = VERTEX_POINT ( 'NONE', #1636 ) ;
#46 = CARTESIAN_POINT ( 'NONE',  ( 0.2958453560192104148, 11.25999999999997847, 19.40274466469435311 ) ) ;
#47 = CARTESIAN_POINT ( 'NONE',  ( -18.55232424079347808, 0.7999999999999279909, 8.116265475233481297 ) ) ;
#48 = VERTEX_POINT ( 'NONE', #1384 ) ;
#49 = CARTESIAN_POINT ( 'NONE',  ( 0.000000000000000000, 3.549999999999928324, 0.000000000000000000 ) ) ;
#50 = VECTOR ( 'NONE', #1557, 1000.000000000000000 ) ;
#51 = CARTESIAN_POINT ( 'NONE',  ( -19.23458818254797364, 3.549999999999928324, -3.206340195267209925 ) ) ;
#52 = CARTESIAN_POINT ( 'NONE',  ( 19.93310100931617868, 9.799999999999926104, -8.296119572172537815 ) ) ;
#53 = ORIENTED_EDGE ( 'NONE', *, *, #617, .F. ) ;
#54 = DIRECTION ( 'NONE',  ( -0.3842467840676229707, 0.000000000000000000, 0.9232304202817893657 ) ) ;
#55 = VERTEX_POINT ( 'NONE', #1132 ) ;
#56 = DIRECTION ( 'NONE',  ( 0.000000000000000000, -1.000000000000000000, 0.000000000000000000 ) ) ;
#57 = ORIENTED_EDGE ( 'NONE', *, *, #1621, .T. ) ;
#58 = EDGE_CURVE ( 'NONE', #1662, #2327, #3170, .T. ) ;
#59 = CIRCLE ( 'NONE', #3069, 19.50000000000000355 ) ;
#60 = CARTESIAN_POINT ( 'NONE',  ( -6.484437924835757983, 74.98961030678925965, 16.35576158573464767 ) ) ;
#61 = CARTESIAN_POINT ( 'NONE',  ( -10.00000000000000355, 0.000000000000000000, -3.367091399734825783E-15 ) ) ;
#62 = ORIENTED_EDGE ( 'NONE', *, *, #2055, .T. ) ;
#63 = CIRCLE ( 'NONE', #1479, 13.00000000000000000 ) ;
#64 = DIRECTION ( 'NONE',  ( 1.000000000000000000, 0.000000000000000000, 1.224646799147353207E-16 ) ) ;
#65 = CARTESIAN_POINT ( 'NONE',  ( 13.41246787328881851, 5.992388155425061314, -23.96325621532124117 ) ) ;
#66 = DIRECTION ( 'NONE',  ( 0.3842467840676229707, 0.000000000000000000, 0.9232304202817893657 ) ) ;
#67 = VECTOR ( 'NONE', #2577, 1000.000000000000000 ) ;
#68 = EDGE_LOOP ( 'NONE', ( #254, #2678, #407, #2261, #2739, #2843, #1661, #805, #479, #2706, #300, #2896, #2406, #917 ) ) ;
#69 = VECTOR ( 'NONE', #3217, 1000.000000000000114 ) ;
#70 = CIRCLE ( 'NONE', #3232, 22.50000000000000355 ) ;
#71 = DIRECTION ( 'NONE',  ( 0.000000000000000000, -1.000000000000000000, 0.000000000000000000 ) ) ;
#72 = ADVANCED_FACE ( 'NONE', ( #3155 ), #1656, .T. ) ;
#73 = ORIENTED_EDGE ( 'NONE', *, *, #803, .T. ) ;
#74 = CARTESIAN_POINT ( 'NONE',  ( -18.03628154234811731, 15.67259408145484834, 14.28305028929142040 ) ) ;
#75 = ORIENTED_EDGE ( 'NONE', *, *, #2785, .F. ) ;
#76 = CIRCLE ( 'NONE', #1971, 19.40500000002931458 ) ;
#77 = ADVANCED_FACE ( 'NONE', ( #415 ), #2507, .F. ) ;
#78 = CARTESIAN_POINT ( 'NONE',  ( 9.999999999999982236, 9.799999999999926104, -8.673617379884018117E-15 ) ) ;
#79 = EDGE_CURVE ( 'NONE', #727, #827, #1186, .T. ) ;
#80 = DIRECTION ( 'NONE',  ( 0.000000000000000000, -1.000000000000000000, 0.000000000000000000 ) ) ;
#81 = VERTEX_POINT ( 'NONE', #724 ) ;
#82 = FACE_OUTER_BOUND ( 'NONE', #847, .T. ) ;
#83 = CARTESIAN_POINT ( 'NONE',  ( 13.65441362079806353, 10.15000000000000568, 13.79371445745431224 ) ) ;
#84 = VECTOR ( 'NONE', #728, 999.9999999999998863 ) ;
#85 = AXIS2_PLACEMENT_3D ( 'NONE', #3067, #798, #335 ) ;
#86 = LINE ( 'NONE', #1085, #1766 ) ;
#87 = AXIS2_PLACEMENT_3D ( 'NONE', #817, #2069, #1874 ) ;
#88 = VERTEX_POINT ( 'NONE', #1449 ) ;
#89 = DIRECTION ( 'NONE',  ( -0.4031531783023034055, 0.000000000000000000, -0.9151325121668179019 ) ) ;
#90 = EDGE_CURVE ( 'NONE', #1871, #688, #1983, .T. ) ;
#91 = CARTESIAN_POINT ( 'NONE',  ( -1.479793181982435292E-14, 0.04999999999992814359, -2.945107931998002430E-14 ) ) ;
#92 = ORIENTED_EDGE ( 'NONE', *, *, #2067, .F. ) ;
#93 = ORIENTED_EDGE ( 'NONE', *, *, #2193, .F. ) ;
#94 = CARTESIAN_POINT ( 'NONE',  ( 0.000000000000000000, -3.200000000000072564, 14.77086805989614149 ) ) ;
#95 = CARTESIAN_POINT ( 'NONE',  ( 0.000000000000000000, 11.82499999999997264, 0.000000000000000000 ) ) ;
#96 = VERTEX_POINT ( 'NONE', #2767 ) ;
#97 = EDGE_CURVE ( 'NONE', #2520, #2783, #3236, .T. ) ;
#98 = FACE_BOUND ( 'NONE', #719, .T. ) ;
#99 = ADVANCED_FACE ( 'NONE', ( #1998 ), #3014, .F. ) ;
#100 = FACE_OUTER_BOUND ( 'NONE', #2903, .T. ) ;
#101 = DIRECTION ( 'NONE',  ( -1.000000000000000000, 0.000000000000000000, 0.000000000000000000 ) ) ;
#102 = CARTESIAN_POINT ( 'NONE',  ( 0.000000000000000000, 2.799999999999927880, 0.000000000000000000 ) ) ;
#103 = VERTEX_POINT ( 'NONE', #2475 ) ;
#104 = CARTESIAN_POINT ( 'NONE',  ( -19.18041321313021541, 3.549999999999928324, 3.515927896527460739 ) ) ;
#105 =( BOUNDED_CURVE ( )  B_SPLINE_CURVE ( 3, ( #563, #245, #4, #754 ),
 .UNSPECIFIED., .F., .F. ) 
 B_SPLINE_CURVE_WITH_KNOTS ( ( 4, 4 ),
 ( 1.570796326794894560, 3.141592653589794892 ),
 .UNSPECIFIED. ) 
 CURVE ( )  GEOMETRIC_REPRESENTATION_ITEM ( )  RATIONAL_B_SPLINE_CURVE ( ( 1.000000000000000000, 0.8047378541243640493, 0.8047378541243640493, 1.000000000000000000 ) ) 
 REPRESENTATION_ITEM ( '' )  );
#106 = AXIS2_PLACEMENT_3D ( 'NONE', #513, #2524, #2252 ) ;
#107 = LINE ( 'NONE', #1807, #2032 ) ;
#108 = VERTEX_POINT ( 'NONE', #958 ) ;
#109 = ADVANCED_FACE ( 'NONE', ( #3188 ), #246, .T. ) ;
#110 = ORIENTED_EDGE ( 'NONE', *, *, #1502, .T. ) ;
#111 = ORIENTED_EDGE ( 'NONE', *, *, #2816, .F. ) ;
#112 = LINE ( 'NONE', #2137, #50 ) ;
#113 = CARTESIAN_POINT ( 'NONE',  ( -10.00000000000000355, -2.974000000000072141, 2.891205793294677044E-15 ) ) ;
#114 = ORIENTED_EDGE ( 'NONE', *, *, #3125, .F. ) ;
#115 = DIRECTION ( 'NONE',  ( 0.000000000000000000, -0.000000000000000000, -1.000000000000000000 ) ) ;
#116 = CARTESIAN_POINT ( 'NONE',  ( 0.000000000000000000, 9.799999999999926104, -20.15564437074637993 ) ) ;
#117 = AXIS2_PLACEMENT_3D ( 'NONE', #2268, #2305, #2735 ) ;
#118 = DIRECTION ( 'NONE',  ( 0.000000000000000000, 0.000000000000000000, -1.000000000000000000 ) ) ;
#119 = ORIENTED_EDGE ( 'NONE', *, *, #1606, .T. ) ;
#120 = CARTESIAN_POINT ( 'NONE',  ( -10.00000000000000355, -2.974000000000072141, -2.891205793294677044E-15 ) ) ;
#121 = CARTESIAN_POINT ( 'NONE',  ( 9.670286147185342074, 11.25999999999997314, 16.93326801983467078 ) ) ;
#122 = VECTOR ( 'NONE', #680, 1000.000000000000000 ) ;
#123 = VECTOR ( 'NONE', #2458, 1000.000000000000000 ) ;
#124 = CARTESIAN_POINT ( 'NONE',  ( 0.000000000000000000, 11.34999999999997300, 0.000000000000000000 ) ) ;
#126 = ORIENTED_EDGE ( 'NONE', *, *, #1996, .F. ) ;
#125 = EDGE_CURVE ( 'NONE', #1800, #688, #2734, .T. ) ;
#127 = ORIENTED_EDGE ( 'NONE', *, *, #1867, .F. ) ;
#128 = ORIENTED_EDGE ( 'NONE', *, *, #2935, .F. ) ;
#129 = CARTESIAN_POINT ( 'NONE',  ( -9.999999999999996447, 9.799999999999926104, -26.15564437074638349 ) ) ;
#130 = VECTOR ( 'NONE', #2665, 1000.000000000000114 ) ;
#131 = DIRECTION ( 'NONE',  ( 0.000000000000000000, 0.000000000000000000, -1.000000000000000000 ) ) ;
#132 = DIRECTION ( 'NONE',  ( 0.000000000000000000, 0.000000000000000000, -1.000000000000000000 ) ) ;
#133 = DIRECTION ( 'NONE',  ( 0.000000000000000000, -0.000000000000000000, -1.000000000000000000 ) ) ;
#134 = ADVANCED_FACE ( 'NONE', ( #1200 ), #2999, .T. ) ;
#135 = CARTESIAN_POINT ( 'NONE',  ( -7.813924682793268239, 11.25999999999997314, 18.65887492646981727 ) ) ;
#136 = VECTOR ( 'NONE', #3145, 1000.000000000000114 ) ;
#137 = LINE ( 'NONE', #1415, #2942 ) ;
#138 = CARTESIAN_POINT ( 'NONE',  ( -12.49999999999999645, 9.799999999999926104, -26.15564437074638349 ) ) ;
#139 = FACE_OUTER_BOUND ( 'NONE', #1265, .T. ) ;
#140 = VECTOR ( 'NONE', #829, 1000.000000000000114 ) ;
#141 = DIRECTION ( 'NONE',  ( 0.000000000000000000, -1.000000000000000000, 0.000000000000000000 ) ) ;
#142 = EDGE_LOOP ( 'NONE', ( #191, #977, #1043, #960 ) ) ;
#143 = VERTEX_POINT ( 'NONE', #3205 ) ;
#144 = LINE ( 'NONE', #3148, #730 ) ;
#145 = DIRECTION ( 'NONE',  ( -0.3695524189464526876, 0.000000000000000000, 0.9292098846067154971 ) ) ;
#146 = DIRECTION ( 'NONE',  ( 0.000000000000000000, 0.000000000000000000, -1.000000000000000000 ) ) ;
#147 = CARTESIAN_POINT ( 'NONE',  ( -14.90493150791687960, 9.654498493062492415, 16.91904328067858643 ) ) ;
#148 = ORIENTED_EDGE ( 'NONE', *, *, #1646, .T. ) ;
#149 = FACE_OUTER_BOUND ( 'NONE', #623, .T. ) ;
#150 = ORIENTED_EDGE ( 'NONE', *, *, #476, .T. ) ;
#151 = CARTESIAN_POINT ( 'NONE',  ( -16.97266793280126862, 9.799999999999926104, -14.77086805989612905 ) ) ;
#152 = LINE ( 'NONE', #1152, #1865 ) ;
#153 = CIRCLE ( 'NONE', #261, 22.50000000000000355 ) ;
#154 = DIRECTION ( 'NONE',  ( 0.000000000000000000, 0.000000000000000000, 1.000000000000000000 ) ) ;
#155 = EDGE_LOOP ( 'NONE', ( #1438, #1545, #1669, #1995 ) ) ;
#156 = EDGE_CURVE ( 'NONE', #1357, #3209, #613, .T. ) ;
#157 = ORIENTED_EDGE ( 'NONE', *, *, #1835, .F. ) ;
#158 = ORIENTED_EDGE ( 'NONE', *, *, #1046, .T. ) ;
#159 = DIRECTION ( 'NONE',  ( 0.3695524189464526876, -0.000000000000000000, -0.9292098846067154971 ) ) ;
#160 = DIRECTION ( 'NONE',  ( -0.000000000000000000, -1.000000000000000000, -0.000000000000000000 ) ) ;
#161 = EDGE_CURVE ( 'NONE', #45, #323, #972, .T. ) ;
#162 = CARTESIAN_POINT ( 'NONE',  ( -15.98264796954265421, 9.799999999999926104, 15.90846403699747924 ) ) ;
#163 = VERTEX_POINT ( 'NONE', #2954 ) ;
#164 = ORIENTED_EDGE ( 'NONE', *, *, #781, .T. ) ;
#165 = PLANE ( 'NONE',  #2921 ) ;
#166 = DIRECTION ( 'NONE',  ( 0.000000000000000000, -1.000000000000000000, 0.000000000000000000 ) ) ;
#167 = AXIS2_PLACEMENT_3D ( 'NONE', #3165, #1000, #1749 ) ;
#168 = ORIENTED_EDGE ( 'NONE', *, *, #1732, .F. ) ;
#169 = CARTESIAN_POINT ( 'NONE',  ( -13.51061806840691659, 74.98961030678925965, 13.92900658377336853 ) ) ;
#170 = ORIENTED_EDGE ( 'NONE', *, *, #2411, .F. ) ;
#171 = EDGE_LOOP ( 'NONE', ( #303, #1288, #250, #3186 ) ) ;
#172 = VECTOR ( 'NONE', #160, 1000.000000000000000 ) ;
#173 = VERTEX_POINT ( 'NONE', #1733 ) ;
#174 = VERTEX_POINT ( 'NONE', #985 ) ;
#175 = CARTESIAN_POINT ( 'NONE',  ( 7.797594443048651236, 11.25000000000000000, 19.86998445578315042 ) ) ;
#176 = VECTOR ( 'NONE', #2400, 1000.000000000000000 ) ;
#177 = CONICAL_SURFACE ( 'NONE', #1866, 19.40900744143347012, 0.3490658503988545158 ) ;
#178 = CARTESIAN_POINT ( 'NONE',  ( -0.9898953764363276342, 2.799999999999927880, 2.648711740116493463 ) ) ;
#179 = EDGE_CURVE ( 'NONE', #989, #2845, #2241, .T. ) ;
#180 = EDGE_CURVE ( 'NONE', #3129, #2601, #1717, .T. ) ;
#181 = DIRECTION ( 'NONE',  ( 0.000000000000000000, 0.000000000000000000, -1.000000000000000000 ) ) ;
#182 = ORIENTED_EDGE ( 'NONE', *, *, #3235, .F. ) ;
#183 = AXIS2_PLACEMENT_3D ( 'NONE', #1031, #733, #995 ) ;
#184 = CARTESIAN_POINT ( 'NONE',  ( -9.999999999999996447, 0.000000000000000000, 23.61179387238010818 ) ) ;
#185 = LINE ( 'NONE', #1188, #2868 ) ;
#186 = EDGE_LOOP ( 'NONE', ( #2753, #397, #1027, #900, #2181 ) ) ;
#187 = CARTESIAN_POINT ( 'NONE',  ( -12.13064373469592994, 36.38267500856138525, 15.26753033669436022 ) ) ;
#188 = AXIS2_PLACEMENT_3D ( 'NONE', #2129, #1900, #3138 ) ;
#189 = ORIENTED_EDGE ( 'NONE', *, *, #3011, .T. ) ;
#190 = VECTOR ( 'NONE', #2860, 1000.000000000000114 ) ;
#191 = ORIENTED_EDGE ( 'NONE', *, *, #866, .F. ) ;
#192 = AXIS2_PLACEMENT_3D ( 'NONE', #28, #2281, #1026 ) ;
#193 = CARTESIAN_POINT ( 'NONE',  ( -10.00000000000000000, -3.200000000000072564, -14.77086805989612905 ) ) ;
#194 = CARTESIAN_POINT ( 'NONE',  ( -12.59505669002710171, -2.974000000000072141, 14.88672384962533357 ) ) ;
#195 = EDGE_CURVE ( 'NONE', #2546, #778, #2891, .T. ) ;
#196 = DIRECTION ( 'NONE',  ( 0.000000000000000000, 0.000000000000000000, 1.000000000000000000 ) ) ;
#197 = VERTEX_POINT ( 'NONE', #184 ) ;
#198 = ADVANCED_FACE ( 'NONE', ( #3219 ), #942, .T. ) ;
#199 = DIRECTION ( 'NONE',  ( 0.000000000000000000, 0.000000000000000000, -1.000000000000000000 ) ) ;
#200 = LINE ( 'NONE', #1201, #1747 ) ;
#201 = EDGE_CURVE ( 'NONE', #108, #1929, #2969, .T. ) ;
#202 = ORIENTED_EDGE ( 'NONE', *, *, #1009, .F. ) ;
#203 = LINE ( 'NONE', #1005, #929 ) ;
#204 = ORIENTED_EDGE ( 'NONE', *, *, #2895, .T. ) ;
#205 = DIRECTION ( 'NONE',  ( 0.000000000000000000, 0.000000000000000000, 1.000000000000000000 ) ) ;
#206 = CARTESIAN_POINT ( 'NONE',  ( 10.00000000000000533, 9.799999999999926104, 26.15564437074637993 ) ) ;
#207 = ADVANCED_FACE ( 'NONE', ( #2711 ), #1501, .F. ) ;
#208 = CARTESIAN_POINT ( 'NONE',  ( -10.55932221929372083, 10.15000000000000036, 19.86833446137672610 ) ) ;
#209 = ADVANCED_FACE ( 'NONE', ( #1193 ), #2990, .T. ) ;
#210 = B_SPLINE_CURVE_WITH_KNOTS ( 'NONE', 3,
 ( #1944, #2194, #1715, #1209, #1698, #396, #3185, #3167, #2224, #924, #2684, #2207, #2731, #909, #459, #1412 ),
 .UNSPECIFIED., .F., .F.,
 ( 4, 2, 2, 2, 2, 2, 2, 4 ),
 ( 5.204170427930421283E-18, 2.369938345069661466E-05, 4.739876690138802515E-05, 9.479753380277248598E-05, 0.0001895950676055497696, 0.0003791901352111043638, 0.0007583802704222169675, 0.001516760540844441958 ),
 .UNSPECIFIED. ) ;
#211 = DIRECTION ( 'NONE',  ( 1.000000000000000000, 0.000000000000000000, 0.000000000000000000 ) ) ;
#212 = CARTESIAN_POINT ( 'NONE',  ( -18.62577703540877749, 3.549999999999928324, -7.946252565029581660 ) ) ;
#213 = DIRECTION ( 'NONE',  ( 0.000000000000000000, 1.000000000000000000, 0.000000000000000000 ) ) ;
#214 = EDGE_CURVE ( 'NONE', #2434, #81, #2018, .T. ) ;
#215 = CIRCLE ( 'NONE', #1056, 19.40900744143347012 ) ;
#216 = ORIENTED_EDGE ( 'NONE', *, *, #476, .F. ) ;
#217 = ADVANCED_FACE ( 'NONE', ( #1006 ), #949, .F. ) ;
#218 = CARTESIAN_POINT ( 'NONE',  ( 0.000000000000000000, 9.799999999999926104, 0.000000000000000000 ) ) ;
#219 = VERTEX_POINT ( 'NONE', #1756 ) ;
#220 = AXIS2_PLACEMENT_3D ( 'NONE', #575, #80, #131 ) ;
#221 = DIRECTION ( 'NONE',  ( 0.4226182617406970543, 0.000000000000000000, -0.9063077870366511579 ) ) ;
#222 = ORIENTED_EDGE ( 'NONE', *, *, #2824, .T. ) ;
#223 = EDGE_CURVE ( 'NONE', #1482, #1423, #2246, .T. ) ;
#224 = DIRECTION ( 'NONE',  ( 0.000000000000000000, -1.000000000000000000, 0.000000000000000000 ) ) ;
#225 = CARTESIAN_POINT ( 'NONE',  ( -17.42416479728412071, 3.549999999999928324, 8.754911828058867584 ) ) ;
#226 = AXIS2_PLACEMENT_3D ( 'NONE', #517, #1752, #1517 ) ;
#227 = DIRECTION ( 'NONE',  ( -0.000000000000000000, -1.000000000000000000, -0.000000000000000000 ) ) ;
#228 = AXIS2_PLACEMENT_3D ( 'NONE', #2344, #362, #115 ) ;
#229 = DIRECTION ( 'NONE',  ( 1.000000000000000000, 0.000000000000000000, 0.000000000000000000 ) ) ;
#230 = ORIENTED_EDGE ( 'NONE', *, *, #2213, .T. ) ;
#231 = ADVANCED_FACE ( 'NONE', ( #470 ), #3035, .T. ) ;
#232 = CARTESIAN_POINT ( 'NONE',  ( 17.49999999999999645, 9.799999999999926104, -14.14213562373095634 ) ) ;
#233 = AXIS2_PLACEMENT_3D ( 'NONE', #348, #25, #1535 ) ;
#234 = PLANE ( 'NONE',  #2175 ) ;
#235 = ORIENTED_EDGE ( 'NONE', *, *, #2543, .T. ) ;
#236 = DIRECTION ( 'NONE',  ( 0.4226182617406970543, 0.000000000000000000, 0.9063077870366511579 ) ) ;
#237 = PRESENTATION_STYLE_ASSIGNMENT (( #268 ) ) ;
#238 = VERTEX_POINT ( 'NONE', #764 ) ;
#239 = CARTESIAN_POINT ( 'NONE',  ( -13.51061806840691659, 11.34999999999997122, 13.92900658377336853 ) ) ;
#240 = CIRCLE ( 'NONE', #1773, 3.089999999999998970 ) ;
#241 = CARTESIAN_POINT ( 'NONE',  ( -9.109175301177385720, 11.25999999999997314, 17.13974986201431960 ) ) ;
#242 = CIRCLE ( 'NONE', #2091, 20.25000000000000355 ) ;
#243 = LINE ( 'NONE', #287, #1601 ) ;
#244 = VERTEX_POINT ( 'NONE', #1739 ) ;
#245 = CARTESIAN_POINT ( 'NONE',  ( 12.75859237157255244, -2.974000000000073030, -25.53432402718673089 ) ) ;
#246 = CYLINDRICAL_SURFACE ( 'NONE', #1025, 13.00000000000000000 ) ;
#247 = EDGE_CURVE ( 'NONE', #2323, #2470, #1707, .T. ) ;
#248 = CARTESIAN_POINT ( 'NONE',  ( 0.000000000000000000, 2.799999999999927880, 0.000000000000000000 ) ) ;
#249 = FACE_OUTER_BOUND ( 'NONE', #1559, .T. ) ;
#250 = ORIENTED_EDGE ( 'NONE', *, *, #1989, .F. ) ;
#251 = CARTESIAN_POINT ( 'NONE',  ( -0.6436645579237758596, 0.7999999999999279909, -1.895668097355308834 ) ) ;
#252 = CARTESIAN_POINT ( 'NONE',  ( -12.30020737610231230, 11.31970334361573549, 15.10305991423086525 ) ) ;
#253 = MANIFOLD_SOLID_BREP ( 'Mirror1', #2674 ) ;
#254 = ORIENTED_EDGE ( 'NONE', *, *, #256, .T. ) ;
#255 = PLANE ( 'NONE',  #2948 ) ;
#256 = EDGE_CURVE ( 'NONE', #372, #2809, #2618, .T. ) ;
#257 = FACE_OUTER_BOUND ( 'NONE', #482, .T. ) ;
#258 = FACE_BOUND ( 'NONE', #2289, .T. ) ;
#259 = CYLINDRICAL_SURFACE ( 'NONE', #418, 1.500000000000001332 ) ;
#260 = ORIENTED_EDGE ( 'NONE', *, *, #2076, .F. ) ;
#261 = AXIS2_PLACEMENT_3D ( 'NONE', #2105, #1340, #2355 ) ;
#262 = EDGE_CURVE ( 'NONE', #2725, #3243, #962, .T. ) ;
#263 = FACE_OUTER_BOUND ( 'NONE', #1149, .T. ) ;
#264 = CARTESIAN_POINT ( 'NONE',  ( 0.000000000000000000, 0.04999999999992814359, 0.000000000000000000 ) ) ;
#265 = ORIENTED_EDGE ( 'NONE', *, *, #2272, .F. ) ;
#266 = EDGE_CURVE ( 'NONE', #1904, #3175, #2283, .T. ) ;
#267 = LINE ( 'NONE', #251, #37 ) ;
#268 = SURFACE_STYLE_USAGE ( .BOTH. , #1521 ) ;
#269 = ORIENTED_EDGE ( 'NONE', *, *, #736, .F. ) ;
#270 = VECTOR ( 'NONE', #34, 1000.000000000000114 ) ;
#271 = DIRECTION ( 'NONE',  ( 1.000000000000000000, -0.000000000000000000, -0.000000000000000000 ) ) ;
#272 = LINE ( 'NONE', #2780, #808 ) ;
#273 = CARTESIAN_POINT ( 'NONE',  ( 9.670286147185342074, 10.15000000000000036, 16.93326801983467078 ) ) ;
#274 = FACE_OUTER_BOUND ( 'NONE', #1060, .T. ) ;
#275 = CARTESIAN_POINT ( 'NONE',  ( -9.012038728212507621, 11.25000000000000000, 20.90012448714078275 ) ) ;
#276 = ORIENTED_EDGE ( 'NONE', *, *, #2873, .T. ) ;
#277 = EDGE_CURVE ( 'NONE', #2202, #1069, #2497, .T. ) ;
#278 = VECTOR ( 'NONE', #1942, 1000.000000000000000 ) ;
#279 = DIRECTION ( 'NONE',  ( 0.000000000000000000, 0.000000000000000000, -1.000000000000000000 ) ) ;
#280 = CARTESIAN_POINT ( 'NONE',  ( -7.181773703878873150, 11.25000000000000000, 20.09381813053617805 ) ) ;
#281 = ORIENTED_EDGE ( 'NONE', *, *, #2830, .T. ) ;
#282 = DIRECTION ( 'NONE',  ( 0.3842467840676229707, 0.000000000000000000, -0.9232304202817893657 ) ) ;
#283 = CARTESIAN_POINT ( 'NONE',  ( -12.21147631408769207, 11.30332690001730001, 15.18912574257789849 ) ) ;
#284 = ORIENTED_EDGE ( 'NONE', *, *, #1150, .T. ) ;
#285 = CARTESIAN_POINT ( 'NONE',  ( 19.93310100931617868, 9.799999999999926104, 8.296119572172537815 ) ) ;
#286 = ORIENTED_EDGE ( 'NONE', *, *, #1692, .T. ) ;
#287 = CARTESIAN_POINT ( 'NONE',  ( 12.59048283055160766, 74.98961030678925965, 14.89059240237222070 ) ) ;
#288 = DIRECTION ( 'NONE',  ( -0.000000000000000000, 1.000000000000000000, -0.000000000000000000 ) ) ;
#289 = CARTESIAN_POINT ( 'NONE',  ( -19.97438003572289134, 3.549999999999928324, -3.329660972008262387 ) ) ;
#290 = ORIENTED_EDGE ( 'NONE', *, *, #2608, .F. ) ;
#291 = LINE ( 'NONE', #1295, #67 ) ;
#292 = VECTOR ( 'NONE', #2183, 1000.000000000000000 ) ;
#293 = DIRECTION ( 'NONE',  ( -0.7178050287942189245, 0.000000000000000000, -0.6962441673994337332 ) ) ;
#294 = CARTESIAN_POINT ( 'NONE',  ( -7.517602003331535165, 11.26945426829217745, 19.33150888463367778 ) ) ;
#295 = ORIENTED_EDGE ( 'NONE', *, *, #2354, .T. ) ;
#296 = EDGE_CURVE ( 'NONE', #1369, #2685, #2264, .T. ) ;
#297 = DIRECTION ( 'NONE',  ( -0.3695524189464535758, 0.000000000000000000, 0.9292098846067150530 ) ) ;
#298 = VERTEX_POINT ( 'NONE', #3064 ) ;
#299 = CARTESIAN_POINT ( 'NONE',  ( 0.2944732312038638722, 11.34999999999997300, 19.31275512489393620 ) ) ;
#300 = ORIENTED_EDGE ( 'NONE', *, *, #2469, .T. ) ;
#301 = LINE ( 'NONE', #2321, #1253 ) ;
#302 = CARTESIAN_POINT ( 'NONE',  ( 2.510525938252074481E-15, 9.824999999999972644, -20.50000000000000355 ) ) ;
#303 = ORIENTED_EDGE ( 'NONE', *, *, #1515, .T. ) ;
#304 = EDGE_CURVE ( 'NONE', #1104, #2430, #1898, .T. ) ;
#305 = FACE_BOUND ( 'NONE', #2157, .T. ) ;
#306 = EDGE_CURVE ( 'NONE', #2118, #3228, #863, .T. ) ;
#307 = AXIS2_PLACEMENT_3D ( 'NONE', #375, #2340, #820 ) ;
#308 = CARTESIAN_POINT ( 'NONE',  ( 2.755455298081545172E-15, -2.974000000000072141, 22.50000000000000355 ) ) ;
#309 = VERTEX_POINT ( 'NONE', #2918 ) ;
#310 = DIRECTION ( 'NONE',  ( 0.000000000000000000, 1.000000000000000000, 0.000000000000000000 ) ) ;
#311 = ORIENTED_EDGE ( 'NONE', *, *, #1943, .F. ) ;
#312 = CARTESIAN_POINT ( 'NONE',  ( 13.91354715801901953, 0.000000000000000000, -23.61179387238010108 ) ) ;
#313 = ADVANCED_FACE ( 'NONE', ( #3119 ), #3131, .F. ) ;
#314 = EDGE_CURVE ( 'NONE', #1967, #424, #1225, .T. ) ;
#315 = ORIENTED_EDGE ( 'NONE', *, *, #578, .T. ) ;
#316 = EDGE_CURVE ( 'NONE', #3095, #1455, #1379, .T. ) ;
#317 = CARTESIAN_POINT ( 'NONE',  ( 0.000000000000000000, 11.34999999999997300, 0.000000000000000000 ) ) ;
#318 = VERTEX_POINT ( 'NONE', #1347 ) ;
#319 = PRODUCT_CONTEXT ( 'NONE', #2602, 'mechanical' ) ;
#320 = CONICAL_SURFACE ( 'NONE', #849, 19.40900744143347012, 0.3490658503988545158 ) ;
#321 = CARTESIAN_POINT ( 'NONE',  ( -9.151412590054560425, 11.25000000000000000, 17.21922319985983307 ) ) ;
#322 = CARTESIAN_POINT ( 'NONE',  ( -7.451182679375345508, 11.34999999999997300, 19.25903638836169662 ) ) ;
#323 = VERTEX_POINT ( 'NONE', #135 ) ;
#324 = AXIS2_PLACEMENT_3D ( 'NONE', #2093, #1589, #2606 ) ;
#325 = CARTESIAN_POINT ( 'NONE',  ( -0.6436645579237758596, 2.799999999999927880, -1.895668097355308834 ) ) ;
#326 = LINE ( 'NONE', #2140, #858 ) ;
#327 = EDGE_CURVE ( 'NONE', #2741, #1392, #42, .T. ) ;
#328 = CYLINDRICAL_SURFACE ( 'NONE', #1180, 19.40500000002931458 ) ;
#329 = AXIS2_PLACEMENT_3D ( 'NONE', #1896, #628, #2591 ) ;
#330 = VERTEX_POINT ( 'NONE', #1285 ) ;
#331 = AXIS2_PLACEMENT_3D ( 'NONE', #734, #288, #2505 ) ;
#332 = VECTOR ( 'NONE', #555, 1000.000000000000114 ) ;
#333 = DIRECTION ( 'NONE',  ( 0.9863891375665608807, 0.000000000000000000, 0.1644277023214037736 ) ) ;
#334 =( BOUNDED_CURVE ( )  B_SPLINE_CURVE ( 3, ( #2992, #522, #2483, #720 ),
 .UNSPECIFIED., .F., .F. ) 
 B_SPLINE_CURVE_WITH_KNOTS ( ( 4, 4 ),
 ( 1.570796326794896780, 2.356194490192347502 ),
 .UNSPECIFIED. ) 
 CURVE ( )  GEOMETRIC_REPRESENTATION_ITEM ( )  RATIONAL_B_SPLINE_CURVE ( ( 1.000000000000000000, 0.9492530216741907889, 0.9492530216741907889, 1.000000000000000000 ) ) 
 REPRESENTATION_ITEM ( '' )  );
#335 = DIRECTION ( 'NONE',  ( 0.000000000000000000, 0.000000000000000000, -1.000000000000000000 ) ) ;
#336 = ORIENTED_EDGE ( 'NONE', *, *, #2702, .T. ) ;
#337 = VECTOR ( 'NONE', #486, 1000.000000000000114 ) ;
#338 = DIRECTION ( 'NONE',  ( -1.000000000000000000, -0.000000000000000000, 2.891205793294676354E-16 ) ) ;
#339 = ADVANCED_FACE ( 'NONE', ( #2111 ), #1362, .F. ) ;
#340 = CIRCLE ( 'NONE', #2452, 22.50000000000000355 ) ;
#341 = ORIENTED_EDGE ( 'NONE', *, *, #1153, .T. ) ;
#342 = LINE ( 'NONE', #1588, #2370 ) ;
#343 = CARTESIAN_POINT ( 'NONE',  ( 13.65441362079806353, 10.15000000000000568, 13.79371445745431224 ) ) ;
#344 = EDGE_LOOP ( 'NONE', ( #3093, #1490, #1452, #1446 ) ) ;
#345 = CARTESIAN_POINT ( 'NONE',  ( -10.00000000000000355, 9.799999999999926104, -2.891205793294677044E-15 ) ) ;
#346 = LINE ( 'NONE', #1346, #3022 ) ;
#347 = VECTOR ( 'NONE', #1963, 1000.000000000000000 ) ;
#348 = CARTESIAN_POINT ( 'NONE',  ( 0.000000000000000000, 11.82499999999997264, 0.000000000000000000 ) ) ;
#349 = AXIS2_PLACEMENT_3D ( 'NONE', #2857, #2084, #1600 ) ;
#350 = CARTESIAN_POINT ( 'NONE',  ( -12.78972643436935286, -2.974000000000069921, 25.53432402718674155 ) ) ;
#351 = AXIS2_PLACEMENT_3D ( 'NONE', #2457, #2978, #938 ) ;
#352 = DIRECTION ( 'NONE',  ( 0.4489698373363535389, -0.000000000000000000, 0.8935469126812359830 ) ) ;
#353 = DIRECTION ( 'NONE',  ( 0.000000000000000000, 0.000000000000000000, -1.000000000000000000 ) ) ;
#354 = ADVANCED_FACE ( 'NONE', ( #780 ), #3153, .T. ) ;
#355 = LINE ( 'NONE', #299, #2295 ) ;
#356 = VERTEX_POINT ( 'NONE', #2126 ) ;
#357 = APPLICATION_PROTOCOL_DEFINITION ( 'draft international standard', 'automotive_design', 1998, #9 ) ;
#358 = ORIENTED_EDGE ( 'NONE', *, *, #736, .T. ) ;
#359 = FACE_OUTER_BOUND ( 'NONE', #186, .T. ) ;
#360 = CARTESIAN_POINT ( 'NONE',  ( -6.893445386980598499, 11.25000000000000000, 20.74830538543782410 ) ) ;
#361 = ORIENTED_EDGE ( 'NONE', *, *, #801, .T. ) ;
#362 = DIRECTION ( 'NONE',  ( 0.000000000000000000, -1.000000000000000000, 0.000000000000000000 ) ) ;
#363 = DIRECTION ( 'NONE',  ( 0.000000000000000000, -0.7071067811865463515, 0.7071067811865487940 ) ) ;
#364 = CARTESIAN_POINT ( 'NONE',  ( -13.54543027701340030, -2.974000000000072141, 13.96489683494792367 ) ) ;
#365 = LINE ( 'NONE', #399, #2182 ) ;
#366 = ORIENTED_EDGE ( 'NONE', *, *, #1621, .F. ) ;
#367 = DIRECTION ( 'NONE',  ( 0.9998837755602059119, 0.000000000000000000, -0.01524583128163255023 ) ) ;
#368 = FACE_OUTER_BOUND ( 'NONE', #692, .T. ) ;
#369 = VECTOR ( 'NONE', #1124, 1000.000000000000000 ) ;
#370 = ADVANCED_FACE ( 'NONE', ( #2142 ), #533, .F. ) ;
#371 = DIRECTION ( 'NONE',  ( -0.7178050287942189245, 0.000000000000000000, -0.6962441673994337332 ) ) ;
#372 = VERTEX_POINT ( 'NONE', #1617 ) ;
#373 = EDGE_LOOP ( 'NONE', ( #3005, #3128, #1856, #997, #507, #955, #2636, #3191, #2777, #880, #57, #2499, #2708, #2998 ) ) ;
#374 = ORIENTED_EDGE ( 'NONE', *, *, #562, .F. ) ;
#375 = CARTESIAN_POINT ( 'NONE',  ( 13.91354715801901953, 0.000000000000000000, -23.61179387238010108 ) ) ;
#376 = CARTESIAN_POINT ( 'NONE',  ( -7.517602003331535165, 11.25000000000000000, 19.33150888463367778 ) ) ;
#377 = CARTESIAN_POINT ( 'NONE',  ( -20.28561557374407442, 9.799999999999926104, -9.459337892425100591 ) ) ;
#378 = TOROIDAL_SURFACE ( 'NONE', #3118, 20.50000000000000355, 2.000000000000000000 ) ;
#379 = DIRECTION ( 'NONE',  ( -0.000000000000000000, -1.000000000000000000, -0.000000000000000000 ) ) ;
#380 = CIRCLE ( 'NONE', #2223, 18.18499999999999517 ) ;
#381 = ORIENTED_EDGE ( 'NONE', *, *, #2909, .T. ) ;
#382 = CARTESIAN_POINT ( 'NONE',  ( -12.14653385177650335, 11.27999526159886479, 15.25211751441972119 ) ) ;
#383 = CARTESIAN_POINT ( 'NONE',  ( 2.755455298081545172E-15, 10.00000000000000000, 22.50000000000000355 ) ) ;
#384 = FACE_OUTER_BOUND ( 'NONE', #1538, .T. ) ;
#385 = DIRECTION ( 'NONE',  ( 1.000000000000000000, 0.000000000000000000, -2.891205793294676354E-16 ) ) ;
#386 = CARTESIAN_POINT ( 'NONE',  ( -19.31591823177373257, 9.799999999999926104, -11.53886055308023906 ) ) ;
#387 = ADVANCED_FACE ( 'NONE', ( #614 ), #595, .T. ) ;
#388 = CIRCLE ( 'NONE', #2547, 19.40500000002931458 ) ;
#389 = CARTESIAN_POINT ( 'NONE',  ( 2.227020204249461178E-15, 75.46461030678925397, 18.18499999999999517 ) ) ;
#390 = ORIENTED_EDGE ( 'NONE', *, *, #659, .F. ) ;
#391 = ORIENTED_EDGE ( 'NONE', *, *, #2950, .F. ) ;
#392 = ORIENTED_EDGE ( 'NONE', *, *, #1735, .T. ) ;
#393 = DIRECTION ( 'NONE',  ( -0.4959121101120612107, 0.000000000000000000, -0.8683727189658844159 ) ) ;
#394 = CARTESIAN_POINT ( 'NONE',  ( -12.13064373469592994, 9.900000000000035882, 15.26753033669436022 ) ) ;
#395 = DIRECTION ( 'NONE',  ( -0.000000000000000000, 1.000000000000000000, -0.000000000000000000 ) ) ;
#396 = CARTESIAN_POINT ( 'NONE',  ( 12.62674697285229186, 11.29022020982304220, 14.85320525440579154 ) ) ;
#397 = ORIENTED_EDGE ( 'NONE', *, *, #1692, .F. ) ;
#398 = DIRECTION ( 'NONE',  ( 0.000000000000000000, 0.000000000000000000, 1.000000000000000000 ) ) ;
#399 = CARTESIAN_POINT ( 'NONE',  ( 5.220250743006501471E-12, 11.57499999999997264, -17.98499999999725318 ) ) ;
#400 = PRESENTATION_LAYER_ASSIGNMENT (  '', '', ( #505 ) ) ;
#401 = ORIENTED_EDGE ( 'NONE', *, *, #2415, .F. ) ;
#402 = CARTESIAN_POINT ( 'NONE',  ( 0.000000000000000000, 11.37499999999996803, 0.000000000000000000 ) ) ;
#403 = CARTESIAN_POINT ( 'NONE',  ( -1.479793181982435292E-14, 3.549999999999928324, -2.945107931998002430E-14 ) ) ;
#404 = CIRCLE ( 'NONE', #932, 17.98499999999503274 ) ;
#405 = EDGE_CURVE ( 'NONE', #2987, #1591, #1597, .T. ) ;
#406 = DIRECTION ( 'NONE',  ( 0.000000000000000000, 1.000000000000000000, -0.000000000000000000 ) ) ;
#407 = ORIENTED_EDGE ( 'NONE', *, *, #3011, .F. ) ;
#408 = ADVANCED_FACE ( 'NONE', ( #873 ), #2904, .T. ) ;
#409 = ORIENTED_EDGE ( 'NONE', *, *, #3120, .F. ) ;
#410 = ORIENTED_EDGE ( 'NONE', *, *, #441, .T. ) ;
#411 = CARTESIAN_POINT ( 'NONE',  ( 9.999999999999994671, -3.200000000000072564, -14.77086805989614149 ) ) ;
#412 = CARTESIAN_POINT ( 'NONE',  ( -6.484437924835757983, 11.34999999999997300, 16.35576158573464767 ) ) ;
#413 = DIRECTION ( 'NONE',  ( 0.000000000000000000, 0.000000000000000000, -1.000000000000000000 ) ) ;
#414 = EDGE_LOOP ( 'NONE', ( #2581, #2454, #1174, #2021 ) ) ;
#415 = FACE_OUTER_BOUND ( 'NONE', #1906, .T. ) ;
#416 = DIRECTION ( 'NONE',  ( 0.000000000000000000, 0.000000000000000000, -1.000000000000000000 ) ) ;
#417 = PLANE ( 'NONE',  #1435 ) ;
#418 = AXIS2_PLACEMENT_3D ( 'NONE', #2267, #1014, #2026 ) ;
#419 = CARTESIAN_POINT ( 'NONE',  ( 0.000000000000000000, 0.7999999999999279909, 0.000000000000000000 ) ) ;
#420 = EDGE_CURVE ( 'NONE', #2501, #796, #1519, .T. ) ;
#421 = ORIENTED_EDGE ( 'NONE', *, *, #564, .T. ) ;
#422 = ORIENTED_EDGE ( 'NONE', *, *, #545, .T. ) ;
#423 = EDGE_CURVE ( 'NONE', #2327, #2783, #1708, .T. ) ;
#424 = VERTEX_POINT ( 'NONE', #1312 ) ;
#425 = EDGE_LOOP ( 'NONE', ( #2517, #2946, #1456, #62 ) ) ;
#426 = DIRECTION ( 'NONE',  ( -0.9863891375665609917, 0.000000000000000000, -0.1644277023214038014 ) ) ;
#427 = CARTESIAN_POINT ( 'NONE',  ( 0.000000000000000000, 2.799999999999927880, 0.000000000000000000 ) ) ;
#428 = DIRECTION ( 'NONE',  ( -0.000000000000000000, -1.000000000000000000, -0.000000000000000000 ) ) ;
#429 = CARTESIAN_POINT ( 'NONE',  ( -10.55932221929372083, 11.25999999999997314, 19.86833446137672610 ) ) ;
#430 = EDGE_CURVE ( 'NONE', #43, #2434, #2274, .T. ) ;
#431 = LINE ( 'NONE', #895, #2603 ) ;
#432 = EDGE_LOOP ( 'NONE', ( #170, #944, #1791, #1574, #1343 ) ) ;
#433 = CARTESIAN_POINT ( 'NONE',  ( -6.484437924835757983, 11.34999999999997300, 19.41576158573447586 ) ) ;
#434 = ORIENTED_EDGE ( 'NONE', *, *, #1581, .T. ) ;
#435 = VERTEX_POINT ( 'NONE', #2566 ) ;
#436 = AXIS2_PLACEMENT_3D ( 'NONE', #3008, #748, #14 ) ;
#437 = ORIENTED_EDGE ( 'NONE', *, *, #2366, .T. ) ;
#438 = EDGE_CURVE ( 'NONE', #43, #1192, #2062, .T. ) ;
#439 = CARTESIAN_POINT ( 'NONE',  ( 0.000000000000000000, 11.34999999999997300, -18.18499999999999517 ) ) ;
#440 = TOROIDAL_SURFACE ( 'NONE', #1380, 17.98499999999999588, 0.2000000000000000111 ) ;
#441 = EDGE_CURVE ( 'NONE', #2922, #2520, #811, .T. ) ;
#442 =( BOUNDED_CURVE ( )  B_SPLINE_CURVE ( 3, ( #65, #1067, #1328, #1084 ),
 .UNSPECIFIED., .F., .F. ) 
 B_SPLINE_CURVE_WITH_KNOTS ( ( 4, 4 ),
 ( 3.926990816987243171, 4.712388980384689674 ),
 .UNSPECIFIED. ) 
 CURVE ( )  GEOMETRIC_REPRESENTATION_ITEM ( )  RATIONAL_B_SPLINE_CURVE ( ( 1.000000000000000000, 0.9492530216741912330, 0.9492530216741912330, 1.000000000000000000 ) ) 
 REPRESENTATION_ITEM ( '' )  );
#443 = CARTESIAN_POINT ( 'NONE',  ( -0.5727718084201500748, 0.7999999999999279909, 1.138232138501142909 ) ) ;
#444 = CARTESIAN_POINT ( 'NONE',  ( -9.999999999999994671, 8.632336374617837649, 20.15564437074637993 ) ) ;
#445 = ORIENTED_EDGE ( 'NONE', *, *, #2815, .F. ) ;
#446 = VECTOR ( 'NONE', #841, 1000.000000000000000 ) ;
#447 = DIRECTION ( 'NONE',  ( 0.000000000000000000, 1.000000000000000000, -0.000000000000000000 ) ) ;
#448 = CARTESIAN_POINT ( 'NONE',  ( 13.12429721057666399, -2.974000000000072141, -24.65564437074637638 ) ) ;
#449 = ORIENTED_EDGE ( 'NONE', *, *, #3248, .T. ) ;
#450 = ADVANCED_FACE ( 'NONE', ( #1500 ), #1298, .F. ) ;
#451 = FACE_OUTER_BOUND ( 'NONE', #1609, .T. ) ;
#452 = AXIS2_PLACEMENT_3D ( 'NONE', #2749, #497, #2447 ) ;
#453 = ORIENTED_EDGE ( 'NONE', *, *, #2249, .T. ) ;
#454 = ORIENTED_EDGE ( 'NONE', *, *, #1567, .F. ) ;
#455 = AXIS2_PLACEMENT_3D ( 'NONE', #1737, #2774, #1776 ) ;
#456 = VERTEX_POINT ( 'NONE', #756 ) ;
#457 = DIRECTION ( 'NONE',  ( 1.000000000000000000, 0.000000000000000000, 2.891205793294676354E-16 ) ) ;
#458 = CARTESIAN_POINT ( 'NONE',  ( -12.59505669002710349, 9.900000000000042988, 14.88672384962533002 ) ) ;
#459 = CARTESIAN_POINT ( 'NONE',  ( 13.44876950137828509, 11.34999999999997122, 14.00572683754660375 ) ) ;
#460 = ADVANCED_FACE ( 'NONE', ( #2580 ), #1751, .T. ) ;
#461 = EDGE_CURVE ( 'NONE', #1662, #2101, #76, .T. ) ;
#462 = EDGE_CURVE ( 'NONE', #2347, #2845, #2527, .T. ) ;
#463 = CARTESIAN_POINT ( 'NONE',  ( 0.000000000000000000, -3.200000000000072564, -14.77086805989614149 ) ) ;
#464 = DIRECTION ( 'NONE',  ( -0.01524583128163091092, 0.000000000000000000, -0.9998837755602058008 ) ) ;
#465 = ADVANCED_FACE ( 'NONE', ( #2512 ), #1787, .F. ) ;
#466 = VERTEX_POINT ( 'NONE', #1769 ) ;
#467 = EDGE_LOOP ( 'NONE', ( #2316, #92, #2424, #1691 ) ) ;
#468 = FACE_OUTER_BOUND ( 'NONE', #1330, .T. ) ;
#469 = EDGE_LOOP ( 'NONE', ( #2772, #3054, #2525, #1819 ) ) ;
#470 = FACE_OUTER_BOUND ( 'NONE', #936, .T. ) ;
#471 = EDGE_LOOP ( 'NONE', ( #361, #1613, #3025, #2637, #950, #3127, #1814, #2701 ) ) ;
#472 = VECTOR ( 'NONE', #15, 1000.000000000000000 ) ;
#473 = DIRECTION ( 'NONE',  ( -0.3842467840676229152, 0.000000000000000000, 0.9232304202817894767 ) ) ;
#474 = ORIENTED_EDGE ( 'NONE', *, *, #908, .F. ) ;
#475 = CARTESIAN_POINT ( 'NONE',  ( -20.59236487628161782, 2.799999999999927880, 9.066670215800472832 ) ) ;
#476 = EDGE_CURVE ( 'NONE', #2202, #1871, #2397, .T. ) ;
#477 = DIRECTION ( 'NONE',  ( 0.7178050287806589935, -0.000000000000000000, 0.6962441674134134395 ) ) ;
#478 = DIRECTION ( 'NONE',  ( -0.000000000000000000, -1.000000000000000000, -0.000000000000000000 ) ) ;
#479 = ORIENTED_EDGE ( 'NONE', *, *, #179, .F. ) ;
#480 = DIRECTION ( 'NONE',  ( 0.9151325121668201223, 0.000000000000000000, -0.4031531783022986315 ) ) ;
#481 = CIRCLE ( 'NONE', #2542, 22.50000000000000355 ) ;
#482 = EDGE_LOOP ( 'NONE', ( #2851, #1554, #2474, #2989 ) ) ;
#483 = DIRECTION ( 'NONE',  ( -0.000000000000000000, -1.000000000000000000, -0.000000000000000000 ) ) ;
#484 = ORIENTED_EDGE ( 'NONE', *, *, #712, .F. ) ;
#485 = VECTOR ( 'NONE', #2588, 1000.000000000000000 ) ;
#486 = DIRECTION ( 'NONE',  ( 0.9367205978485819706, 0.000000000000000000, 0.3500778792871594991 ) ) ;
#487 = EDGE_LOOP ( 'NONE', ( #653, #1863, #2877, #2357, #2643, #110, #2187 ) ) ;
#488 = CARTESIAN_POINT ( 'NONE',  ( 0.000000000000000000, 3.549999999999928324, 0.000000000000000000 ) ) ;
#489 = EDGE_LOOP ( 'NONE', ( #1821, #822, #2282, #2214, #2404, #1176, #2560, #2894, #1353, #3010, #1418, #2462, #566, #2090, #1675, #2174, #2371, #2455, #358, #2541 ) ) ;
#490 = CIRCLE ( 'NONE', #2599, 22.50000000000000355 ) ;
#491 = DIRECTION ( 'NONE',  ( 0.9039836527364590868, 0.000000000000000000, 0.4275670188230716873 ) ) ;
#492 = CIRCLE ( 'NONE', #2390, 2.000000000000015543 ) ;
#493 = DIRECTION ( 'NONE',  ( -0.000000000000000000, 1.000000000000000000, -0.000000000000000000 ) ) ;
#494 = CARTESIAN_POINT ( 'NONE',  ( 0.000000000000000000, 9.799999999999926104, 20.15564437074637993 ) ) ;
#495 = VERTEX_POINT ( 'NONE', #280 ) ;
#496 = LINE ( 'NONE', #1997, #2167 ) ;
#497 = DIRECTION ( 'NONE',  ( -0.000000000000000000, 1.000000000000000000, -0.000000000000000000 ) ) ;
#498 = AXIS2_PLACEMENT_3D ( 'NONE', #2887, #2036, #118 ) ;
#499 = CARTESIAN_POINT ( 'NONE',  ( -7.451677451804133767, 11.34999999999997655, 19.25957966112260777 ) ) ;
#500 = ADVANCED_FACE ( 'NONE', ( #3050 ), #776, .T. ) ;
#501 = VERTEX_POINT ( 'NONE', #1850 ) ;
#502 = DIRECTION ( 'NONE',  ( 0.000000000000000000, 0.000000000000000000, 1.000000000000000000 ) ) ;
#503 = CARTESIAN_POINT ( 'NONE',  ( 0.3146861180320550400, 0.000000000000000000, 20.63839865480838398 ) ) ;
#504 = ORIENTED_EDGE ( 'NONE', *, *, #1843, .F. ) ;
#505 = STYLED_ITEM ( 'NONE', ( #237 ), #253 ) ;
#506 = DIRECTION ( 'NONE',  ( 0.9064578082128001979, 0.000000000000000000, -0.4222963910928513309 ) ) ;
#507 = ORIENTED_EDGE ( 'NONE', *, *, #2824, .F. ) ;
#508 = VECTOR ( 'NONE', #2278, 1000.000000000000000 ) ;
#509 = CARTESIAN_POINT ( 'NONE',  ( -12.49999999999999645, 9.799999999999926104, 26.15564437074638349 ) ) ;
#510 = ADVANCED_FACE ( 'NONE', ( #3091 ), #3154, .F. ) ;
#511 = VECTOR ( 'NONE', #426, 999.9999999999998863 ) ;
#512 = CARTESIAN_POINT ( 'NONE',  ( 9.656014212262096663, 11.25000000000000000, 20.60908929367606035 ) ) ;
#513 = CARTESIAN_POINT ( 'NONE',  ( 0.000000000000000000, 11.37499999999996803, 0.000000000000000000 ) ) ;
#514 = ORIENTED_EDGE ( 'NONE', *, *, #2272, .T. ) ;
#515 = CARTESIAN_POINT ( 'NONE',  ( 8.052565671806988234, 11.34839708146845005, 19.03656284308788571 ) ) ;
#516 = CARTESIAN_POINT ( 'NONE',  ( -7.477884561508763461, 11.34295705171408741, 19.28828832911119662 ) ) ;
#517 = CARTESIAN_POINT ( 'NONE',  ( 13.91354715801896980, 0.000000000000000000, -3.546807208414163819E-15 ) ) ;
#518 = ORIENTED_EDGE ( 'NONE', *, *, #2915, .F. ) ;
#519 = CARTESIAN_POINT ( 'NONE',  ( 8.626808707502201301, -2.974000000000072141, 18.89423185675252981 ) ) ;
#520 = SURFACE_STYLE_FILL_AREA ( #2794 ) ;
#521 = ORIENTED_EDGE ( 'NONE', *, *, #1515, .F. ) ;
#522 = CARTESIAN_POINT ( 'NONE',  ( 15.78417040773771518, 9.799999999999924327, 18.26476238673711450 ) ) ;
#523 = EDGE_CURVE ( 'NONE', #96, #1831, #706, .T. ) ;
#524 = CARTESIAN_POINT ( 'NONE',  ( -1.631763199232759927E-14, 3.549999999999928324, 3.449955661462643006E-14 ) ) ;
#525 = LINE ( 'NONE', #273, #2611 ) ;
#526 = CYLINDRICAL_SURFACE ( 'NONE', #2858, 3.199999999999900702 ) ;
#527 = FACE_OUTER_BOUND ( 'NONE', #489, .T. ) ;
#528 = AXIS2_PLACEMENT_3D ( 'NONE', #2819, #541, #1543 ) ;
#529 = CARTESIAN_POINT ( 'NONE',  ( 8.038092722406085855, 11.34999999999997300, 19.02173299715788346 ) ) ;
#530 = CARTESIAN_POINT ( 'NONE',  ( 0.000000000000000000, 10.15000000000000568, 0.000000000000000000 ) ) ;
#531 = ORIENTED_EDGE ( 'NONE', *, *, #2330, .T. ) ;
#532 = CARTESIAN_POINT ( 'NONE',  ( -12.85550738009676053, 10.12106578027105108, 14.56443957384752252 ) ) ;
#533 = PLANE ( 'NONE',  #549 ) ;
#534 = ORIENTED_EDGE ( 'NONE', *, *, #438, .F. ) ;
#535 = VECTOR ( 'NONE', #2836, 1000.000000000000000 ) ;
#536 = DIRECTION ( 'NONE',  ( 0.000000000000000000, 0.000000000000000000, -1.000000000000000000 ) ) ;
#537 = ORIENTED_EDGE ( 'NONE', *, *, #2197, .T. ) ;
#538 = CYLINDRICAL_SURFACE ( 'NONE', #2879, 0.08999999999999976075 ) ;
#539 = EDGE_CURVE ( 'NONE', #2353, #2334, #1659, .T. ) ;
#540 = CARTESIAN_POINT ( 'NONE',  ( -9.999999999999994671, 8.632336374617832320, -20.15564437074637993 ) ) ;
#541 = DIRECTION ( 'NONE',  ( 0.000000000000000000, -1.000000000000000000, 0.000000000000000000 ) ) ;
#542 = DIRECTION ( 'NONE',  ( 0.000000000000000000, 0.000000000000000000, 1.000000000000000000 ) ) ;
#543 = EDGE_LOOP ( 'NONE', ( #1215, #2078, #2351, #2695, #1632, #571, #760, #73, #2125, #1706, #1195, #610, #2149, #3121 ) ) ;
#544 = AXIS2_PLACEMENT_3D ( 'NONE', #2781, #227, #1782 ) ;
#545 = EDGE_CURVE ( 'NONE', #2195, #1599, #1388, .T. ) ;
#546 = DIRECTION ( 'NONE',  ( 1.000000000000000000, 0.000000000000000000, -0.000000000000000000 ) ) ;
#547 = CARTESIAN_POINT ( 'NONE',  ( -7.458856171241162514, 11.34978921482787584, 19.26746108292000059 ) ) ;
#548 = ORIENTED_EDGE ( 'NONE', *, *, #1843, .T. ) ;
#549 = AXIS2_PLACEMENT_3D ( 'NONE', #1041, #840, #2630 ) ;
#550 = FACE_OUTER_BOUND ( 'NONE', #432, .T. ) ;
#551 = VERTEX_POINT ( 'NONE', #2645 ) ;
#552 = EDGE_CURVE ( 'NONE', #372, #2037, #1598, .T. ) ;
#553 = LINE ( 'NONE', #3081, #768 ) ;
#554 = VERTEX_POINT ( 'NONE', #1348 ) ;
#555 = DIRECTION ( 'NONE',  ( 0.9998837755602059119, 0.000000000000000000, -0.01524583128162817700 ) ) ;
#556 = ADVANCED_FACE ( 'NONE', ( #149 ), #328, .F. ) ;
#557 = CARTESIAN_POINT ( 'NONE',  ( 0.000000000000000000, -2.974000000000072141, 0.000000000000000000 ) ) ;
#558 = DIRECTION ( 'NONE',  ( 0.000000000000000000, 0.000000000000000000, 1.000000000000000000 ) ) ;
#559 = EDGE_LOOP ( 'NONE', ( #230, #2958, #1486, #1255, #1518, #569, #1109 ) ) ;
#560 = DIRECTION ( 'NONE',  ( -1.000000000000000000, 0.000000000000000000, 0.000000000000000000 ) ) ;
#561 = AXIS2_PLACEMENT_3D ( 'NONE', #419, #141, #879 ) ;
#562 = EDGE_CURVE ( 'NONE', #2353, #3176, #2855, .T. ) ;
#563 = CARTESIAN_POINT ( 'NONE',  ( 13.12429721057666399, -2.974000000000072141, -24.65564437074637638 ) ) ;
#564 = EDGE_CURVE ( 'NONE', #2436, #2323, #2346, .T. ) ;
#565 = CARTESIAN_POINT ( 'NONE',  ( -7.500903216517202488, 11.32037897991462927, 19.31337669838869431 ) ) ;
#566 = ORIENTED_EDGE ( 'NONE', *, *, #1491, .T. ) ;
#567 = CARTESIAN_POINT ( 'NONE',  ( -13.19946148723249024, -2.974000000000072141, 24.65564437074638704 ) ) ;
#568 = EDGE_CURVE ( 'NONE', #3176, #634, #757, .T. ) ;
#569 = ORIENTED_EDGE ( 'NONE', *, *, #2205, .T. ) ;
#570 = PLANE ( 'NONE',  #1555 ) ;
#571 = ORIENTED_EDGE ( 'NONE', *, *, #983, .T. ) ;
#572 = DIRECTION ( 'NONE',  ( 0.000000000000000000, -1.000000000000000000, 0.000000000000000000 ) ) ;
#573 = EDGE_CURVE ( 'NONE', #2809, #2709, #1870, .T. ) ;
#574 = DIRECTION ( 'NONE',  ( 0.000000000000000000, 0.000000000000000000, -1.000000000000000000 ) ) ;
#575 = CARTESIAN_POINT ( 'NONE',  ( -6.484437924920801066, 11.25000000000000000, 16.35576158578727402 ) ) ;
#576 = ORIENTED_EDGE ( 'NONE', *, *, #2170, .T. ) ;
#577 = FACE_BOUND ( 'NONE', #1021, .T. ) ;
#578 = EDGE_CURVE ( 'NONE', #2054, #1408, #2689, .T. ) ;
#579 = VECTOR ( 'NONE', #2204, 1000.000000000000000 ) ;
#580 = PLANE ( 'NONE',  #2651 ) ;
#581 = CARTESIAN_POINT ( 'NONE',  ( 0.000000000000000000, -2.974000000000072141, 0.000000000000000000 ) ) ;
#582 = ORIENTED_EDGE ( 'NONE', *, *, #262, .T. ) ;
#583 = CARTESIAN_POINT ( 'NONE',  ( 0.000000000000000000, 3.549999999999928324, 0.000000000000000000 ) ) ;
#584 = LINE ( 'NONE', #1568, #140 ) ;
#585 = VERTEX_POINT ( 'NONE', #1899 ) ;
#586 = APPLICATION_PROTOCOL_DEFINITION ( 'draft international standard', 'automotive_design', 1998, #2602 ) ;
#587 = VECTOR ( 'NONE', #54, 1000.000000000000114 ) ;
#588 = LINE ( 'NONE', #2882, #2256 ) ;
#589 = CARTESIAN_POINT ( 'NONE',  ( 16.97266793280125796, 9.799999999999926104, -14.77086805989614149 ) ) ;
#590 = VERTEX_POINT ( 'NONE', #2594 ) ;
#591 = VECTOR ( 'NONE', #293, 1000.000000000000114 ) ;
#592 = FACE_OUTER_BOUND ( 'NONE', #3212, .T. ) ;
#593 = EDGE_CURVE ( 'NONE', #2741, #989, #86, .T. ) ;
#594 = CARTESIAN_POINT ( 'NONE',  ( 12.93916668554942362, 10.03565453019969844, 14.53111072010277915 ) ) ;
#595 = PLANE ( 'NONE',  #755 ) ;
#596 = DIRECTION ( 'NONE',  ( 0.000000000000000000, 0.000000000000000000, -1.000000000000000000 ) ) ;
#597 = CIRCLE ( 'NONE', #914, 19.40500000002931458 ) ;
#598 = VERTEX_POINT ( 'NONE', #2631 ) ;
#599 = VECTOR ( 'NONE', #2433, 1000.000000000000000 ) ;
#600 = VECTOR ( 'NONE', #3021, 1000.000000000000000 ) ;
#601 = CARTESIAN_POINT ( 'NONE',  ( -13.51061806865133796, 11.34999999999997122, 13.92900658353529941 ) ) ;
#602 = EDGE_CURVE ( 'NONE', #682, #1917, #365, .T. ) ;
#603 = DIRECTION ( 'NONE',  ( -0.9998837755602059119, 0.000000000000000000, 0.01524583128162817700 ) ) ;
#604 = ORIENTED_EDGE ( 'NONE', *, *, #1954, .T. ) ;
#605 = VECTOR ( 'NONE', #2143, 1000.000000000000000 ) ;
#606 = ORIENTED_EDGE ( 'NONE', *, *, #1996, .T. ) ;
#607 = ORIENTED_EDGE ( 'NONE', *, *, #785, .F. ) ;
#608 = CARTESIAN_POINT ( 'NONE',  ( 9.277055991985225347, -2.974000000000072141, 18.37844129339694987 ) ) ;
#609 = PLANE ( 'NONE',  #910 ) ;
#610 = ORIENTED_EDGE ( 'NONE', *, *, #953, .T. ) ;
#611 = CARTESIAN_POINT ( 'NONE',  ( -0.9898953764363276342, 0.7999999999999279909, 2.648711740116493463 ) ) ;
#612 = DIRECTION ( 'NONE',  ( 0.000000000000000000, 0.000000000000000000, 1.000000000000000000 ) ) ;
#613 = CIRCLE ( 'NONE', #1877, 19.50000000000000355 ) ;
#614 = FACE_OUTER_BOUND ( 'NONE', #2897, .T. ) ;
#615 = VECTOR ( 'NONE', #56, 1000.000000000000000 ) ;
#616 = DIRECTION ( 'NONE',  ( 0.000000000000000000, 0.000000000000000000, -1.000000000000000000 ) ) ;
#617 = EDGE_CURVE ( 'NONE', #753, #435, #2919, .T. ) ;
#618 = VECTOR ( 'NONE', #2778, 1000.000000000000114 ) ;
#619 = ORIENTED_EDGE ( 'NONE', *, *, #423, .F. ) ;
#620 = DIRECTION ( 'NONE',  ( -0.9836109340066773177, 0.000000000000000000, 0.1803039946937170512 ) ) ;
#621 = PLANE ( 'NONE',  #2567 ) ;
#622 = EDGE_LOOP ( 'NONE', ( #1205, #26, #1137, #582 ) ) ;
#623 = EDGE_LOOP ( 'NONE', ( #222, #1716, #2269, #2871 ) ) ;
#624 = EDGE_LOOP ( 'NONE', ( #2319, #202, #2573, #671 ) ) ;
#625 = FACE_OUTER_BOUND ( 'NONE', #1373, .T. ) ;
#626 = PLANE ( 'NONE',  #1908 ) ;
#627 = LINE ( 'NONE', #923, #2072 ) ;
#628 = DIRECTION ( 'NONE',  ( -0.7178050287806694296, 0.000000000000000000, -0.6962441674134028924 ) ) ;
#629 = ORIENTED_EDGE ( 'NONE', *, *, #1337, .T. ) ;
#630 = CARTESIAN_POINT ( 'NONE',  ( 0.000000000000000000, -1.474000000000072141, 24.65564437074638349 ) ) ;
#631 = ORIENTED_EDGE ( 'NONE', *, *, #2536, .F. ) ;
#632 = DIRECTION ( 'NONE',  ( -0.000000000000000000, -1.000000000000000000, -0.000000000000000000 ) ) ;
#633 = PLANE ( 'NONE',  #2460 ) ;
#634 = VERTEX_POINT ( 'NONE', #1363 ) ;
#635 = ORIENTED_EDGE ( 'NONE', *, *, #2034, .F. ) ;
#636 = ORIENTED_EDGE ( 'NONE', *, *, #1035, .F. ) ;
#637 = CARTESIAN_POINT ( 'NONE',  ( 0.000000000000000000, 9.900000000000035882, -19.50000000000000355 ) ) ;
#638 = CARTESIAN_POINT ( 'NONE',  ( 14.86833698829939365, 9.634223665031608874, 16.90394284962680160 ) ) ;
#639 = CARTESIAN_POINT ( 'NONE',  ( -19.23458818254797364, 3.549999999999928324, -3.206340195267209925 ) ) ;
#640 = AXIS2_PLACEMENT_3D ( 'NONE', #3156, #3139, #416 ) ;
#641 = FACE_OUTER_BOUND ( 'NONE', #1804, .T. ) ;
#642 = VECTOR ( 'NONE', #1910, 1000.000000000000000 ) ;
#643 = ORIENTED_EDGE ( 'NONE', *, *, #2290, .T. ) ;
#644 = CARTESIAN_POINT ( 'NONE',  ( 6.980079899971487478, 11.25999999999997847, 16.15045995762239528 ) ) ;
#645 = CARTESIAN_POINT ( 'NONE',  ( 0.000000000000000000, 10.15000000000000036, 0.000000000000000000 ) ) ;
#646 = EDGE_CURVE ( 'NONE', #2809, #372, #340, .T. ) ;
#647 = ORIENTED_EDGE ( 'NONE', *, *, #1765, .T. ) ;
#648 = CARTESIAN_POINT ( 'NONE',  ( -12.49999999999999645, -1.474000000000069033, -26.15564437074638349 ) ) ;
#649 = LINE ( 'NONE', #2418, #599 ) ;
#650 = CIRCLE ( 'NONE', #21, 0.08999999999999977462 ) ;
#651 = AXIS2_PLACEMENT_3D ( 'NONE', #178, #1142, #1181 ) ;
#652 = DIRECTION ( 'NONE',  ( -0.000000000000000000, -1.000000000000000000, 0.000000000000000000 ) ) ;
#653 = ORIENTED_EDGE ( 'NONE', *, *, #2920, .T. ) ;
#654 = ORIENTED_EDGE ( 'NONE', *, *, #2646, .T. ) ;
#655 = ORIENTED_EDGE ( 'NONE', *, *, #2354, .F. ) ;
#656 = CARTESIAN_POINT ( 'NONE',  ( 10.00000000000000355, 0.000000000000000000, -23.61179387238010108 ) ) ;
#657 = AXIS2_PLACEMENT_3D ( 'NONE', #630, #1633, #2644 ) ;
#658 = DIRECTION ( 'NONE',  ( -0.000000000000000000, -1.000000000000000000, -0.000000000000000000 ) ) ;
#659 = EDGE_CURVE ( 'NONE', #356, #424, #243, .T. ) ;
#660 = DIRECTION ( 'NONE',  ( -0.000000000000000000, 1.000000000000000000, -0.000000000000000000 ) ) ;
#661 = FACE_OUTER_BOUND ( 'NONE', #171, .T. ) ;
#662 = EDGE_CURVE ( 'NONE', #2158, #1859, #2251, .T. ) ;
#663 = DIRECTION ( 'NONE',  ( -0.000000000000000000, -1.000000000000000000, -0.000000000000000000 ) ) ;
#664 = VECTOR ( 'NONE', #483, 1000.000000000000000 ) ;
#665 = CARTESIAN_POINT ( 'NONE',  ( -12.78972643436935286, -2.974000000000069477, -25.53432402718674155 ) ) ;
#666 = EDGE_CURVE ( 'NONE', #1967, #812, #525, .T. ) ;
#667 = DIRECTION ( 'NONE',  ( 0.000000000000000000, 0.000000000000000000, 1.000000000000000000 ) ) ;
#668 = VECTOR ( 'NONE', #1991, 1000.000000000000000 ) ;
#669 = CARTESIAN_POINT ( 'NONE',  ( 8.626808707502179985, 11.25000000000000000, 18.89423185675250139 ) ) ;
#670 = ORIENTED_EDGE ( 'NONE', *, *, #3146, .T. ) ;
#671 = ORIENTED_EDGE ( 'NONE', *, *, #1400, .T. ) ;
#672 = ORIENTED_EDGE ( 'NONE', *, *, #3227, .T. ) ;
#673 = ORIENTED_EDGE ( 'NONE', *, *, #2010, .T. ) ;
#674 = CARTESIAN_POINT ( 'NONE',  ( 13.55587378748700544, 11.25999999999997314, 5.391253399353292508 ) ) ;
#675 = DIRECTION ( 'NONE',  ( 0.000000000000000000, -1.000000000000000000, 0.000000000000000000 ) ) ;
#676 = ADVANCED_FACE ( 'NONE', ( #1013 ), #2722, .T. ) ;
#677 = CARTESIAN_POINT ( 'NONE',  ( 17.49999999999999645, 9.799999999999926104, -14.14213562373095634 ) ) ;
#678 = DIRECTION ( 'NONE',  ( 0.000000000000000000, -1.000000000000000000, 0.000000000000000000 ) ) ;
#679 = LINE ( 'NONE', #120, #2647 ) ;
#680 = DIRECTION ( 'NONE',  ( 1.000000000000000000, 0.000000000000000000, 0.000000000000000000 ) ) ;
#681 = EDGE_CURVE ( 'NONE', #1069, #688, #27, .T. ) ;
#682 = VERTEX_POINT ( 'NONE', #1795 ) ;
#683 = EDGE_CURVE ( 'NONE', #2546, #2571, #3056, .T. ) ;
#684 = AXIS2_PLACEMENT_3D ( 'NONE', #2237, #772, #1994 ) ;
#685 = DIRECTION ( 'NONE',  ( 0.000000000000000000, 0.000000000000000000, -1.000000000000000000 ) ) ;
#686 = ORIENTED_EDGE ( 'NONE', *, *, #839, .F. ) ;
#687 = ORIENTED_EDGE ( 'NONE', *, *, #266, .F. ) ;
#688 = VERTEX_POINT ( 'NONE', #2761 ) ;
#689 = CARTESIAN_POINT ( 'NONE',  ( -13.19439664247190969, 11.34999999999997122, 14.23572959988795539 ) ) ;
#690 = DIRECTION ( 'NONE',  ( 0.4031531783023034055, 0.000000000000000000, 0.9151325121668179019 ) ) ;
#691 = DIRECTION ( 'NONE',  ( 0.000000000000000000, 1.000000000000000000, -0.000000000000000000 ) ) ;
#692 = EDGE_LOOP ( 'NONE', ( #1705, #2033, #3239, #3194, #672, #449, #2148, #381 ) ) ;
#693 = ADVANCED_FACE ( 'NONE', ( #2487, #1526, #258 ), #2504, .T. ) ;
#694 = AXIS2_PLACEMENT_3D ( 'NONE', #302, #1214, #2476 ) ;
#695 = DIRECTION ( 'NONE',  ( 0.000000000000000000, -0.000000000000000000, -1.000000000000000000 ) ) ;
#696 = CARTESIAN_POINT ( 'NONE',  ( -19.31591823177373257, 9.799999999999926104, -11.53886055308023906 ) ) ;
#697 = ORIENTED_EDGE ( 'NONE', *, *, #1596, .T. ) ;
#698 = CARTESIAN_POINT ( 'NONE',  ( -10.55932221929372083, 11.34999999999997300, 19.86833446137672610 ) ) ;
#699 = VERTEX_POINT ( 'NONE', #540 ) ;
#700 = ORIENTED_EDGE ( 'NONE', *, *, #3122, .F. ) ;
#701 = AXIS2_PLACEMENT_3D ( 'NONE', #49, #2609, #1064 ) ;
#702 = ORIENTED_EDGE ( 'NONE', *, *, #462, .F. ) ;
#703 = LINE ( 'NONE', #1140, #2242 ) ;
#704 = AXIS2_PLACEMENT_3D ( 'NONE', #1273, #2284, #2522 ) ;
#705 = CARTESIAN_POINT ( 'NONE',  ( -6.484437924835757983, 11.25999999999997847, 16.35576158573464767 ) ) ;
#706 = CIRCLE ( 'NONE', #3237, 3.199999999999810552 ) ;
#707 = CARTESIAN_POINT ( 'NONE',  ( -12.55497707175189426, 9.217023246844302520, -18.72925009942590435 ) ) ;
#708 = VERTEX_POINT ( 'NONE', #2537 ) ;
#709 = EDGE_CURVE ( 'NONE', #2201, #554, #650, .T. ) ;
#710 = CARTESIAN_POINT ( 'NONE',  ( -13.42788692071547985, -2.974000000000072141, 5.915531595694808686 ) ) ;
#711 = CARTESIAN_POINT ( 'NONE',  ( 11.31761227180271590, 8.929837151085230573, 19.50192561704824357 ) ) ;
#712 = EDGE_CURVE ( 'NONE', #495, #2158, #2768, .T. ) ;
#713 = ORIENTED_EDGE ( 'NONE', *, *, #1635, .F. ) ;
#714 = DIRECTION ( 'NONE',  ( 0.000000000000000000, 1.000000000000000000, 0.000000000000000000 ) ) ;
#715 = ORIENTED_EDGE ( 'NONE', *, *, #1144, .F. ) ;
#716 =( NAMED_UNIT ( * ) SI_UNIT ( $, .STERADIAN. ) SOLID_ANGLE_UNIT ( ) );
#717 = ADVANCED_FACE ( 'NONE', ( #1243, #750, #3041 ), #2800, .F. ) ;
#718 = VECTOR ( 'NONE', #2200, 1000.000000000000000 ) ;
#719 = EDGE_LOOP ( 'NONE', ( #1087, #1424, #453, #2973, #1238, #422, #2963, #2052, #629, #2381, #2576 ) ) ;
#720 = CARTESIAN_POINT ( 'NONE',  ( 13.41246787328880252, 5.992388155425024010, 23.96325621532126604 ) ) ;
#721 = CARTESIAN_POINT ( 'NONE',  ( -18.55232424079347453, 2.799999999999927880, 8.116265475233481297 ) ) ;
#722 = CARTESIAN_POINT ( 'NONE',  ( -11.31761227180271590, 8.929837151085230573, -19.50192561704824357 ) ) ;
#723 = ORIENTED_EDGE ( 'NONE', *, *, #2966, .F. ) ;
#724 = CARTESIAN_POINT ( 'NONE',  ( 10.00000000000000533, 3.469446951953614189E-15, -26.15564437074637993 ) ) ;
#725 = ORIENTED_EDGE ( 'NONE', *, *, #2153, .T. ) ;
#726 = CARTESIAN_POINT ( 'NONE',  ( 8.493206138382447534E-11, 11.82499999999997264, -5.262457136723242002E-11 ) ) ;
#727 = VERTEX_POINT ( 'NONE', #2818 ) ;
#728 = DIRECTION ( 'NONE',  ( -0.9998837755602059119, 0.000000000000000000, 0.01524583128163255197 ) ) ;
#729 = ORIENTED_EDGE ( 'NONE', *, *, #662, .T. ) ;
#730 = VECTOR ( 'NONE', #1694, 999.9999999999998863 ) ;
#731 = CARTESIAN_POINT ( 'NONE',  ( -0.2016580806570709150, 2.799999999999927880, -0.4328584038517560573 ) ) ;
#732 = DIRECTION ( 'NONE',  ( 0.000000000000000000, 0.000000000000000000, 1.000000000000000000 ) ) ;
#733 = DIRECTION ( 'NONE',  ( 0.000000000000000000, 1.000000000000000000, 0.000000000000000000 ) ) ;
#734 = CARTESIAN_POINT ( 'NONE',  ( 0.000000000000000000, 3.549999999999928324, 0.000000000000000000 ) ) ;
#735 = B_SPLINE_CURVE_WITH_KNOTS ( 'NONE', 3,
 ( #2985, #711, #3149, #3100, #638, #2639, #1093, #1861 ),
 .UNSPECIFIED., .F., .F.,
 ( 4, 2, 2, 4 ),
 ( 0.000000000000000000, 0.004453226027401209139, 0.006679839041101813708, 0.008906452054802421747 ),
 .UNSPECIFIED. ) ;
#736 = EDGE_CURVE ( 'NONE', #1831, #1354, #492, .T. ) ;
#737 = CARTESIAN_POINT ( 'NONE',  ( 8.039116409783325423, 11.34999252656495194, 19.02278303249431346 ) ) ;
#738 = DIRECTION ( 'NONE',  ( 0.000000000000000000, -1.000000000000000000, 0.000000000000000000 ) ) ;
#739 = CARTESIAN_POINT ( 'NONE',  ( -7.452666918885723746, 11.34997743347291532, 19.26066612124441235 ) ) ;
#740 = AXIS2_PLACEMENT_3D ( 'NONE', #943, #2465, #1947 ) ;
#741 = EDGE_LOOP ( 'NONE', ( #655, #1949, #391, #3037 ) ) ;
#742 = ADVANCED_FACE ( 'NONE', ( #2523 ), #2557, .F. ) ;
#743 = DIRECTION ( 'NONE',  ( 0.000000000000000000, -1.000000000000000000, 0.000000000000000000 ) ) ;
#744 = CARTESIAN_POINT ( 'NONE',  ( -12.34481354742560022, 11.32484494381829521, 15.05979358790541411 ) ) ;
#745 = ORIENTED_EDGE ( 'NONE', *, *, #1239, .T. ) ;
#746 = CYLINDRICAL_SURFACE ( 'NONE', #192, 19.40500000002931458 ) ;
#747 = AXIS2_PLACEMENT_3D ( 'NONE', #2979, #2759, #1224 ) ;
#748 = DIRECTION ( 'NONE',  ( -0.000000000000000000, -1.000000000000000000, 0.000000000000000000 ) ) ;
#749 = CIRCLE ( 'NONE', #2658, 20.25000000000000355 ) ;
#750 = FACE_BOUND ( 'NONE', #2939, .T. ) ;
#751 = CIRCLE ( 'NONE', #704, 22.50000000000000355 ) ;
#752 = FACE_OUTER_BOUND ( 'NONE', #142, .T. ) ;
#753 = VERTEX_POINT ( 'NONE', #2236 ) ;
#754 = CARTESIAN_POINT ( 'NONE',  ( 12.50000000000000533, -1.474000000000069033, -26.15564437074637993 ) ) ;
#755 = AXIS2_PLACEMENT_3D ( 'NONE', #1849, #3136, #2869 ) ;
#756 = CARTESIAN_POINT ( 'NONE',  ( 0.000000000000000000, 11.37499999999996803, -18.18499999999999517 ) ) ;
#757 = CIRCLE ( 'NONE', #3038, 20.25000000000000355 ) ;
#758 = ADVANCED_FACE ( 'NONE', ( #368 ), #417, .T. ) ;
#759 = DIRECTION ( 'NONE',  ( 0.000000000000000000, -1.000000000000000000, 0.000000000000000000 ) ) ;
#760 = ORIENTED_EDGE ( 'NONE', *, *, #1481, .F. ) ;
#761 = ORIENTED_EDGE ( 'NONE', *, *, #1721, .T. ) ;
#762 = ADVANCED_FACE ( 'NONE', ( #1434 ), #440, .F. ) ;
#763 = PLANE ( 'NONE',  #2086 ) ;
#764 = CARTESIAN_POINT ( 'NONE',  ( -19.31591823177373257, -2.974000000000072141, 11.53886055308023906 ) ) ;
#765 = ORIENTED_EDGE ( 'NONE', *, *, #2671, .T. ) ;
#766 =( GEOMETRIC_REPRESENTATION_CONTEXT ( 3 ) GLOBAL_UNCERTAINTY_ASSIGNED_CONTEXT ( ( #3036 ) ) GLOBAL_UNIT_ASSIGNED_CONTEXT ( ( #1267, #2976, #716 ) ) REPRESENTATION_CONTEXT ( 'NONE', 'WORKASPACE' ) );
#767 = LINE ( 'NONE', #1780, #3092 ) ;
#768 = VECTOR ( 'NONE', #2301, 1000.000000000000000 ) ;
#769 = DIRECTION ( 'NONE',  ( -0.4275670188230716873, 0.000000000000000000, 0.9039836527364590868 ) ) ;
#770 = VECTOR ( 'NONE', #966, 1000.000000000000000 ) ;
#771 = DIRECTION ( 'NONE',  ( 0.000000000000000000, 0.000000000000000000, -1.000000000000000000 ) ) ;
#772 = DIRECTION ( 'NONE',  ( 0.000000000000000000, -1.000000000000000000, 0.000000000000000000 ) ) ;
#773 = CARTESIAN_POINT ( 'NONE',  ( 0.000000000000000000, 11.25999999999997314, 0.000000000000000000 ) ) ;
#774 = EDGE_LOOP ( 'NONE', ( #421, #1890, #1699, #848 ) ) ;
#775 = LINE ( 'NONE', #1262, #3225 ) ;
#776 = PLANE ( 'NONE',  #2128 ) ;
#777 =( BOUNDED_CURVE ( )  B_SPLINE_CURVE ( 3, ( #1471, #1011, #1978, #2005 ),
 .UNSPECIFIED., .F., .F. ) 
 B_SPLINE_CURVE_WITH_KNOTS ( ( 4, 4 ),
 ( 3.141592653589791784, 4.712388980384691450 ),
 .UNSPECIFIED. ) 
 CURVE ( )  GEOMETRIC_REPRESENTATION_ITEM ( )  RATIONAL_B_SPLINE_CURVE ( ( 1.000000000000000000, 0.8047378541243643824, 0.8047378541243643824, 1.000000000000000000 ) ) 
 REPRESENTATION_ITEM ( '' )  );
#778 = VERTEX_POINT ( 'NONE', #2383 ) ;
#779 = LINE ( 'NONE', #2792, #2350 ) ;
#780 = FACE_OUTER_BOUND ( 'NONE', #2117, .T. ) ;
#781 = EDGE_CURVE ( 'NONE', #2568, #2546, #2146, .T. ) ;
#782 = EDGE_LOOP ( 'NONE', ( #2468, #40, #2653 ) ) ;
#783 = CARTESIAN_POINT ( 'NONE',  ( 10.00000000000000355, 0.000000000000000000, 23.61179387238010108 ) ) ;
#784 = EDGE_LOOP ( 'NONE', ( #1286, #1063, #993 ) ) ;
#785 = EDGE_CURVE ( 'NONE', #3068, #2135, #431, .T. ) ;
#786 = DIRECTION ( 'NONE',  ( -0.000000000000000000, -1.000000000000000000, -0.000000000000000000 ) ) ;
#787 = DIRECTION ( 'NONE',  ( 0.000000000000000000, -1.000000000000000000, 0.000000000000000000 ) ) ;
#788 = CARTESIAN_POINT ( 'NONE',  ( -6.893445386980598499, 11.25000000000000000, 20.74830538543782410 ) ) ;
#789 = ORIENTED_EDGE ( 'NONE', *, *, #998, .F. ) ;
#790 = CARTESIAN_POINT ( 'NONE',  ( 8.038604571995815462, 11.34999999999997655, 19.02225798246481858 ) ) ;
#791 = CARTESIAN_POINT ( 'NONE',  ( -7.471049286279312973, 11.34586737362127273, 19.28081109464663356 ) ) ;
#792 = ADVANCED_FACE ( 'NONE', ( #139 ), #1902, .F. ) ;
#793 = ORIENTED_EDGE ( 'NONE', *, *, #2153, .F. ) ;
#794 = CARTESIAN_POINT ( 'NONE',  ( -12.13064373469592994, 9.900000000000035882, 15.26753033669436022 ) ) ;
#795 = VECTOR ( 'NONE', #1385, 1000.000000000000000 ) ;
#796 = VERTEX_POINT ( 'NONE', #2650 ) ;
#797 = AXIS2_PLACEMENT_3D ( 'NONE', #116, #363, #2096 ) ;
#798 = DIRECTION ( 'NONE',  ( 0.000000000000000000, -1.000000000000000000, 0.000000000000000000 ) ) ;
#799 = ORIENTED_EDGE ( 'NONE', *, *, #845, .F. ) ;
#800 = CARTESIAN_POINT ( 'NONE',  ( 13.91354715801897868, 0.000000000000000000, 26.15564437074637638 ) ) ;
#801 = EDGE_CURVE ( 'NONE', #598, #1644, #649, .T. ) ;
#802 = DIRECTION ( 'NONE',  ( -0.000000000000000000, -1.000000000000000000, -0.000000000000000000 ) ) ;
#803 = EDGE_CURVE ( 'NONE', #2386, #3045, #1935, .T. ) ;
#804 = FACE_OUTER_BOUND ( 'NONE', #2814, .T. ) ;
#805 = ORIENTED_EDGE ( 'NONE', *, *, #1172, .F. ) ;
#806 = CARTESIAN_POINT ( 'NONE',  ( 0.000000000000000000, 11.37499999999996803, 17.98499999999999588 ) ) ;
#807 = VECTOR ( 'NONE', #759, 1000.000000000000000 ) ;
#808 = VECTOR ( 'NONE', #1728, 1000.000000000000000 ) ;
#809 = DIRECTION ( 'NONE',  ( -0.000000000000000000, -1.000000000000000000, -0.000000000000000000 ) ) ;
#810 = EDGE_CURVE ( 'NONE', #2501, #1372, #2907, .T. ) ;
#811 = LINE ( 'NONE', #1037, #2776 ) ;
#812 = VERTEX_POINT ( 'NONE', #121 ) ;
#813 = AXIS2_PLACEMENT_3D ( 'NONE', #530, #2082, #1562 ) ;
#814 = LINE ( 'NONE', #104, #2975 ) ;
#815 = ORIENTED_EDGE ( 'NONE', *, *, #223, .F. ) ;
#816 = EDGE_CURVE ( 'NONE', #753, #48, #2179, .T. ) ;
#817 = CARTESIAN_POINT ( 'NONE',  ( 0.000000000000000000, 9.900000000000035882, 0.000000000000000000 ) ) ;
#818 = ORIENTED_EDGE ( 'NONE', *, *, #2873, .F. ) ;
#819 = AXIS2_PLACEMENT_3D ( 'NONE', #2001, #974, #1755 ) ;
#820 = DIRECTION ( 'NONE',  ( -1.000000000000000000, 0.000000000000000000, -2.891205793294676354E-16 ) ) ;
#821 = CARTESIAN_POINT ( 'NONE',  ( 10.00000000000000533, 3.799999999999930100, -26.15564437074637993 ) ) ;
#822 = ORIENTED_EDGE ( 'NONE', *, *, #2317, .T. ) ;
#823 = DIRECTION ( 'NONE',  ( 0.000000000000000000, 1.000000000000000000, -0.000000000000000000 ) ) ;
#824 = CARTESIAN_POINT ( 'NONE',  ( -6.484437924835757983, 11.25999999999997847, 16.35576158573464767 ) ) ;
#825 = DIRECTION ( 'NONE',  ( 0.000000000000000000, 1.000000000000000000, 0.000000000000000000 ) ) ;
#826 = EDGE_CURVE ( 'NONE', #3068, #174, #3190, .T. ) ;
#827 = VERTEX_POINT ( 'NONE', #2957 ) ;
#828 = CARTESIAN_POINT ( 'NONE',  ( -13.42788692071548162, 0.000000000000000000, 5.915531595694809575 ) ) ;
#829 = DIRECTION ( 'NONE',  ( 0.2823242607847379904, 0.6783409952864224435, 0.6783409952864244419 ) ) ;
#830 = ORIENTED_EDGE ( 'NONE', *, *, #1622, .F. ) ;
#831 = FACE_OUTER_BOUND ( 'NONE', #920, .T. ) ;
#832 = EDGE_CURVE ( 'NONE', #1408, #330, #152, .T. ) ;
#833 = CYLINDRICAL_SURFACE ( 'NONE', #2699, 13.00000000000000000 ) ;
#834 = DIRECTION ( 'NONE',  ( 0.000000000000000000, -0.000000000000000000, -1.000000000000000000 ) ) ;
#835 = ORIENTED_EDGE ( 'NONE', *, *, #602, .T. ) ;
#836 = CARTESIAN_POINT ( 'NONE',  ( 11.15802247752154663, 11.25999999999997314, 19.53838617673230615 ) ) ;
#837 = CIRCLE ( 'NONE', #1792, 19.50000000000000355 ) ;
#838 = CARTESIAN_POINT ( 'NONE',  ( 0.000000000000000000, 11.34999999999997300, 0.000000000000000000 ) ) ;
#839 = EDGE_CURVE ( 'NONE', #1651, #1094, #931, .T. ) ;
#840 = DIRECTION ( 'NONE',  ( 0.4495073219544571952, 0.000000000000000000, -0.8932766466830597274 ) ) ;
#841 = DIRECTION ( 'NONE',  ( -1.000000000000000000, -0.000000000000000000, 2.891205793294676354E-16 ) ) ;
#842 = B_SPLINE_CURVE_WITH_KNOTS ( 'NONE', 3,
 ( #1460, #722, #707, #1668, #2473, #2156, #1913, #1928 ),
 .UNSPECIFIED., .F., .F.,
 ( 4, 2, 2, 4 ),
 ( 0.000000000000000000, 0.004453226027401209139, 0.006679839041101813708, 0.008906452054802421747 ),
 .UNSPECIFIED. ) ;
#843 = PLANE ( 'NONE',  #927 ) ;
#844 = CARTESIAN_POINT ( 'NONE',  ( 13.91354715801901953, -2.974000000000072141, -23.61179387238010108 ) ) ;
#845 = EDGE_CURVE ( 'NONE', #174, #1112, #749, .T. ) ;
#846 = LINE ( 'NONE', #1839, #3247 ) ;
#847 = EDGE_LOOP ( 'NONE', ( #2014, #1057, #284, #1837, #673, #1199, #1753, #2481 ) ) ;
#848 = ORIENTED_EDGE ( 'NONE', *, *, #1182, .F. ) ;
#849 = AXIS2_PLACEMENT_3D ( 'NONE', #1300, #2597, #353 ) ;
#850 = DIRECTION ( 'NONE',  ( 0.000000000000000000, 0.000000000000000000, 1.000000000000000000 ) ) ;
#851 = ADVANCED_FACE ( 'NONE', ( #1686 ), #2705, .T. ) ;
#852 = DIRECTION ( 'NONE',  ( -0.01524583128162817700, 0.000000000000000000, -0.9998837755602059119 ) ) ;
#853 = EDGE_LOOP ( 'NONE', ( #3178, #1536, #2664, #1156 ) ) ;
#854 = DIRECTION ( 'NONE',  ( -3.367091399734824501E-16, 0.000000000000000000, -1.000000000000000000 ) ) ;
#855 = B_SPLINE_CURVE_WITH_KNOTS ( 'NONE', 3,
 ( #83, #2867, #594, #1361 ),
 .UNSPECIFIED., .F., .F.,
 ( 4, 4 ),
 ( 0.000000000000000000, 0.001548415303619076746 ),
 .UNSPECIFIED. ) ;
#856 = DIRECTION ( 'NONE',  ( -1.000000000000000000, 0.000000000000000000, 0.000000000000000000 ) ) ;
#857 = DIRECTION ( 'NONE',  ( 0.000000000000000000, 0.000000000000000000, -1.000000000000000000 ) ) ;
#858 = VECTOR ( 'NONE', #379, 1000.000000000000000 ) ;
#859 = PLANE ( 'NONE',  #188 ) ;
#860 = VECTOR ( 'NONE', #1335, 1000.000000000000000 ) ;
#861 = DIRECTION ( 'NONE',  ( 0.000000000000000000, 1.000000000000000000, 0.000000000000000000 ) ) ;
#862 = EDGE_CURVE ( 'NONE', #2375, #238, #2529, .T. ) ;
#863 = CIRCLE ( 'NONE', #233, 20.50000000000000355 ) ;
#864 = CARTESIAN_POINT ( 'NONE',  ( 5.218048215738235740E-12, 11.82499999999997264, 17.98499999999281229 ) ) ;
#865 = ORIENTED_EDGE ( 'NONE', *, *, #2955, .T. ) ;
#866 = EDGE_CURVE ( 'NONE', #1922, #1703, #2513, .T. ) ;
#867 = ORIENTED_EDGE ( 'NONE', *, *, #1646, .F. ) ;
#868 = ORIENTED_EDGE ( 'NONE', *, *, #125, .F. ) ;
#869 = CARTESIAN_POINT ( 'NONE',  ( 13.91354715801897868, 0.000000000000000000, 23.61179387238010108 ) ) ;
#870 = CARTESIAN_POINT ( 'NONE',  ( 10.65972131626525155, 8.781293399412756884, -19.82833093728316243 ) ) ;
#871 = DIRECTION ( 'NONE',  ( 1.224646799147353947E-16, 0.000000000000000000, -1.000000000000000000 ) ) ;
#872 = CARTESIAN_POINT ( 'NONE',  ( -21.86450192966153949, 2.799999999999927880, 5.309760387044498486 ) ) ;
#873 = FACE_OUTER_BOUND ( 'NONE', #2134, .T. ) ;
#874 = AXIS2_PLACEMENT_3D ( 'NONE', #1855, #2100, #1089 ) ;
#875 = DIRECTION ( 'NONE',  ( 0.000000000000000000, -1.000000000000000000, 0.000000000000000000 ) ) ;
#876 = CARTESIAN_POINT ( 'NONE',  ( 17.49999999999999645, 9.799999999999926104, 14.14213562373095634 ) ) ;
#877 = DIRECTION ( 'NONE',  ( 0.000000000000000000, -1.000000000000000000, 0.000000000000000000 ) ) ;
#878 = DIRECTION ( 'NONE',  ( 0.000000000000000000, 0.000000000000000000, -1.000000000000000000 ) ) ;
#879 = DIRECTION ( 'NONE',  ( 0.000000000000000000, -0.000000000000000000, -1.000000000000000000 ) ) ;
#880 = ORIENTED_EDGE ( 'NONE', *, *, #904, .T. ) ;
#881 = CARTESIAN_POINT ( 'NONE',  ( 0.000000000000000000, 11.25999999999997314, 0.000000000000000000 ) ) ;
#882 =( BOUNDED_CURVE ( )  B_SPLINE_CURVE ( 3, ( #2574, #1092, #2835, #2863 ),
 .UNSPECIFIED., .F., .F. ) 
 B_SPLINE_CURVE_WITH_KNOTS ( ( 4, 4 ),
 ( 3.926990816987243171, 4.712388980384689674 ),
 .UNSPECIFIED. ) 
 CURVE ( )  GEOMETRIC_REPRESENTATION_ITEM ( )  RATIONAL_B_SPLINE_CURVE ( ( 1.000000000000000000, 0.9492530216741912330, 0.9492530216741912330, 1.000000000000000000 ) ) 
 REPRESENTATION_ITEM ( '' )  );
#883 = ORIENTED_EDGE ( 'NONE', *, *, #1035, .T. ) ;
#884 = CARTESIAN_POINT ( 'NONE',  ( -12.49999999999999645, -1.474000000000069033, 26.15564437074638349 ) ) ;
#885 = CARTESIAN_POINT ( 'NONE',  ( 12.55466712795429096, 9.203307295618342820, -18.68624806060784138 ) ) ;
#886 = EDGE_CURVE ( 'NONE', #1357, #1599, #2494, .T. ) ;
#887 = CARTESIAN_POINT ( 'NONE',  ( 0.000000000000000000, 9.799999999999926104, 0.000000000000000000 ) ) ;
#888 = DIRECTION ( 'NONE',  ( 0.000000000000000000, 1.000000000000000000, -0.000000000000000000 ) ) ;
#889 = ORIENTED_EDGE ( 'NONE', *, *, #1974, .F. ) ;
#890 = CARTESIAN_POINT ( 'NONE',  ( 0.000000000000000000, 11.25000000000000000, 0.000000000000000000 ) ) ;
#891 = DIRECTION ( 'NONE',  ( 0.000000000000000000, 1.000000000000000000, 0.000000000000000000 ) ) ;
#892 = AXIS2_PLACEMENT_3D ( 'NONE', #2075, #802, #1829 ) ;
#893 = ORIENTED_EDGE ( 'NONE', *, *, #1934, .T. ) ;
#894 = CARTESIAN_POINT ( 'NONE',  ( 17.49999999999999645, 9.799999999999926104, 14.14213562373095634 ) ) ;
#895 = CARTESIAN_POINT ( 'NONE',  ( -17.42416479728412071, 3.549999999999928324, 8.754911828058867584 ) ) ;
#896 = ADVANCED_FACE ( 'NONE', ( #249 ), #234, .F. ) ;
#897 = EDGE_CURVE ( 'NONE', #2434, #598, #2733, .T. ) ;
#898 = CARTESIAN_POINT ( 'NONE',  ( -20.59236487628161782, 0.7999999999999279909, 9.066670215800472832 ) ) ;
#899 = ORIENTED_EDGE ( 'NONE', *, *, #2859, .T. ) ;
#900 = ORIENTED_EDGE ( 'NONE', *, *, #953, .F. ) ;
#901 = ORIENTED_EDGE ( 'NONE', *, *, #1472, .F. ) ;
#902 = LINE ( 'NONE', #1711, #1237 ) ;
#903 = CARTESIAN_POINT ( 'NONE',  ( 13.55587378748700544, 0.000000000000000000, 5.391253399353292508 ) ) ;
#904 = EDGE_CURVE ( 'NONE', #1788, #2201, #1169, .T. ) ;
#905 = CARTESIAN_POINT ( 'NONE',  ( -12.49999999999999645, -1.474000000000069033, -26.15564437074638349 ) ) ;
#906 = EDGE_CURVE ( 'NONE', #2162, #585, #3218, .T. ) ;
#907 = VECTOR ( 'NONE', #2077, 1000.000000000000000 ) ;
#908 = EDGE_CURVE ( 'NONE', #2334, #634, #2663, .T. ) ;
#909 = CARTESIAN_POINT ( 'NONE',  ( 13.27524062403000116, 11.35002337091834690, 14.18462945049344981 ) ) ;
#910 = AXIS2_PLACEMENT_3D ( 'NONE', #2864, #852, #1612 ) ;
#911 = ORIENTED_EDGE ( 'NONE', *, *, #1622, .T. ) ;
#912 = ORIENTED_EDGE ( 'NONE', *, *, #1828, .F. ) ;
#913 = LINE ( 'NONE', #1918, #1697 ) ;
#914 = AXIS2_PLACEMENT_3D ( 'NONE', #2866, #1443, #146 ) ;
#915 = CARTESIAN_POINT ( 'NONE',  ( 0.000000000000000000, 3.799999999999901679, -26.15564437074638349 ) ) ;
#916 = CARTESIAN_POINT ( 'NONE',  ( 13.96489683493073564, -2.974000000000072141, 13.54543027703088143 ) ) ;
#917 = ORIENTED_EDGE ( 'NONE', *, *, #552, .F. ) ;
#918 = EDGE_LOOP ( 'NONE', ( #1271, #793, #635, #119, #2881 ) ) ;
#919 = ADVANCED_FACE ( 'NONE', ( #2997 ), #1183, .T. ) ;
#920 = EDGE_LOOP ( 'NONE', ( #3058, #1461, #1139, #366 ) ) ;
#921 = ORIENTED_EDGE ( 'NONE', *, *, #2661, .F. ) ;
#922 = FACE_OUTER_BOUND ( 'NONE', #933, .T. ) ;
#923 = CARTESIAN_POINT ( 'NONE',  ( -13.42788692071548162, 11.25999999999997314, 5.915531595694809575 ) ) ;
#924 = CARTESIAN_POINT ( 'NONE',  ( 12.75530960225819221, 11.31975310286538594, 14.72066137652505802 ) ) ;
#925 = ORIENTED_EDGE ( 'NONE', *, *, #2615, .T. ) ;
#926 = EDGE_CURVE ( 'NONE', #778, #590, #1399, .T. ) ;
#927 = AXIS2_PLACEMENT_3D ( 'NONE', #1115, #352, #2113 ) ;
#928 = DIRECTION ( 'NONE',  ( 0.000000000000000000, -1.000000000000000000, 0.000000000000000000 ) ) ;
#929 = VECTOR ( 'NONE', #2017, 1000.000000000000000 ) ;
#930 = CARTESIAN_POINT ( 'NONE',  ( -13.19946148723249024, -2.974000000000072141, -24.65564437074638704 ) ) ;
#931 = LINE ( 'NONE', #915, #122 ) ;
#932 = AXIS2_PLACEMENT_3D ( 'NONE', #2964, #1425, #1158 ) ;
#933 = EDGE_LOOP ( 'NONE', ( #1936, #723, #604, #1336 ) ) ;
#934 = CYLINDRICAL_SURFACE ( 'NONE', #1402, 19.50000000000000355 ) ;
#935 = ORIENTED_EDGE ( 'NONE', *, *, #1606, .F. ) ;
#936 = EDGE_LOOP ( 'NONE', ( #1165, #1663, #715, #2185 ) ) ;
#937 = EDGE_LOOP ( 'NONE', ( #1464, #1774 ) ) ;
#938 = DIRECTION ( 'NONE',  ( 0.000000000000000000, 0.000000000000000000, -1.000000000000000000 ) ) ;
#939 = EDGE_CURVE ( 'NONE', #1607, #2922, #210, .T. ) ;
#940 = LINE ( 'NONE', #1926, #172 ) ;
#941 = CARTESIAN_POINT ( 'NONE',  ( 5.218048215738235740E-12, 11.57499999999997264, -2.220446049250313081E-12 ) ) ;
#942 = PLANE ( 'NONE',  #2294 ) ;
#943 = CARTESIAN_POINT ( 'NONE',  ( 0.000000000000000000, 0.04999999999992814359, 0.000000000000000000 ) ) ;
#944 = ORIENTED_EDGE ( 'NONE', *, *, #981, .T. ) ;
#945 = AXIS2_PLACEMENT_3D ( 'NONE', #1474, #1047, #2304 ) ;
#946 = DIRECTION ( 'NONE',  ( 0.000000000000000000, 0.000000000000000000, -1.000000000000000000 ) ) ;
#947 = ORIENTED_EDGE ( 'NONE', *, *, #617, .T. ) ;
#948 = ORIENTED_EDGE ( 'NONE', *, *, #1316, .T. ) ;
#949 = PLANE ( 'NONE',  #1076 ) ;
#950 = ORIENTED_EDGE ( 'NONE', *, *, #1258, .T. ) ;
#951 = DIRECTION ( 'NONE',  ( 0.000000000000000000, 1.000000000000000000, -0.000000000000000000 ) ) ;
#952 = CARTESIAN_POINT ( 'NONE',  ( -7.813924682793268239, 10.00000000000000000, 18.65887492646981727 ) ) ;
#953 = EDGE_CURVE ( 'NONE', #2302, #219, #2742, .T. ) ;
#954 = CARTESIAN_POINT ( 'NONE',  ( 0.000000000000000000, 11.25000000000000000, 0.000000000000000000 ) ) ;
#955 = ORIENTED_EDGE ( 'NONE', *, *, #441, .F. ) ;
#956 = CIRCLE ( 'NONE', #1801, 22.50000000000000355 ) ;
#957 = AXIS2_PLACEMENT_3D ( 'NONE', #2569, #2872, #1853 ) ;
#958 = CARTESIAN_POINT ( 'NONE',  ( -7.181773703878873150, -2.974000000000072141, 20.09381813053617449 ) ) ;
#959 = DIRECTION ( 'NONE',  ( 0.000000000000000000, -1.000000000000000000, 0.000000000000000000 ) ) ;
#960 = ORIENTED_EDGE ( 'NONE', *, *, #2675, .F. ) ;
#961 = CARTESIAN_POINT ( 'NONE',  ( 9.670286147185324310, 11.25000000000000000, 16.93326801983467789 ) ) ;
#962 = LINE ( 'NONE', #1970, #2180 ) ;
#963 = AXIS2_PLACEMENT_3D ( 'NONE', #2225, #1478, #2490 ) ;
#964 = VECTOR ( 'NONE', #854, 1000.000000000000000 ) ;
#965 = EDGE_LOOP ( 'NONE', ( #867, #835, #2669, #1090 ) ) ;
#966 = DIRECTION ( 'NONE',  ( -0.000000000000000000, -1.000000000000000000, -0.000000000000000000 ) ) ;
#967 = CARTESIAN_POINT ( 'NONE',  ( 10.00000000000000000, -2.974000000000072141, -20.15564437074637993 ) ) ;
#968 = AXIS2_PLACEMENT_3D ( 'NONE', #3004, #2217, #3226 ) ;
#969 = CARTESIAN_POINT ( 'NONE',  ( -13.15884088326095025, 9.329942888615812890, 18.26568254422244664 ) ) ;
#970 = ORIENTED_EDGE ( 'NONE', *, *, #3006, .T. ) ;
#971 = DIRECTION ( 'NONE',  ( 0.4031531783023034055, 0.000000000000000000, 0.9151325121668179019 ) ) ;
#972 = CIRCLE ( 'NONE', #3046, 2.999999999999999112 ) ;
#973 = ORIENTED_EDGE ( 'NONE', *, *, #816, .T. ) ;
#974 = DIRECTION ( 'NONE',  ( -1.000000000000000000, 0.000000000000000000, 0.000000000000000000 ) ) ;
#975 = EDGE_LOOP ( 'NONE', ( #1249, #2104, #2926, #2755 ) ) ;
#976 = CIRCLE ( 'NONE', #2619, 22.50000000000000355 ) ;
#977 = ORIENTED_EDGE ( 'NONE', *, *, #1576, .T. ) ;
#978 = LINE ( 'NONE', #1008, #2196 ) ;
#979 = CARTESIAN_POINT ( 'NONE',  ( 8.370392823701402918, 0.000000000000000000, 18.42972891989294837 ) ) ;
#980 = DIRECTION ( 'NONE',  ( 0.000000000000000000, 0.000000000000000000, 1.000000000000000000 ) ) ;
#981 = EDGE_CURVE ( 'NONE', #2607, #1357, #2952, .T. ) ;
#982 = CARTESIAN_POINT ( 'NONE',  ( 13.04306982025041783, 36.38267500856138525, 14.49580386401778220 ) ) ;
#983 = EDGE_CURVE ( 'NONE', #699, #2203, #842, .T. ) ;
#984 = CARTESIAN_POINT ( 'NONE',  ( 0.000000000000000000, 9.799999999999926104, 0.000000000000000000 ) ) ;
#985 = CARTESIAN_POINT ( 'NONE',  ( -18.09432498179505089, 3.549999999999928324, 9.091639206061131517 ) ) ;
#986 = EDGE_LOOP ( 'NONE', ( #1566, #2456, #2693, #2094 ) ) ;
#987 = DIRECTION ( 'NONE',  ( 0.9998837755602058008, 0.000000000000000000, -0.01524583128163223798 ) ) ;
#988 = CARTESIAN_POINT ( 'NONE',  ( 7.535780628892249311, 11.25000000000000000, 20.52829426940657598 ) ) ;
#989 = VERTEX_POINT ( 'NONE', #677 ) ;
#990 = EDGE_CURVE ( 'NONE', #1034, #1202, #1653, .T. ) ;
#991 = VECTOR ( 'NONE', #2714, 1000.000000000000000 ) ;
#992 = CARTESIAN_POINT ( 'NONE',  ( 9.999999999999994671, 8.632336374617837649, -20.15564437074637993 ) ) ;
#993 = ORIENTED_EDGE ( 'NONE', *, *, #2102, .T. ) ;
#994 = DIRECTION ( 'NONE',  ( -0.4693032097463761265, 0.000000000000000000, 0.8830370871723048909 ) ) ;
#995 = DIRECTION ( 'NONE',  ( 0.000000000000000000, 0.000000000000000000, 1.000000000000000000 ) ) ;
#996 = FACE_OUTER_BOUND ( 'NONE', #2188, .T. ) ;
#997 = ORIENTED_EDGE ( 'NONE', *, *, #461, .F. ) ;
#998 = EDGE_CURVE ( 'NONE', #1007, #1189, #2981, .T. ) ;
#999 = ADVANCED_FACE ( 'NONE', ( #661 ), #1682, .F. ) ;
#1000 = DIRECTION ( 'NONE',  ( -0.000000000000000000, 1.000000000000000000, -0.000000000000000000 ) ) ;
#1001 = CARTESIAN_POINT ( 'NONE',  ( 14.99718884230663640, 5.992388155425058649, -23.96325621532124117 ) ) ;
#1002 = VECTOR ( 'NONE', #1805, 1000.000000000000000 ) ;
#1003 = CARTESIAN_POINT ( 'NONE',  ( -19.31591823177373257, 9.799999999999926104, 11.53886055308023906 ) ) ;
#1004 = ORIENTED_EDGE ( 'NONE', *, *, #1948, .F. ) ;
#1005 = CARTESIAN_POINT ( 'NONE',  ( -10.00000000000000000, 19.87782218537310897, 10.07782218537314733 ) ) ;
#1006 = FACE_OUTER_BOUND ( 'NONE', #1493, .T. ) ;
#1007 = VERTEX_POINT ( 'NONE', #3203 ) ;
#1008 = CARTESIAN_POINT ( 'NONE',  ( -9.151412590054562202, 10.15000000000000036, 17.21922319985983307 ) ) ;
#1009 = EDGE_CURVE ( 'NONE', #1210, #682, #2931, .T. ) ;
#1010 = AXIS2_PLACEMENT_3D ( 'NONE', #2123, #3133, #2108 ) ;
#1011 = CARTESIAN_POINT ( 'NONE',  ( 12.50000000000000888, -2.352679656440429756, 26.15564437074637993 ) ) ;
#1012 = AXIS2_PLACEMENT_3D ( 'NONE', #1417, #1168, #2924 ) ;
#1013 = FACE_OUTER_BOUND ( 'NONE', #853, .T. ) ;
#1014 = DIRECTION ( 'NONE',  ( -1.000000000000000000, 0.000000000000000000, 0.000000000000000000 ) ) ;
#1015 = CARTESIAN_POINT ( 'NONE',  ( 16.97266793280126862, 9.799999999999926104, 14.77086805989612905 ) ) ;
#1016 = ORIENTED_EDGE ( 'NONE', *, *, #2773, .F. ) ;
#1017 = ADVANCED_FACE ( 'NONE', ( #1959 ), #3252, .T. ) ;
#1018 = CARTESIAN_POINT ( 'NONE',  ( 8.098057949709566827, 11.30526152352358871, 19.08290223030006416 ) ) ;
#1019 = ADVANCED_FACE ( 'NONE', ( #1244 ), #2007, .T. ) ;
#1020 = CARTESIAN_POINT ( 'NONE',  ( -7.512164682752222156, 11.29683924165651554, 19.32561101270625414 ) ) ;
#1021 = EDGE_LOOP ( 'NONE', ( #2737, #514, #1045, #531, #1510 ) ) ;
#1022 = LINE ( 'NONE', #2035, #2786 ) ;
#1023 = DIRECTION ( 'NONE',  ( 0.000000000000000000, 1.000000000000000000, 0.000000000000000000 ) ) ;
#1024 = ORIENTED_EDGE ( 'NONE', *, *, #1502, .F. ) ;
#1025 = AXIS2_PLACEMENT_3D ( 'NONE', #463, #1932, #199 ) ;
#1026 = DIRECTION ( 'NONE',  ( 0.000000000000000000, 0.000000000000000000, -1.000000000000000000 ) ) ;
#1027 = ORIENTED_EDGE ( 'NONE', *, *, #2197, .F. ) ;
#1028 = AXIS2_PLACEMENT_3D ( 'NONE', #218, #1722, #2723 ) ;
#1029 = DIRECTION ( 'NONE',  ( -1.000000000000000000, -0.000000000000000000, -2.891205793294676354E-16 ) ) ;
#1030 = CIRCLE ( 'NONE', #351, 19.50000000000000355 ) ;
#1031 = CARTESIAN_POINT ( 'NONE',  ( 0.000000000000000000, 9.824999999999972644, 0.000000000000000000 ) ) ;
#1032 = DIRECTION ( 'NONE',  ( 0.000000000000000000, 0.000000000000000000, -1.000000000000000000 ) ) ;
#1033 = PLANE ( 'NONE',  #1905 ) ;
#1034 = VERTEX_POINT ( 'NONE', #2801 ) ;
#1035 = EDGE_CURVE ( 'NONE', #1467, #3068, #1757, .T. ) ;
#1036 = DIRECTION ( 'NONE',  ( 0.000000000000000000, -0.000000000000000000, -1.000000000000000000 ) ) ;
#1037 = CARTESIAN_POINT ( 'NONE',  ( 13.92900658350942678, 11.34999999999997122, 13.51061806867700099 ) ) ;
#1038 = ORIENTED_EDGE ( 'NONE', *, *, #2160, .F. ) ;
#1039 = DIRECTION ( 'NONE',  ( 0.000000000000000000, 0.000000000000000000, -1.000000000000000000 ) ) ;
#1040 = EDGE_CURVE ( 'NONE', #1859, #108, #1279, .T. ) ;
#1041 = CARTESIAN_POINT ( 'NONE',  ( -0.5727718084201500748, 2.799999999999927880, 1.138232138501142909 ) ) ;
#1042 = ADVANCED_FACE ( 'NONE', ( #1796 ), #526, .F. ) ;
#1043 = ORIENTED_EDGE ( 'NONE', *, *, #180, .F. ) ;
#1044 = CARTESIAN_POINT ( 'NONE',  ( 12.50000000000000533, -1.474000000000069033, -26.15564437074637993 ) ) ;
#1045 = ORIENTED_EDGE ( 'NONE', *, *, #1138, .T. ) ;
#1046 = EDGE_CURVE ( 'NONE', #2837, #501, #3070, .T. ) ;
#1047 = DIRECTION ( 'NONE',  ( 0.000000000000000000, 1.000000000000000000, -0.000000000000000000 ) ) ;
#1048 = LINE ( 'NONE', #3206, #535 ) ;
#1049 = ORIENTED_EDGE ( 'NONE', *, *, #296, .F. ) ;
#1050 = PLANE ( 'NONE',  #1655 ) ;
#1051 = DIRECTION ( 'NONE',  ( -0.000000000000000000, -1.000000000000000000, -0.000000000000000000 ) ) ;
#1052 = CARTESIAN_POINT ( 'NONE',  ( -7.516463572014650651, 11.27903889266115733, 19.33027489784840114 ) ) ;
#1053 = EDGE_CURVE ( 'NONE', #1980, #1806, #1745, .T. ) ;
#1054 = ORIENTED_EDGE ( 'NONE', *, *, #125, .T. ) ;
#1055 = DIRECTION ( 'NONE',  ( -1.000000000000000000, -0.000000000000000000, -2.891205793294676354E-16 ) ) ;
#1056 = AXIS2_PLACEMENT_3D ( 'NONE', #3220, #959, #1964 ) ;
#1057 = ORIENTED_EDGE ( 'NONE', *, *, #2401, .T. ) ;
#1058 = TOROIDAL_SURFACE ( 'NONE', #1212, 3.059999999999825970, 0.08999999999999999667 ) ;
#1059 = DIRECTION ( 'NONE',  ( -0.4031531783023103443, 0.000000000000000000, -0.9151325121668151263 ) ) ;
#1060 = EDGE_LOOP ( 'NONE', ( #1049, #29, #2413, #1146 ) ) ;
#1061 = DIRECTION ( 'NONE',  ( 0.3695524189464529652, 0.000000000000000000, -0.9292098846067153861 ) ) ;
#1062 = CARTESIAN_POINT ( 'NONE',  ( 11.30214091123673725, 8.928319120606595050, -19.46938992621123177 ) ) ;
#1063 = ORIENTED_EDGE ( 'NONE', *, *, #1483, .T. ) ;
#1064 = DIRECTION ( 'NONE',  ( 0.000000000000000000, 0.000000000000000000, -1.000000000000000000 ) ) ;
#1065 = AXIS2_PLACEMENT_3D ( 'NONE', #1429, #2443, #2461 ) ;
#1066 = AXIS2_PLACEMENT_3D ( 'NONE', #1650, #1310, #1616 ) ;
#1067 = CARTESIAN_POINT ( 'NONE',  ( 14.44070884072150562, 8.462944526683513047, -21.49269984406278411 ) ) ;
#1068 = CARTESIAN_POINT ( 'NONE',  ( 5.218048215738235740E-12, 11.57499999999997264, -2.220446049250313081E-12 ) ) ;
#1069 = VERTEX_POINT ( 'NONE', #2043 ) ;
#1070 = VECTOR ( 'NONE', #1023, 1000.000000000000000 ) ;
#1071 = CARTESIAN_POINT ( 'NONE',  ( -2.745402229934452673E-14, 3.549999999999928324, 1.646945678633283094E-13 ) ) ;
#1072 = ORIENTED_EDGE ( 'NONE', *, *, #2212, .F. ) ;
#1073 = CARTESIAN_POINT ( 'NONE',  ( 5.218048215738235740E-12, 11.57499999999997264, -2.220446049250313081E-12 ) ) ;
#1074 = ORIENTED_EDGE ( 'NONE', *, *, #1581, .F. ) ;
#1075 = LINE ( 'NONE', #46, #332 ) ;
#1076 = AXIS2_PLACEMENT_3D ( 'NONE', #2726, #2740, #221 ) ;
#1077 = ADVANCED_FACE ( 'NONE', ( #2539 ), #2583, .F. ) ;
#1078 = CIRCLE ( 'NONE', #3196, 0.09000000000000026035 ) ;
#1079 = CARTESIAN_POINT ( 'NONE',  ( 5.218048215738235740E-12, 11.57499999999997264, 17.98499999999281229 ) ) ;
#1080 = CARTESIAN_POINT ( 'NONE',  ( 9.999999999999994671, 8.632336374617837649, -20.15564437074637993 ) ) ;
#1081 = ORIENTED_EDGE ( 'NONE', *, *, #845, .T. ) ;
#1082 = LINE ( 'NONE', #1309, #964 ) ;
#1083 = VECTOR ( 'NONE', #1240, 1000.000000000000114 ) ;
#1084 = CARTESIAN_POINT ( 'NONE',  ( 17.23832272926866693, 9.799999999999926104, -14.77086805989614327 ) ) ;
#1085 = CARTESIAN_POINT ( 'NONE',  ( 19.93310100931617868, 9.799999999999926104, -8.296119572172537815 ) ) ;
#1086 = ADVANCED_FACE ( 'NONE', ( #274 ), #1414, .F. ) ;
#1087 = ORIENTED_EDGE ( 'NONE', *, *, #2219, .T. ) ;
#1088 = CARTESIAN_POINT ( 'NONE',  ( 19.93310100931617868, -2.974000000000072141, 8.296119572172537815 ) ) ;
#1089 = DIRECTION ( 'NONE',  ( 0.000000000000000000, 0.000000000000000000, 1.000000000000000000 ) ) ;
#1090 = ORIENTED_EDGE ( 'NONE', *, *, #3254, .F. ) ;
#1091 = VERTEX_POINT ( 'NONE', #2762 ) ;
#1092 = CARTESIAN_POINT ( 'NONE',  ( -14.67436674234448191, 8.462944526683513047, 21.49269984406279121 ) ) ;
#1093 = CARTESIAN_POINT ( 'NONE',  ( 16.47896793714372876, 9.799999999999924327, 15.33816079115216091 ) ) ;
#1094 = VERTEX_POINT ( 'NONE', #1275 ) ;
#1095 = CARTESIAN_POINT ( 'NONE',  ( 0.000000000000000000, 11.34999999999997122, 0.000000000000000000 ) ) ;
#1096 = CYLINDRICAL_SURFACE ( 'NONE', #2442, 20.25000000000000355 ) ;
#1097 = DIRECTION ( 'NONE',  ( -0.000000000000000000, 1.000000000000000000, -0.000000000000000000 ) ) ;
#1098 = ADVANCED_FACE ( 'NONE', ( #752 ), #1764, .F. ) ;
#1099 = CARTESIAN_POINT ( 'NONE',  ( -12.49999999999999645, -1.474000000000069033, 26.15564437074638349 ) ) ;
#1100 = ORIENTED_EDGE ( 'NONE', *, *, #2816, .T. ) ;
#1101 = DIRECTION ( 'NONE',  ( -0.000000000000000000, -1.000000000000000000, -0.000000000000000000 ) ) ;
#1102 = DIRECTION ( 'NONE',  ( 0.000000000000000000, 1.000000000000000000, -0.000000000000000000 ) ) ;
#1103 = ORIENTED_EDGE ( 'NONE', *, *, #1770, .F. ) ;
#1104 = VERTEX_POINT ( 'NONE', #2746 ) ;
#1105 = ORIENTED_EDGE ( 'NONE', *, *, #1677, .T. ) ;
#1106 = CIRCLE ( 'NONE', #2482, 0.08999999999999977462 ) ;
#1107 = DIRECTION ( 'NONE',  ( 0.000000000000000000, 1.000000000000000000, 0.000000000000000000 ) ) ;
#1108 = CARTESIAN_POINT ( 'NONE',  ( 15.98264796954265421, 9.799999999999926104, -15.90846403699747924 ) ) ;
#1109 = ORIENTED_EDGE ( 'NONE', *, *, #816, .F. ) ;
#1110 = DIRECTION ( 'NONE',  ( -2.891205793294676354E-16, 0.000000000000000000, 1.000000000000000000 ) ) ;
#1111 = FACE_OUTER_BOUND ( 'NONE', #2937, .T. ) ;
#1112 = VERTEX_POINT ( 'NONE', #2782 ) ;
#1113 = DIRECTION ( 'NONE',  ( 0.000000000000000000, 0.000000000000000000, -1.000000000000000000 ) ) ;
#1114 = AXIS2_PLACEMENT_3D ( 'NONE', #325, #1325, #1847 ) ;
#1115 = CARTESIAN_POINT ( 'NONE',  ( -1.479793181982435292E-14, 3.549999999999928324, -2.945107931998002430E-14 ) ) ;
#1116 =( GEOMETRIC_REPRESENTATION_CONTEXT ( 3 ) GLOBAL_UNCERTAINTY_ASSIGNED_CONTEXT ( ( #3065 ) ) GLOBAL_UNIT_ASSIGNED_CONTEXT ( ( #2556, #1587, #1556 ) ) REPRESENTATION_CONTEXT ( 'NONE', 'WORKASPACE' ) );
#1117 = DIRECTION ( 'NONE',  ( -2.891205793294675861E-16, 0.000000000000000000, 1.000000000000000000 ) ) ;
#1118 = CARTESIAN_POINT ( 'NONE',  ( 9.999999999999982236, -2.974000000000072141, -8.673617379884018117E-15 ) ) ;
#1119 = AXIS2_PLACEMENT_3D ( 'NONE', #645, #1130, #2097 ) ;
#1120 = EDGE_CURVE ( 'NONE', #456, #298, #1305, .T. ) ;
#1121 = DIRECTION ( 'NONE',  ( -0.000000000000000000, -1.000000000000000000, -0.000000000000000000 ) ) ;
#1122 = EDGE_LOOP ( 'NONE', ( #1038, #1625, #2068, #3111 ) ) ;
#1123 = EDGE_LOOP ( 'NONE', ( #2150, #947, #311, #2624 ) ) ;
#1124 = DIRECTION ( 'NONE',  ( 0.000000000000000000, -1.000000000000000000, 0.000000000000000000 ) ) ;
#1125 = DIRECTION ( 'NONE',  ( -0.000000000000000000, -1.000000000000000000, -0.000000000000000000 ) ) ;
#1126 = CARTESIAN_POINT ( 'NONE',  ( -19.31591823177372902, -2.974000000000072141, -11.53886055308023906 ) ) ;
#1127 = EDGE_CURVE ( 'NONE', #2430, #1980, #1523, .T. ) ;
#1128 = DIRECTION ( 'NONE',  ( -1.000000000000000000, 0.000000000000000000, 0.000000000000000000 ) ) ;
#1129 = AXIS2_PLACEMENT_3D ( 'NONE', #2707, #3210, #2652 ) ;
#1130 = DIRECTION ( 'NONE',  ( -0.000000000000000000, -1.000000000000000000, -0.000000000000000000 ) ) ;
#1131 = ADVANCED_FACE ( 'NONE', ( #996 ), #259, .T. ) ;
#1132 = CARTESIAN_POINT ( 'NONE',  ( -20.59236487628161782, 2.799999999999927880, 9.066670215800472832 ) ) ;
#1133 = FACE_OUTER_BOUND ( 'NONE', #471, .T. ) ;
#1134 = DIRECTION ( 'NONE',  ( 0.000000000000000000, 0.000000000000000000, 1.000000000000000000 ) ) ;
#1135 = EDGE_CURVE ( 'NONE', #219, #3241, #3042, .T. ) ;
#1136 = LINE ( 'NONE', #1154, #2407 ) ;
#1137 = ORIENTED_EDGE ( 'NONE', *, *, #2270, .F. ) ;
#1138 = EDGE_CURVE ( 'NONE', #1907, #2037, #3, .T. ) ;
#1139 = ORIENTED_EDGE ( 'NONE', *, *, #2333, .F. ) ;
#1140 = CARTESIAN_POINT ( 'NONE',  ( -6.893445386980598499, 0.000000000000000000, 20.74830538543782410 ) ) ;
#1141 = CARTESIAN_POINT ( 'NONE',  ( -9.999999999999994671, 5.992388155425029339, -23.96325621532126249 ) ) ;
#1142 = DIRECTION ( 'NONE',  ( 0.3500778792871595546, 0.000000000000000000, -0.9367205978485820816 ) ) ;
#1143 = PRODUCT_DEFINITION_SHAPE ( 'NONE', 'NONE',  #1203 ) ;
#1144 = EDGE_CURVE ( 'NONE', #2430, #796, #342, .T. ) ;
#1145 = CARTESIAN_POINT ( 'NONE',  ( -11.30214091123673725, 8.928319120606595050, 19.46938992621123177 ) ) ;
#1146 = ORIENTED_EDGE ( 'NONE', *, *, #2309, .F. ) ;
#1147 = DIRECTION ( 'NONE',  ( 0.000000000000000000, -0.000000000000000000, -1.000000000000000000 ) ) ;
#1148 = VECTOR ( 'NONE', #159, 1000.000000000000114 ) ;
#1149 = EDGE_LOOP ( 'NONE', ( #3018, #2233, #518, #1072, #2736, #2312, #3072 ) ) ;
#1150 = EDGE_CURVE ( 'NONE', #238, #3045, #153, .T. ) ;
#1151 = LINE ( 'NONE', #2178, #1211 ) ;
#1152 = CARTESIAN_POINT ( 'NONE',  ( 0.000000000000000000, -1.474000000000072585, 26.15564437074638349 ) ) ;
#1153 = EDGE_CURVE ( 'NONE', #708, #1503, #882, .T. ) ;
#1154 = CARTESIAN_POINT ( 'NONE',  ( 9.277055991985228900, 36.38267500856138525, 18.37844129339694987 ) ) ;
#1155 = ORIENTED_EDGE ( 'NONE', *, *, #420, .T. ) ;
#1156 = ORIENTED_EDGE ( 'NONE', *, *, #306, .F. ) ;
#1157 = ORIENTED_EDGE ( 'NONE', *, *, #1428, .T. ) ;
#1158 = DIRECTION ( 'NONE',  ( 0.000000000000000000, 0.000000000000000000, 1.000000000000000000 ) ) ;
#1159 = DIRECTION ( 'NONE',  ( 0.000000000000000000, -1.000000000000000000, 0.000000000000000000 ) ) ;
#1160 = AXIS2_PLACEMENT_3D ( 'NONE', #1901, #1657, #2670 ) ;
#1161 = PRODUCT_RELATED_PRODUCT_CATEGORY ( 'part', '', ( #1916 ) ) ;
#1162 = DIRECTION ( 'NONE',  ( 0.000000000000000000, 1.000000000000000000, 0.000000000000000000 ) ) ;
#1163 = VECTOR ( 'NONE', #2839, 1000.000000000000000 ) ;
#1164 = EDGE_LOOP ( 'NONE', ( #182, #2977, #1191, #713 ) ) ;
#1165 = ORIENTED_EDGE ( 'NONE', *, *, #3020, .T. ) ;
#1166 = CARTESIAN_POINT ( 'NONE',  ( -13.52232738652303645, 5.992388155425029339, -23.96325621532126249 ) ) ;
#1167 = AXIS2_PLACEMENT_3D ( 'NONE', #412, #1426, #3150 ) ;
#1168 = DIRECTION ( 'NONE',  ( 0.000000000000000000, -1.000000000000000000, 0.000000000000000000 ) ) ;
#1169 = CIRCLE ( 'NONE', #963, 3.059999999999903242 ) ;
#1170 = ORIENTED_EDGE ( 'NONE', *, *, #1360, .T. ) ;
#1171 = CIRCLE ( 'NONE', #1915, 0.09000000000000125955 ) ;
#1172 = EDGE_CURVE ( 'NONE', #2845, #585, #1999, .T. ) ;
#1173 = LINE ( 'NONE', #1639, #292 ) ;
#1174 = ORIENTED_EDGE ( 'NONE', *, *, #1677, .F. ) ;
#1175 = VERTEX_POINT ( 'NONE', #1572 ) ;
#1176 = ORIENTED_EDGE ( 'NONE', *, *, #2565, .T. ) ;
#1177 = ORIENTED_EDGE ( 'NONE', *, *, #430, .F. ) ;
#1178 = DIRECTION ( 'NONE',  ( 0.8683727189658844159, 0.000000000000000000, -0.4959121101120612107 ) ) ;
#1179 = VECTOR ( 'NONE', #66, 1000.000000000000114 ) ;
#1180 = AXIS2_PLACEMENT_3D ( 'NONE', #2666, #2361, #3106 ) ;
#1181 = DIRECTION ( 'NONE',  ( -0.9367205978485819706, 0.000000000000000000, -0.3500778792871594991 ) ) ;
#1182 = EDGE_CURVE ( 'NONE', #2436, #1206, #588, .T. ) ;
#1183 = CYLINDRICAL_SURFACE ( 'NONE', #2071, 2.999999999999999112 ) ;
#1184 = ORIENTED_EDGE ( 'NONE', *, *, #709, .F. ) ;
#1185 = VECTOR ( 'NONE', #2144, 1000.000000000000000 ) ;
#1186 = LINE ( 'NONE', #2703, #36 ) ;
#1187 = AXIS2_PLACEMENT_3D ( 'NONE', #1406, #652, #2941 ) ;
#1188 = CARTESIAN_POINT ( 'NONE',  ( 9.999999999999962697, 0.000000000000000000, 23.61179387238010108 ) ) ;
#1189 = VERTEX_POINT ( 'NONE', #1375 ) ;
#1190 = CYLINDRICAL_SURFACE ( 'NONE', #1129, 18.18499999999999517 ) ;
#1191 = ORIENTED_EDGE ( 'NONE', *, *, #420, .F. ) ;
#1192 = VERTEX_POINT ( 'NONE', #1355 ) ;
#1193 = FACE_OUTER_BOUND ( 'NONE', #344, .T. ) ;
#1194 = EDGE_CURVE ( 'NONE', #1599, #2987, #837, .T. ) ;
#1195 = ORIENTED_EDGE ( 'NONE', *, *, #3012, .F. ) ;
#1196 = LINE ( 'NONE', #3214, #579 ) ;
#1197 = PLANE ( 'NONE',  #651 ) ;
#1198 = DIRECTION ( 'NONE',  ( -0.000000000000000000, 1.000000000000000000, -0.000000000000000000 ) ) ;
#1199 = ORIENTED_EDGE ( 'NONE', *, *, #462, .T. ) ;
#1200 = FACE_OUTER_BOUND ( 'NONE', #425, .T. ) ;
#1201 = CARTESIAN_POINT ( 'NONE',  ( -20.28561557374407442, -2.974000000000072141, 9.459337892425100591 ) ) ;
#1202 = VERTEX_POINT ( 'NONE', #321 ) ;
#1203 = PRODUCT_DEFINITION ( 'UNKNOWN', '', #1327, #2365 ) ;
#1204 = CARTESIAN_POINT ( 'NONE',  ( 0.000000000000000000, -2.974000000000072141, -24.65564437074637993 ) ) ;
#1205 = ORIENTED_EDGE ( 'NONE', *, *, #1989, .T. ) ;
#1206 = VERTEX_POINT ( 'NONE', #3084 ) ;
#1207 = CARTESIAN_POINT ( 'NONE',  ( 10.00000000000000533, 3.469446951953614189E-15, 26.15564437074637993 ) ) ;
#1208 = LINE ( 'NONE', #979, #600 ) ;
#1209 = CARTESIAN_POINT ( 'NONE',  ( 12.60614383679720873, 11.28014548391161398, 14.87444641571266324 ) ) ;
#1210 = VERTEX_POINT ( 'NONE', #1079 ) ;
#1211 = VECTOR ( 'NONE', #2923, 1000.000000000000000 ) ;
#1212 = AXIS2_PLACEMENT_3D ( 'NONE', #824, #3117, #1833 ) ;
#1213 = DIRECTION ( 'NONE',  ( 0.000000000000000000, 0.000000000000000000, -1.000000000000000000 ) ) ;
#1214 = DIRECTION ( 'NONE',  ( 1.000000000000000000, -0.000000000000000000, 1.224646799147353207E-16 ) ) ;
#1215 = ORIENTED_EDGE ( 'NONE', *, *, #573, .F. ) ;
#1216 = CARTESIAN_POINT ( 'NONE',  ( -9.999999999999998224, -2.974000000000072141, -20.15564437074637993 ) ) ;
#1217 = EDGE_LOOP ( 'NONE', ( #75, #534, #1676, #2438, #2623 ) ) ;
#1218 = DIRECTION ( 'NONE',  ( -0.4031531783023034055, 0.000000000000000000, -0.9151325121668179019 ) ) ;
#1219 = VECTOR ( 'NONE', #1162, 1000.000000000000000 ) ;
#1220 = AXIS2_PLACEMENT_3D ( 'NONE', #806, #560, #3087 ) ;
#1221 = ADVANCED_FACE ( 'NONE', ( #2605 ), #1306, .F. ) ;
#1222 = ORIENTED_EDGE ( 'NONE', *, *, #3146, .F. ) ;
#1223 = LINE ( 'NONE', #2234, #668 ) ;
#1224 = DIRECTION ( 'NONE',  ( 0.000000000000000000, 0.000000000000000000, -1.000000000000000000 ) ) ;
#1225 = CIRCLE ( 'NONE', #1331, 19.50000000000000355 ) ;
#1226 = DIRECTION ( 'NONE',  ( 0.9998837755602059119, 0.000000000000000000, -0.01524583128163091439 ) ) ;
#1227 = CARTESIAN_POINT ( 'NONE',  ( -6.484437924835757983, 11.25000000000000000, 16.35576158573464767 ) ) ;
#1228 = ORIENTED_EDGE ( 'NONE', *, *, #666, .T. ) ;
#1229 = CARTESIAN_POINT ( 'NONE',  ( 8.065861096445765099, 11.34292378652093980, 19.05014816765870123 ) ) ;
#1230 = DIRECTION ( 'NONE',  ( 0.9836109340066773177, 0.000000000000000000, -0.1803039946937170235 ) ) ;
#1231 = ADVANCED_FACE ( 'NONE', ( #359 ), #833, .T. ) ;
#1232 = AXIS2_PLACEMENT_3D ( 'NONE', #2416, #663, #1671 ) ;
#1233 = DIRECTION ( 'NONE',  ( -0.000000000000000000, -1.000000000000000000, -0.000000000000000000 ) ) ;
#1234 = ORIENTED_EDGE ( 'NONE', *, *, #2270, .T. ) ;
#1235 = LINE ( 'NONE', #2531, #664 ) ;
#1236 = CARTESIAN_POINT ( 'NONE',  ( -12.83651893607444272, 11.35002369576548631, 14.58285765796255973 ) ) ;
#1237 = VECTOR ( 'NONE', #1394, 1000.000000000000000 ) ;
#1238 = ORIENTED_EDGE ( 'NONE', *, *, #1828, .T. ) ;
#1239 = EDGE_CURVE ( 'NONE', #699, #1907, #112, .T. ) ;
#1240 = DIRECTION ( 'NONE',  ( 0.7178050287942189245, -0.000000000000000000, 0.6962441673994337332 ) ) ;
#1241 = EDGE_CURVE ( 'NONE', #456, #1407, #301, .T. ) ;
#1242 = PLANE ( 'NONE',  #3124 ) ;
#1243 = FACE_OUTER_BOUND ( 'NONE', #17, .T. ) ;
#1244 = FACE_OUTER_BOUND ( 'NONE', #2300, .T. ) ;
#1245 = VERTEX_POINT ( 'NONE', #608 ) ;
#1246 = LINE ( 'NONE', #3060, #1584 ) ;
#1247 = DIRECTION ( 'NONE',  ( 0.000000000000000000, -1.000000000000000000, 0.000000000000000000 ) ) ;
#1248 = CARTESIAN_POINT ( 'NONE',  ( 0.000000000000000000, 10.15000000000000036, -19.50000000000000355 ) ) ;
#1249 = ORIENTED_EDGE ( 'NONE', *, *, #1934, .F. ) ;
#1250 = FACE_OUTER_BOUND ( 'NONE', #624, .T. ) ;
#1251 = DIRECTION ( 'NONE',  ( -0.01524583128163230390, 0.000000000000000000, -0.9998837755602058008 ) ) ;
#1252 = ORIENTED_EDGE ( 'NONE', *, *, #2799, .F. ) ;
#1253 = VECTOR ( 'NONE', #1812, 1000.000000000000000 ) ;
#1254 = CARTESIAN_POINT ( 'NONE',  ( 13.91354715801897868, 0.000000000000000000, 23.61179387238010108 ) ) ;
#1255 = ORIENTED_EDGE ( 'NONE', *, *, #180, .T. ) ;
#1256 = LINE ( 'NONE', #2745, #3182 ) ;
#1257 = DIRECTION ( 'NONE',  ( -0.000000000000000000, 1.000000000000000000, -0.000000000000000000 ) ) ;
#1258 = EDGE_CURVE ( 'NONE', #1094, #1091, #2389, .T. ) ;
#1259 = DIRECTION ( 'NONE',  ( 0.000000000000000000, 0.000000000000000000, -1.000000000000000000 ) ) ;
#1260 = EDGE_LOOP ( 'NONE', ( #1465, #1439, #2098, #686 ) ) ;
#1261 = ADVANCED_FACE ( 'NONE', ( #1611 ), #1880, .F. ) ;
#1262 = CARTESIAN_POINT ( 'NONE',  ( -18.09432498179505089, 3.549999999999928324, 9.091639206061131517 ) ) ;
#1263 = DIRECTION ( 'NONE',  ( 0.000000000000000000, 0.000000000000000000, -1.000000000000000000 ) ) ;
#1264 = AXIS2_PLACEMENT_3D ( 'NONE', #828, #2348, #89 ) ;
#1265 = EDGE_LOOP ( 'NONE', ( #3147, #2974, #2971 ) ) ;
#1266 = LINE ( 'NONE', #1204, #508 ) ;
#1267 =( LENGTH_UNIT ( ) NAMED_UNIT ( * ) SI_UNIT ( .MILLI., .METRE. ) );
#1268 = ORIENTED_EDGE ( 'NONE', *, *, #2654, .F. ) ;
#1269 = EDGE_CURVE ( 'NONE', #1482, #197, #3130, .T. ) ;
#1270 = LINE ( 'NONE', #1509, #618 ) ;
#1271 = ORIENTED_EDGE ( 'NONE', *, *, #981, .F. ) ;
#1272 = CIRCLE ( 'NONE', #1484, 22.50000000000000355 ) ;
#1273 = CARTESIAN_POINT ( 'NONE',  ( 0.000000000000000000, 9.799999999999926104, 0.000000000000000000 ) ) ;
#1274 = DIRECTION ( 'NONE',  ( -0.01524583128163091092, 0.000000000000000000, -0.9998837755602058008 ) ) ;
#1275 = CARTESIAN_POINT ( 'NONE',  ( -9.999999999999996447, 3.799999999999903455, -26.15564437074638349 ) ) ;
#1276 = DIRECTION ( 'NONE',  ( 0.000000000000000000, -0.000000000000000000, -1.000000000000000000 ) ) ;
#1277 = ORIENTED_EDGE ( 'NONE', *, *, #1400, .F. ) ;
#1278 = AXIS2_PLACEMENT_3D ( 'NONE', #248, #1247, #1263 ) ;
#1279 = CIRCLE ( 'NONE', #684, 1.999999999999998224 ) ;
#1280 = CARTESIAN_POINT ( 'NONE',  ( -13.51061806840691659, 10.15000000000000568, 13.92900658377336853 ) ) ;
#1281 = DIRECTION ( 'NONE',  ( 0.6962441674134027814, 0.000000000000000000, -0.7178050287806693186 ) ) ;
#1282 = VECTOR ( 'NONE', #2025, 999.9999999999998863 ) ;
#1283 = ORIENTED_EDGE ( 'NONE', *, *, #1386, .T. ) ;
#1284 = LINE ( 'NONE', #312, #3169 ) ;
#1285 = CARTESIAN_POINT ( 'NONE',  ( 12.50000000000000533, -1.474000000000069033, 26.15564437074637993 ) ) ;
#1286 = ORIENTED_EDGE ( 'NONE', *, *, #1950, .T. ) ;
#1287 = DIRECTION ( 'NONE',  ( 0.000000000000000000, 0.000000000000000000, 1.000000000000000000 ) ) ;
#1288 = ORIENTED_EDGE ( 'NONE', *, *, #539, .T. ) ;
#1289 = VECTOR ( 'NONE', #2959, 1000.000000000000000 ) ;
#1290 = ADVANCED_FACE ( 'NONE', ( #625 ), #2638, .T. ) ;
#1291 = LINE ( 'NONE', #800, #2550 ) ;
#1292 = DIRECTION ( 'NONE',  ( -1.000000000000000000, 0.000000000000000000, 0.000000000000000000 ) ) ;
#1293 = LINE ( 'NONE', #788, #270 ) ;
#1294 = EDGE_LOOP ( 'NONE', ( #830, #1311, #3253, #3162 ) ) ;
#1295 = CARTESIAN_POINT ( 'NONE',  ( 7.797594443048664559, -1.450000000000069234, 19.86998445578315398 ) ) ;
#1296 = ADVANCED_FACE ( 'NONE', ( #2849 ), #1321, .F. ) ;
#1297 = CARTESIAN_POINT ( 'NONE',  ( 7.028104268508625019, 74.98961030678925965, 19.30009385063694438 ) ) ;
#1298 = PLANE ( 'NONE',  #3083 ) ;
#1299 = ORIENTED_EDGE ( 'NONE', *, *, #3158, .F. ) ;
#1300 = CARTESIAN_POINT ( 'NONE',  ( 0.000000000000000000, 10.15000000000000036, 0.000000000000000000 ) ) ;
#1301 = ORIENTED_EDGE ( 'NONE', *, *, #2654, .T. ) ;
#1302 = CARTESIAN_POINT ( 'NONE',  ( -12.49999999999999645, 3.799999999999903455, -26.15564437074638349 ) ) ;
#1303 = ORIENTED_EDGE ( 'NONE', *, *, #30, .F. ) ;
#1304 = DIRECTION ( 'NONE',  ( 1.000000000000000000, 0.000000000000000000, 0.000000000000000000 ) ) ;
#1305 = CIRCLE ( 'NONE', #106, 18.18499999999999517 ) ;
#1306 = PLANE ( 'NONE',  #307 ) ;
#1307 = DIRECTION ( 'NONE',  ( -0.7178050287815238573, 0.000000000000000000, -0.6962441674125219304 ) ) ;
#1308 = ORIENTED_EDGE ( 'NONE', *, *, #3125, .T. ) ;
#1309 = CARTESIAN_POINT ( 'NONE',  ( -10.00000000000000355, 0.000000000000000000, 3.367091399734825783E-15 ) ) ;
#1310 = DIRECTION ( 'NONE',  ( 1.000000000000000000, 0.000000000000000000, 0.000000000000000000 ) ) ;
#1311 = ORIENTED_EDGE ( 'NONE', *, *, #2309, .T. ) ;
#1312 = CARTESIAN_POINT ( 'NONE',  ( 12.59048283055166451, 11.25000000000000000, 14.89059240237217452 ) ) ;
#1313 = ORIENTED_EDGE ( 'NONE', *, *, #2431, .F. ) ;
#1314 = CARTESIAN_POINT ( 'NONE',  ( -17.42416479728412071, 0.04999999999992857380, 8.754911828058867584 ) ) ;
#1315 = AXIS2_PLACEMENT_3D ( 'NONE', #583, #2332, #2810 ) ;
#1316 = EDGE_CURVE ( 'NONE', #3234, #699, #3109, .T. ) ;
#1317 = ORIENTED_EDGE ( 'NONE', *, *, #2562, .F. ) ;
#1318 = VECTOR ( 'NONE', #658, 1000.000000000000000 ) ;
#1319 = DIRECTION ( 'NONE',  ( 0.000000000000000000, 0.000000000000000000, 1.000000000000000000 ) ) ;
#1320 = EDGE_LOOP ( 'NONE', ( #93, #2968, #2048, #2724, #260 ) ) ;
#1321 = PLANE ( 'NONE',  #2155 ) ;
#1322 = DIRECTION ( 'NONE',  ( 0.000000000000000000, 0.000000000000000000, -1.000000000000000000 ) ) ;
#1323 = VECTOR ( 'NONE', #1894, 1000.000000000000000 ) ;
#1324 = ORIENTED_EDGE ( 'NONE', *, *, #1241, .T. ) ;
#1325 = DIRECTION ( 'NONE',  ( -0.3215164798707810800, 0.000000000000000000, -0.9469039830793308798 ) ) ;
#1326 = AXIS2_PLACEMENT_3D ( 'NONE', #2488, #1783, #1292 ) ;
#1327 = PRODUCT_DEFINITION_FORMATION_WITH_SPECIFIED_SOURCE ( 'ANY', '', #1916, .NOT_KNOWN. ) ;
#1328 = CARTESIAN_POINT ( 'NONE',  ( 15.78417040773772051, 9.799999999999926104, -18.26476238673711094 ) ) ;
#1329 = CARTESIAN_POINT ( 'NONE',  ( 7.535780628892249311, 0.000000000000000000, 20.52829426940657598 ) ) ;
#1330 = EDGE_LOOP ( 'NONE', ( #374, #521, #1222, #434 ) ) ;
#1331 = AXIS2_PLACEMENT_3D ( 'NONE', #890, #1097, #857 ) ;
#1332 = CARTESIAN_POINT ( 'NONE',  ( -12.49012541698515477, 10.03565453020360287, 14.91884648169093985 ) ) ;
#1333 = LINE ( 'NONE', #91, #2136 ) ;
#1334 = ORIENTED_EDGE ( 'NONE', *, *, #862, .T. ) ;
#1335 = DIRECTION ( 'NONE',  ( 0.000000000000000000, 1.000000000000000000, 0.000000000000000000 ) ) ;
#1336 = ORIENTED_EDGE ( 'NONE', *, *, #523, .F. ) ;
#1337 = EDGE_CURVE ( 'NONE', #1591, #1859, #2528, .T. ) ;
#1338 = MECHANICAL_DESIGN_GEOMETRIC_PRESENTATION_REPRESENTATION (  '', ( #505 ), #766 ) ;
#1339 = AXIS2_PLACEMENT_3D ( 'NONE', #1071, #1551, #333 ) ;
#1340 = DIRECTION ( 'NONE',  ( 0.000000000000000000, -1.000000000000000000, 0.000000000000000000 ) ) ;
#1341 = EDGE_CURVE ( 'NONE', #501, #2195, #1196, .T. ) ;
#1342 = DIRECTION ( 'NONE',  ( 0.000000000000000000, 1.000000000000000000, 0.000000000000000000 ) ) ;
#1343 = ORIENTED_EDGE ( 'NONE', *, *, #2702, .F. ) ;
#1344 = DIRECTION ( 'NONE',  ( 0.000000000000000000, -1.000000000000000000, 0.000000000000000000 ) ) ;
#1345 = AXIS2_PLACEMENT_3D ( 'NONE', #2657, #3164, #1664 ) ;
#1346 = CARTESIAN_POINT ( 'NONE',  ( 0.000000000000000000, 3.799999999999900790, 26.15564437074637993 ) ) ;
#1347 = CARTESIAN_POINT ( 'NONE',  ( -18.30566896791331644, 3.549999999999928324, -8.658232131167169499 ) ) ;
#1348 = CARTESIAN_POINT ( 'NONE',  ( 7.028104268508625019, 11.25999999999997847, 19.30009385063694438 ) ) ;
#1349 = ORIENTED_EDGE ( 'NONE', *, *, #2343, .F. ) ;
#1350 = LINE ( 'NONE', #1789, #1582 ) ;
#1351 = DIRECTION ( 'NONE',  ( 0.000000000000000000, 1.000000000000000000, -0.000000000000000000 ) ) ;
#1352 = ORIENTED_EDGE ( 'NONE', *, *, #2626, .T. ) ;
#1353 = ORIENTED_EDGE ( 'NONE', *, *, #304, .T. ) ;
#1354 = VERTEX_POINT ( 'NONE', #175 ) ;
#1355 = CARTESIAN_POINT ( 'NONE',  ( 13.41246787328881851, 5.992388155425061314, -23.96325621532124117 ) ) ;
#1356 = CARTESIAN_POINT ( 'NONE',  ( 13.91354715801901065, 0.000000000000000000, 3.546807208414176046E-15 ) ) ;
#1357 = VERTEX_POINT ( 'NONE', #637 ) ;
#1358 = EDGE_CURVE ( 'NONE', #2568, #318, #144, .T. ) ;
#1359 = DIRECTION ( 'NONE',  ( -1.000000000000000000, 0.000000000000000000, -2.891205793294676354E-16 ) ) ;
#1360 = EDGE_CURVE ( 'NONE', #1007, #3175, #2913, .T. ) ;
#1361 = CARTESIAN_POINT ( 'NONE',  ( 12.59048283055160766, 9.900000000000035882, 14.89059240237222070 ) ) ;
#1362 = CYLINDRICAL_SURFACE ( 'NONE', #498, 3.149999999999901323 ) ;
#1363 = CARTESIAN_POINT ( 'NONE',  ( -19.72453493802065339, 2.799999999999927880, 4.583145369590927665 ) ) ;
#1364 = EDGE_CURVE ( 'NONE', #1731, #812, #1571, .T. ) ;
#1365 = ORIENTED_EDGE ( 'NONE', *, *, #2226, .F. ) ;
#1366 = DIRECTION ( 'NONE',  ( 0.000000000000000000, 0.000000000000000000, 1.000000000000000000 ) ) ;
#1367 = CARTESIAN_POINT ( 'NONE',  ( 0.000000000000000000, 11.37499999999996803, 0.000000000000000000 ) ) ;
#1368 = CARTESIAN_POINT ( 'NONE',  ( 8.286763934086796013, 11.34999999999997300, 18.39646920218777026 ) ) ;
#1369 = VERTEX_POINT ( 'NONE', #689 ) ;
#1370 = AXIS2_PLACEMENT_3D ( 'NONE', #2159, #385, #2417 ) ;
#1371 = EDGE_CURVE ( 'NONE', #1503, #2375, #1410, .T. ) ;
#1372 = VERTEX_POINT ( 'NONE', #1441 ) ;
#1373 = EDGE_LOOP ( 'NONE', ( #1299, #899, #2421, #700 ) ) ;
#1374 = AXIS2_PLACEMENT_3D ( 'NONE', #2509, #2273, #2254 ) ;
#1375 = CARTESIAN_POINT ( 'NONE',  ( 8.107012747381947548, 11.25000000000000000, 19.09197697396391646 ) ) ;
#1376 = DIRECTION ( 'NONE',  ( -1.000000000000000000, -0.000000000000000000, 8.673617379884034486E-16 ) ) ;
#1377 = CARTESIAN_POINT ( 'NONE',  ( -21.89901060341049543, 0.7999999999999279909, -5.165591407739766439 ) ) ;
#1378 = PLANE ( 'NONE',  #797 ) ;
#1379 = LINE ( 'NONE', #2549, #1070 ) ;
#1380 = AXIS2_PLACEMENT_3D ( 'NONE', #1367, #3172, #1134 ) ;
#1381 = CARTESIAN_POINT ( 'NONE',  ( -12.49999999999999645, -2.352679656440426204, 26.15564437074638349 ) ) ;
#1382 = AXIS2_PLACEMENT_3D ( 'NONE', #2410, #395, #2441 ) ;
#1383 = EDGE_CURVE ( 'NONE', #2101, #1409, #1647, .T. ) ;
#1384 = CARTESIAN_POINT ( 'NONE',  ( 9.999999999999994671, -2.974000000000072141, 20.15564437074638349 ) ) ;
#1385 = DIRECTION ( 'NONE',  ( -2.044391222244493920E-16, 0.7071067811865487940, 0.7071067811865463515 ) ) ;
#1386 = EDGE_CURVE ( 'NONE', #424, #1607, #902, .T. ) ;
#1387 = CARTESIAN_POINT ( 'NONE',  ( -13.34552499462046704, 11.34999999999997300, 5.879247809647602629 ) ) ;
#1388 = CIRCLE ( 'NONE', #1816, 19.50000000000000355 ) ;
#1389 = DIRECTION ( 'NONE',  ( 0.6962441673994337332, 0.000000000000000000, -0.7178050287942189245 ) ) ;
#1391 = ORIENTED_EDGE ( 'NONE', *, *, #2608, .T. ) ;
#1390 = EDGE_CURVE ( 'NONE', #2927, #2306, #2425, .T. ) ;
#1392 = VERTEX_POINT ( 'NONE', #3201 ) ;
#1393 = EDGE_LOOP ( 'NONE', ( #1720, #548, #2141, #1693 ) ) ;
#1394 = DIRECTION ( 'NONE',  ( -0.000000000000000000, 1.000000000000000000, -0.000000000000000000 ) ) ;
#1395 = CARTESIAN_POINT ( 'NONE',  ( -19.97438003572289134, 3.549999999999928324, -3.329660972008262387 ) ) ;
#1396 = DIRECTION ( 'NONE',  ( -1.000000000000000000, -0.000000000000000000, 0.000000000000000000 ) ) ;
#1397 = VECTOR ( 'NONE', #8, 1000.000000000000000 ) ;
#1398 = VECTOR ( 'NONE', #1688, 1000.000000000000000 ) ;
#1399 = LINE ( 'NONE', #1445, #3028 ) ;
#1400 = EDGE_CURVE ( 'NONE', #1626, #1917, #2352, .T. ) ;
#1401 = CARTESIAN_POINT ( 'NONE',  ( -12.13064373467851098, 11.26792076695913458, 15.26753033671124626 ) ) ;
#1402 = AXIS2_PLACEMENT_3D ( 'NONE', #2910, #1121, #946 ) ;
#1403 = CARTESIAN_POINT ( 'NONE',  ( 13.91354715801897868, -2.974000000000072141, 23.61179387238010108 ) ) ;
#1404 = FACE_OUTER_BOUND ( 'NONE', #1320, .T. ) ;
#1405 = FACE_OUTER_BOUND ( 'NONE', #1294, .T. ) ;
#1406 = CARTESIAN_POINT ( 'NONE',  ( 0.000000000000000000, 11.34999999999997300, 0.000000000000000000 ) ) ;
#1407 = VERTEX_POINT ( 'NONE', #439 ) ;
#1408 = VERTEX_POINT ( 'NONE', #884 ) ;
#1409 = VERTEX_POINT ( 'NONE', #2728 ) ;
#1410 = LINE ( 'NONE', #2930, #991 ) ;
#1411 = DIRECTION ( 'NONE',  ( 0.000000000000000000, -1.000000000000000000, 0.000000000000000000 ) ) ;
#1412 = CARTESIAN_POINT ( 'NONE',  ( 13.62228356734529200, 11.34999999999997122, 13.82683949465077689 ) ) ;
#1413 = ORIENTED_EDGE ( 'NONE', *, *, #2562, .T. ) ;
#1414 = TOROIDAL_SURFACE ( 'NONE', #2103, 19.41000000000000369, 0.08999999999999999667 ) ;
#1415 = CARTESIAN_POINT ( 'NONE',  ( -20.28561557374407442, -2.974000000000072141, -9.459337892425100591 ) ) ;
#1416 = CARTESIAN_POINT ( 'NONE',  ( 9.999999999999994671, 9.799999999999926104, 20.15564437074637993 ) ) ;
#1417 = CARTESIAN_POINT ( 'NONE',  ( 0.000000000000000000, 9.799999999999926104, 0.000000000000000000 ) ) ;
#1418 = ORIENTED_EDGE ( 'NONE', *, *, #1053, .T. ) ;
#1419 = FACE_OUTER_BOUND ( 'NONE', #2477, .T. ) ;
#1420 = EDGE_LOOP ( 'NONE', ( #702, #1690, #1738, #2337, #1679, #1960, #2796 ) ) ;
#1421 = EDGE_LOOP ( 'NONE', ( #1105, #1953, #1155, #128 ) ) ;
#1422 = EDGE_CURVE ( 'NONE', #1806, #1189, #2463, .T. ) ;
#1423 = VERTEX_POINT ( 'NONE', #1207 ) ;
#1424 = ORIENTED_EDGE ( 'NONE', *, *, #1182, .T. ) ;
#1425 = DIRECTION ( 'NONE',  ( 0.000000000000000000, 1.000000000000000000, -0.000000000000000000 ) ) ;
#1426 = DIRECTION ( 'NONE',  ( -0.000000000000000000, -1.000000000000000000, 0.000000000000000000 ) ) ;
#1427 = CIRCLE ( 'NONE', #1315, 19.50000000000000355 ) ;
#1428 = EDGE_CURVE ( 'NONE', #356, #501, #1030, .T. ) ;
#1429 = CARTESIAN_POINT ( 'NONE',  ( 0.000000000000000000, 0.7999999999999279909, 0.000000000000000000 ) ) ;
#1430 = CARTESIAN_POINT ( 'NONE',  ( -13.34552499462046704, 11.25999999999997314, 5.879247809647602629 ) ) ;
#1431 = LINE ( 'NONE', #1673, #2380 ) ;
#1432 = EDGE_CURVE ( 'NONE', #1917, #1626, #404, .T. ) ;
#1433 = AXIS2_PLACEMENT_3D ( 'NONE', #1614, #823, #2561 ) ;
#1434 = FACE_OUTER_BOUND ( 'NONE', #3211, .T. ) ;
#1435 = AXIS2_PLACEMENT_3D ( 'NONE', #2131, #667, #2690 ) ;
#1436 = ORIENTED_EDGE ( 'NONE', *, *, #1689, .F. ) ;
#1437 = LINE ( 'NONE', #389, #1289 ) ;
#1438 = ORIENTED_EDGE ( 'NONE', *, *, #58, .F. ) ;
#1439 = ORIENTED_EDGE ( 'NONE', *, *, #2552, .T. ) ;
#1440 = ORIENTED_EDGE ( 'NONE', *, *, #306, .T. ) ;
#1441 = CARTESIAN_POINT ( 'NONE',  ( -7.731562756698255434, 11.34999999999997300, 18.62259114042260677 ) ) ;
#1442 = VECTOR ( 'NONE', #786, 1000.000000000000000 ) ;
#1443 = DIRECTION ( 'NONE',  ( 0.000000000000000000, -1.000000000000000000, 0.000000000000000000 ) ) ;
#1444 = ADVANCED_FACE ( 'NONE', ( #2680 ), #1680, .F. ) ;
#1445 = CARTESIAN_POINT ( 'NONE',  ( -2.745402229934452673E-14, 0.04999999999992814359, 1.646945678633283094E-13 ) ) ;
#1446 = ORIENTED_EDGE ( 'NONE', *, *, #247, .F. ) ;
#1447 = EDGE_CURVE ( 'NONE', #1929, #2470, #703, .T. ) ;
#1448 = AXIS2_PLACEMENT_3D ( 'NONE', #2718, #447, #2510 ) ;
#1449 = CARTESIAN_POINT ( 'NONE',  ( 13.12429721057666399, -2.974000000000072141, 24.65564437074637638 ) ) ;
#1450 = CIRCLE ( 'NONE', #85, 22.50000000000000355 ) ;
#1451 = CARTESIAN_POINT ( 'NONE',  ( 0.000000000000000000, 10.15000000000000568, -19.40500000002931458 ) ) ;
#1452 = ORIENTED_EDGE ( 'NONE', *, *, #1447, .T. ) ;
#1453 = FACE_BOUND ( 'NONE', #1779, .T. ) ;
#1454 = ORIENTED_EDGE ( 'NONE', *, *, #161, .T. ) ;
#1455 = VERTEX_POINT ( 'NONE', #656 ) ;
#1456 = ORIENTED_EDGE ( 'NONE', *, *, #1358, .F. ) ;
#1457 = DIRECTION ( 'NONE',  ( -3.523657060577998668E-15, 0.000000000000000000, -1.000000000000000000 ) ) ;
#1458 = CARTESIAN_POINT ( 'NONE',  ( 9.999999999999994671, 8.632336374617832320, 20.15564437074637993 ) ) ;
#1459 = EDGE_CURVE ( 'NONE', #1563, #43, #2788, .T. ) ;
#1460 = CARTESIAN_POINT ( 'NONE',  ( -9.999999999999994671, 8.632336374617832320, -20.15564437074637993 ) ) ;
#1461 = ORIENTED_EDGE ( 'NONE', *, *, #3257, .F. ) ;
#1462 = PLANE ( 'NONE',  #117 ) ;
#1463 = ADVANCED_FACE ( 'NONE', ( #922 ), #3229, .F. ) ;
#1464 = ORIENTED_EDGE ( 'NONE', *, *, #2683, .T. ) ;
#1465 = ORIENTED_EDGE ( 'NONE', *, *, #2671, .F. ) ;
#1466 = DIRECTION ( 'NONE',  ( -0.9064578082128001979, 0.000000000000000000, 0.4222963910928513864 ) ) ;
#1467 = VERTEX_POINT ( 'NONE', #2813 ) ;
#1468 = DIRECTION ( 'NONE',  ( 0.9151325121668179019, 0.000000000000000000, -0.4031531783023034055 ) ) ;
#1469 = ORIENTED_EDGE ( 'NONE', *, *, #2226, .T. ) ;
#1470 = CARTESIAN_POINT ( 'NONE',  ( 0.000000000000000000, 9.799999999999926104, 0.000000000000000000 ) ) ;
#1471 = CARTESIAN_POINT ( 'NONE',  ( 12.50000000000000533, -1.474000000000069033, 26.15564437074637993 ) ) ;
#1472 = EDGE_CURVE ( 'NONE', #45, #1202, #978, .T. ) ;
#1473 = DIRECTION ( 'NONE',  ( 0.6962441674134134395, 0.000000000000000000, -0.7178050287806589935 ) ) ;
#1474 = CARTESIAN_POINT ( 'NONE',  ( 0.000000000000000000, 11.37499999999996803, 0.000000000000000000 ) ) ;
#1475 = EDGE_CURVE ( 'NONE', #1904, #1788, #767, .T. ) ;
#1476 = ORIENTED_EDGE ( 'NONE', *, *, #1364, .F. ) ;
#1477 = CIRCLE ( 'NONE', #2817, 19.40900744143347012 ) ;
#1478 = DIRECTION ( 'NONE',  ( -0.000000000000000000, -1.000000000000000000, 0.000000000000000000 ) ) ;
#1479 = AXIS2_PLACEMENT_3D ( 'NONE', #3114, #1376, #2914 ) ;
#1480 = DIRECTION ( 'NONE',  ( 0.1803039946937170235, -0.000000000000000000, 0.9836109340066773177 ) ) ;
#1481 = EDGE_CURVE ( 'NONE', #2386, #2203, #1615, .T. ) ;
#1482 = VERTEX_POINT ( 'NONE', #783 ) ;
#1483 = EDGE_CURVE ( 'NONE', #2363, #466, #1793, .T. ) ;
#1484 = AXIS2_PLACEMENT_3D ( 'NONE', #1681, #2641, #2698 ) ;
#1485 = CARTESIAN_POINT ( 'NONE',  ( 13.41246787328880252, 5.992388155425024010, 23.96325621532126604 ) ) ;
#1486 = ORIENTED_EDGE ( 'NONE', *, *, #3227, .F. ) ;
#1487 = CARTESIAN_POINT ( 'NONE',  ( -13.01546112591378446, 11.34999999999997833, 14.40929039250804067 ) ) ;
#1488 = VECTOR ( 'NONE', #3157, 1000.000000000000000 ) ;
#1489 = CIRCLE ( 'NONE', #1010, 19.50000000000000355 ) ;
#1490 = ORIENTED_EDGE ( 'NONE', *, *, #2219, .F. ) ;
#1491 = EDGE_CURVE ( 'NONE', #1189, #3112, #1270, .T. ) ;
#1492 = DIRECTION ( 'NONE',  ( 0.000000000000000000, -1.000000000000000000, 0.000000000000000000 ) ) ;
#1493 = EDGE_LOOP ( 'NONE', ( #643, #576, #1303, #2029, #3179, #1100, #765 ) ) ;
#1494 = DIRECTION ( 'NONE',  ( 0.000000000000000000, 0.000000000000000000, -1.000000000000000000 ) ) ;
#1495 = DIRECTION ( 'NONE',  ( 0.000000000000000000, 0.000000000000000000, -1.000000000000000000 ) ) ;
#1496 = ORIENTED_EDGE ( 'NONE', *, *, #886, .F. ) ;
#1497 = EDGE_CURVE ( 'NONE', #1112, #1175, #13, .T. ) ;
#1498 = DIRECTION ( 'NONE',  ( -0.6962441674134027814, 0.000000000000000000, 0.7178050287806693186 ) ) ;
#1499 = CARTESIAN_POINT ( 'NONE',  ( 9.999999999999998224, 9.799999999999929656, 20.15564437074637638 ) ) ;
#1500 = FACE_OUTER_BOUND ( 'NONE', #1687, .T. ) ;
#1501 = TOROIDAL_SURFACE ( 'NONE', #1667, 19.41000000000000369, 0.08999999999999999667 ) ;
#1502 = EDGE_CURVE ( 'NONE', #466, #1922, #334, .T. ) ;
#1503 = VERTEX_POINT ( 'NONE', #2743 ) ;
#1504 = CIRCLE ( 'NONE', #3141, 3.149999999999826716 ) ;
#1505 = CARTESIAN_POINT ( 'NONE',  ( 5.218048215738235740E-12, 11.57499999999997264, -2.220446049250313081E-12 ) ) ;
#1506 = CARTESIAN_POINT ( 'NONE',  ( 9.999999999999982236, 0.000000000000000000, -6.941268273093088503E-15 ) ) ;
#1507 = CIRCLE ( 'NONE', #87, 19.50000000000000355 ) ;
#1508 = ORIENTED_EDGE ( 'NONE', *, *, #1712, .F. ) ;
#1509 = CARTESIAN_POINT ( 'NONE',  ( 8.107012747381949325, 11.25000000000000000, 19.09197697396391646 ) ) ;
#1510 = ORIENTED_EDGE ( 'NONE', *, *, #2915, .T. ) ;
#1511 = CARTESIAN_POINT ( 'NONE',  ( 11.15802247752154663, 11.25000000000000000, 19.53838617673230615 ) ) ;
#1512 = DIRECTION ( 'NONE',  ( 0.000000000000000000, 0.000000000000000000, -1.000000000000000000 ) ) ;
#1513 = CARTESIAN_POINT ( 'NONE',  ( 0.000000000000000000, 36.38267500856138525, 0.000000000000000000 ) ) ;
#1514 = PLANE ( 'NONE',  #2011 ) ;
#1515 = EDGE_CURVE ( 'NONE', #1808, #2353, #3039, .T. ) ;
#1516 = CARTESIAN_POINT ( 'NONE',  ( -7.514312779280692745, 11.28794464922849627, 19.32794149271433071 ) ) ;
#1517 = DIRECTION ( 'NONE',  ( 0.000000000000000000, -0.000000000000000000, 1.000000000000000000 ) ) ;
#1518 = ORIENTED_EDGE ( 'NONE', *, *, #2431, .T. ) ;
#1519 = B_SPLINE_CURVE_WITH_KNOTS ( 'NONE', 3,
 ( #22, #499, #39, #739, #547, #1549, #791, #516, #2311, #2789, #2255, #565, #3076, #2013, #1020, #1516, #1052, #294, #5 ),
 .UNSPECIFIED., .F., .F.,
 ( 4, 3, 3, 3, 3, 3, 4 ),
 ( -2.204428597463215525E-06, 0.000000000000000000, 2.757941218287852827E-05, 5.930895885210299775E-05, 8.868894791335248193E-05, 0.0001171094177910574259, 0.0001455936606797417503 ),
 .UNSPECIFIED. ) ;
#1520 = FACE_OUTER_BOUND ( 'NONE', #2993, .T. ) ;
#1521 = SURFACE_SIDE_STYLE ('',( #520 ) ) ;
#1522 = ORIENTED_EDGE ( 'NONE', *, *, #1386, .F. ) ;
#1523 = CIRCLE ( 'NONE', #3159, 3.149999999999824940 ) ;
#1524 = DIRECTION ( 'NONE',  ( 0.9064578082128001979, 0.000000000000000000, -0.4222963910928513309 ) ) ;
#1525 = DIRECTION ( 'NONE',  ( 0.000000000000000000, -1.000000000000000000, 0.000000000000000000 ) ) ;
#1526 = FACE_BOUND ( 'NONE', #35, .T. ) ;
#1527 = DIRECTION ( 'NONE',  ( 0.9998837755602059119, 0.000000000000000000, -0.01524583128162637288 ) ) ;
#1528 = CYLINDRICAL_SURFACE ( 'NONE', #2164, 19.50000000000000355 ) ;
#1529 = CYLINDRICAL_SURFACE ( 'NONE', #1645, 18.18499999999999517 ) ;
#1530 = CARTESIAN_POINT ( 'NONE',  ( 0.000000000000000000, 11.34999999999997122, 0.000000000000000000 ) ) ;
#1531 = CIRCLE ( 'NONE', #2220, 3.089999999999998970 ) ;
#1532 = ORIENTED_EDGE ( 'NONE', *, *, #266, .T. ) ;
#1533 = ADVANCED_FACE ( 'NONE', ( #1537 ), #746, .F. ) ;
#1534 = FACE_OUTER_BOUND ( 'NONE', #2727, .T. ) ;
#1535 = DIRECTION ( 'NONE',  ( 0.000000000000000000, 0.000000000000000000, 1.000000000000000000 ) ) ;
#1536 = ORIENTED_EDGE ( 'NONE', *, *, #646, .F. ) ;
#1537 = FACE_OUTER_BOUND ( 'NONE', #155, .T. ) ;
#1538 = EDGE_LOOP ( 'NONE', ( #1678, #2216, #2495, #2856 ) ) ;
#1539 = VECTOR ( 'NONE', #1888, 1000.000000000000000 ) ;
#1540 = CIRCLE ( 'NONE', #1167, 3.059999999999826858 ) ;
#1541 = DIRECTION ( 'NONE',  ( 0.9998837755602060229, -0.000000000000000000, -0.01524583128162817873 ) ) ;
#1542 = DIRECTION ( 'NONE',  ( -0.000000000000000000, 1.000000000000000000, -0.000000000000000000 ) ) ;
#1543 = DIRECTION ( 'NONE',  ( 0.000000000000000000, 0.000000000000000000, -1.000000000000000000 ) ) ;
#1544 = CARTESIAN_POINT ( 'NONE',  ( 0.000000000000000000, 10.15000000000000036, 0.000000000000000000 ) ) ;
#1545 = ORIENTED_EDGE ( 'NONE', *, *, #461, .T. ) ;
#1546 = DIRECTION ( 'NONE',  ( 2.891205793294679411E-15, 0.000000000000000000, 1.000000000000000000 ) ) ;
#1547 = AXIS2_PLACEMENT_3D ( 'NONE', #2775, #1988, #2480 ) ;
#1548 = CARTESIAN_POINT ( 'NONE',  ( 8.089716688610208095, 11.32033636782361619, 19.07443454169306918 ) ) ;
#1549 = CARTESIAN_POINT ( 'NONE',  ( -7.465087687625355350, 11.34840570171810015, 19.27428959120706153 ) ) ;
#1550 = ORIENTED_EDGE ( 'NONE', *, *, #314, .F. ) ;
#1551 = DIRECTION ( 'NONE',  ( -0.1644277023214038014, 0.000000000000000000, 0.9863891375665609917 ) ) ;
#1552 = ORIENTED_EDGE ( 'NONE', *, *, #2010, .F. ) ;
#1553 = DIRECTION ( 'NONE',  ( -0.6962441674134129954, 0.000000000000000000, 0.7178050287806594376 ) ) ;
#1554 = ORIENTED_EDGE ( 'NONE', *, *, #781, .F. ) ;
#1555 = AXIS2_PLACEMENT_3D ( 'NONE', #317, #1102, #1319 ) ;
#1556 =( NAMED_UNIT ( * ) SI_UNIT ( $, .STERADIAN. ) SOLID_ANGLE_UNIT ( ) );
#1557 = DIRECTION ( 'NONE',  ( 0.000000000000000000, -1.000000000000000000, 0.000000000000000000 ) ) ;
#1558 = CARTESIAN_POINT ( 'NONE',  ( 7.535780628892249311, 11.25000000000000000, 20.52829426940657598 ) ) ;
#1559 = EDGE_LOOP ( 'NONE', ( #2884, #2554, #647, #3077 ) ) ;
#1560 = CARTESIAN_POINT ( 'NONE',  ( -14.67436674234446592, 8.462944526683497060, -21.49269984406280543 ) ) ;
#1561 = CARTESIAN_POINT ( 'NONE',  ( 8.084543450269407572, 11.32708656599981545, 19.06917766263901726 ) ) ;
#1562 = DIRECTION ( 'NONE',  ( 0.000000000000000000, 0.000000000000000000, -1.000000000000000000 ) ) ;
#1563 = VERTEX_POINT ( 'NONE', #992 ) ;
#1564 = ADVANCED_FACE ( 'NONE', ( #2553 ), #1759, .F. ) ;
#1565 = CARTESIAN_POINT ( 'NONE',  ( 0.000000000000000000, -2.974000000000072141, -22.50000000000000355 ) ) ;
#1566 = ORIENTED_EDGE ( 'NONE', *, *, #1447, .F. ) ;
#1567 = EDGE_CURVE ( 'NONE', #2306, #318, #242, .T. ) ;
#1568 = CARTESIAN_POINT ( 'NONE',  ( 17.66185827230568250, 16.20240590103955114, -13.75323846970671937 ) ) ;
#1569 = ORIENTED_EDGE ( 'NONE', *, *, #2668, .F. ) ;
#1570 = CARTESIAN_POINT ( 'NONE',  ( 0.2944732312038638722, 11.25999999999997847, 19.31275512489393620 ) ) ;
#1571 = CIRCLE ( 'NONE', #2427, 0.09000000000000024647 ) ;
#1572 = CARTESIAN_POINT ( 'NONE',  ( -19.91812141363523025, 0.04999999999992814359, 3.651155892547749637 ) ) ;
#1573 = CARTESIAN_POINT ( 'NONE',  ( -8.712419260641539154, 36.38267500856138525, 18.65273767788722736 ) ) ;
#1574 = ORIENTED_EDGE ( 'NONE', *, *, #1428, .F. ) ;
#1575 = PLANE ( 'NONE',  #228 ) ;
#1576 = EDGE_CURVE ( 'NONE', #1922, #2601, #1223, .T. ) ;
#1577 = CARTESIAN_POINT ( 'NONE',  ( -6.484437924835757983, 11.25999999999997847, 16.35576158573464767 ) ) ;
#1578 = DIRECTION ( 'NONE',  ( -0.000000000000000000, -1.000000000000000000, -0.000000000000000000 ) ) ;
#1579 = EDGE_LOOP ( 'NONE', ( #504, #1469, #1324, #1103 ) ) ;
#1580 = CYLINDRICAL_SURFACE ( 'NONE', #2710, 22.50000000000000355 ) ;
#1581 = EDGE_CURVE ( 'NONE', #55, #3176, #3007, .T. ) ;
#1582 = VECTOR ( 'NONE', #282, 1000.000000000000114 ) ;
#1583 = EDGE_CURVE ( 'NONE', #1990, #2779, #1741, .T. ) ;
#1584 = VECTOR ( 'NONE', #546, 1000.000000000000000 ) ;
#1585 = CARTESIAN_POINT ( 'NONE',  ( -6.437785681113966874, 11.34999999999997300, 19.41540593894872657 ) ) ;
#1586 = EDGE_LOOP ( 'NONE', ( #889, #2372, #1301, #1940 ) ) ;
#1587 =( NAMED_UNIT ( * ) PLANE_ANGLE_UNIT ( ) SI_UNIT ( $, .RADIAN. ) );
#1588 = CARTESIAN_POINT ( 'NONE',  ( -7.517602003331536054, 74.98961030678925965, 19.33150888463367778 ) ) ;
#1589 = DIRECTION ( 'NONE',  ( 0.000000000000000000, 1.000000000000000000, -0.000000000000000000 ) ) ;
#1590 = CIRCLE ( 'NONE', #2933, 0.1999999999999987899 ) ;
#1591 = VERTEX_POINT ( 'NONE', #2004 ) ;
#1592 = CARTESIAN_POINT ( 'NONE',  ( 2.755455298081545172E-15, 9.824999999999972644, 22.50000000000000355 ) ) ;
#1593 = AXIS2_PLACEMENT_3D ( 'NONE', #954, #1198, #413 ) ;
#1594 = AXIS2_PLACEMENT_3D ( 'NONE', #705, #2250, #3249 ) ;
#1595 = CARTESIAN_POINT ( 'NONE',  ( 17.23832272926866693, 9.799999999999926104, -14.77086805989614327 ) ) ;
#1596 = EDGE_CURVE ( 'NONE', #2101, #1369, #2500, .T. ) ;
#1597 = LINE ( 'NONE', #364, #2667 ) ;
#1598 = LINE ( 'NONE', #2112, #2498 ) ;
#1599 = VERTEX_POINT ( 'NONE', #3263 ) ;
#1600 = DIRECTION ( 'NONE',  ( 0.000000000000000000, -0.000000000000000000, -1.000000000000000000 ) ) ;
#1601 = VECTOR ( 'NONE', #493, 1000.000000000000000 ) ;
#1602 = ADVANCED_FACE ( 'NONE', ( #2519 ), #255, .T. ) ;
#1603 = DIRECTION ( 'NONE',  ( -0.3695524189464526876, 0.000000000000000000, 0.9292098846067154971 ) ) ;
#1604 = EDGE_LOOP ( 'NONE', ( #815, #1826, #445, #2070 ) ) ;
#1605 = DIRECTION ( 'NONE',  ( 0.000000000000000000, 0.000000000000000000, 1.000000000000000000 ) ) ;
#1606 = EDGE_CURVE ( 'NONE', #2533, #3209, #1507, .T. ) ;
#1607 = VERTEX_POINT ( 'NONE', #2116 ) ;
#1608 = AXIS2_PLACEMENT_3D ( 'NONE', #1430, #971, #480 ) ;
#1609 = EDGE_LOOP ( 'NONE', ( #1228, #235, #1522, #1550 ) ) ;
#1610 = AXIS2_PLACEMENT_3D ( 'NONE', #726, #1986, #987 ) ;
#1611 = FACE_OUTER_BOUND ( 'NONE', #2880, .T. ) ;
#1612 = DIRECTION ( 'NONE',  ( -0.9998837755602059119, 0.000000000000000000, 0.01524583128162817700 ) ) ;
#1613 = ORIENTED_EDGE ( 'NONE', *, *, #1689, .T. ) ;
#1614 = CARTESIAN_POINT ( 'NONE',  ( 6.980079899971487478, 11.25999999999997847, 16.15045995762239528 ) ) ;
#1615 = CIRCLE ( 'NONE', #2679, 22.50000000000000355 ) ;
#1616 = DIRECTION ( 'NONE',  ( 0.000000000000000000, 0.000000000000000000, -1.000000000000000000 ) ) ;
#1617 = CARTESIAN_POINT ( 'NONE',  ( 0.000000000000000000, 9.824999999999972644, -22.50000000000000355 ) ) ;
#1618 = DIRECTION ( 'NONE',  ( 0.3842467840676229707, 0.000000000000000000, 0.9232304202817893657 ) ) ;
#1619 = ORIENTED_EDGE ( 'NONE', *, *, #545, .F. ) ;
#1620 = CARTESIAN_POINT ( 'NONE',  ( 13.04306982025041250, -2.974000000000072141, 14.49580386401778931 ) ) ;
#1621 = EDGE_CURVE ( 'NONE', #2201, #1723, #355, .T. ) ;
#1622 = EDGE_CURVE ( 'NONE', #2685, #1034, #44, .T. ) ;
#1623 = DIRECTION ( 'NONE',  ( -2.891205793294676354E-16, 0.000000000000000000, -1.000000000000000000 ) ) ;
#1624 = ORIENTED_EDGE ( 'NONE', *, *, #826, .T. ) ;
#1625 = ORIENTED_EDGE ( 'NONE', *, *, #316, .T. ) ;
#1626 = VERTEX_POINT ( 'NONE', #864 ) ;
#1627 = DIRECTION ( 'NONE',  ( -0.000000000000000000, -1.000000000000000000, -0.000000000000000000 ) ) ;
#1628 = CARTESIAN_POINT ( 'NONE',  ( -10.00000000000000355, 9.799999999999926104, 2.891205793294677044E-15 ) ) ;
#1629 = ADVANCED_FACE ( 'NONE', ( #2831 ), #621, .T. ) ;
#1630 = FACE_OUTER_BOUND ( 'NONE', #741, .T. ) ;
#1631 = DIRECTION ( 'NONE',  ( -0.000000000000000000, -1.000000000000000000, -0.000000000000000000 ) ) ;
#1632 = ORIENTED_EDGE ( 'NONE', *, *, #1239, .F. ) ;
#1633 = DIRECTION ( 'NONE',  ( -1.000000000000000000, 0.000000000000000000, 0.000000000000000000 ) ) ;
#1634 = CARTESIAN_POINT ( 'NONE',  ( -18.55232424079347453, 3.549999999999928324, 8.116265475233481297 ) ) ;
#1635 = EDGE_CURVE ( 'NONE', #1740, #2501, #1984, .T. ) ;
#1636 = CARTESIAN_POINT ( 'NONE',  ( -9.151412590054562202, 11.25999999999997314, 17.21922319985983307 ) ) ;
#1637 = DIRECTION ( 'NONE',  ( 0.000000000000000000, 0.000000000000000000, -1.000000000000000000 ) ) ;
#1638 = CARTESIAN_POINT ( 'NONE',  ( -17.62768122836097362, 3.549999999999928324, -8.337556867049867648 ) ) ;
#1639 = CARTESIAN_POINT ( 'NONE',  ( 10.00000000000000533, -2.974000000000072141, 24.65564437074637993 ) ) ;
#1640 = ORIENTED_EDGE ( 'NONE', *, *, #2578, .F. ) ;
#1641 = CIRCLE ( 'NONE', #740, 20.25000000000000355 ) ;
#1642 = DIRECTION ( 'NONE',  ( 0.000000000000000000, 1.000000000000000000, -0.000000000000000000 ) ) ;
#1643 = ORIENTED_EDGE ( 'NONE', *, *, #262, .F. ) ;
#1644 = VERTEX_POINT ( 'NONE', #1044 ) ;
#1645 = AXIS2_PLACEMENT_3D ( 'NONE', #1818, #1051, #279 ) ;
#1646 = EDGE_CURVE ( 'NONE', #682, #1210, #1823, .T. ) ;
#1647 = LINE ( 'NONE', #2697, #1842 ) ;
#1648 = FACE_OUTER_BOUND ( 'NONE', #2917, .T. ) ;
#1649 = DIRECTION ( 'NONE',  ( 0.000000000000000000, -1.000000000000000000, 0.000000000000000000 ) ) ;
#1650 = CARTESIAN_POINT ( 'NONE',  ( 0.000000000000000000, -3.200000000000072564, 14.77086805989612905 ) ) ;
#1651 = VERTEX_POINT ( 'NONE', #1302 ) ;
#1652 = DIRECTION ( 'NONE',  ( 0.000000000000000000, 0.000000000000000000, 1.000000000000000000 ) ) ;
#1653 = CIRCLE ( 'NONE', #1593, 19.50000000000000355 ) ;
#1654 = DIRECTION ( 'NONE',  ( -0.000000000000000000, 1.000000000000000000, -0.000000000000000000 ) ) ;
#1655 = AXIS2_PLACEMENT_3D ( 'NONE', #345, #1359, #1110 ) ;
#1656 = CYLINDRICAL_SURFACE ( 'NONE', #1232, 2.000000000000001776 ) ;
#1657 = DIRECTION ( 'NONE',  ( 0.000000000000000000, -1.000000000000000000, 0.000000000000000000 ) ) ;
#1658 = DIRECTION ( 'NONE',  ( -0.8935469126812358720, 0.000000000000000000, 0.4489698373363534833 ) ) ;
#1659 = CIRCLE ( 'NONE', #2986, 20.25000000000000355 ) ;
#1660 = CARTESIAN_POINT ( 'NONE',  ( 8.038092722406085855, 11.34999999999997300, 19.02173299715788346 ) ) ;
#1661 = ORIENTED_EDGE ( 'NONE', *, *, #906, .T. ) ;
#1662 = VERTEX_POINT ( 'NONE', #2893 ) ;
#1663 = ORIENTED_EDGE ( 'NONE', *, *, #2935, .T. ) ;
#1664 = DIRECTION ( 'NONE',  ( 0.9292098846067159412, 0.000000000000000000, 0.3695524189464516884 ) ) ;
#1665 = DIRECTION ( 'NONE',  ( -0.9292098846067154971, 0.000000000000000000, -0.3695524189464526876 ) ) ;
#1666 = CARTESIAN_POINT ( 'NONE',  ( 13.62228356734529200, 11.34999999999997122, 13.82683949465077689 ) ) ;
#1667 = AXIS2_PLACEMENT_3D ( 'NONE', #881, #1642, #2002 ) ;
#1668 = CARTESIAN_POINT ( 'NONE',  ( -14.30311806478001735, 9.542965284016277749, -17.38422785931917858 ) ) ;
#1669 = ORIENTED_EDGE ( 'NONE', *, *, #1383, .T. ) ;
#1670 = AXIS2_PLACEMENT_3D ( 'NONE', #285, #2221, #473 ) ;
#1671 = DIRECTION ( 'NONE',  ( 0.000000000000000000, 0.000000000000000000, -1.000000000000000000 ) ) ;
#1672 = ADVANCED_FACE ( 'NONE', ( #2089 ), #2730, .F. ) ;
#1673 = CARTESIAN_POINT ( 'NONE',  ( -12.59505669002710349, 36.38267500856138525, 14.88672384962533002 ) ) ;
#1674 = FACE_OUTER_BOUND ( 'NONE', #1393, .T. ) ;
#1675 = ORIENTED_EDGE ( 'NONE', *, *, #314, .T. ) ;
#1676 = ORIENTED_EDGE ( 'NONE', *, *, #1459, .F. ) ;
#1677 = EDGE_CURVE ( 'NONE', #323, #1372, #1078, .T. ) ;
#1678 = ORIENTED_EDGE ( 'NONE', *, *, #1726, .T. ) ;
#1679 = ORIENTED_EDGE ( 'NONE', *, *, #2785, .T. ) ;
#1680 = CYLINDRICAL_SURFACE ( 'NONE', #1345, 0.09000000000000031586 ) ;
#1681 = CARTESIAN_POINT ( 'NONE',  ( 0.000000000000000000, -2.974000000000072141, 0.000000000000000000 ) ) ;
#1682 = PLANE ( 'NONE',  #1065 ) ;
#1683 = ORIENTED_EDGE ( 'NONE', *, *, #1743, .T. ) ;
#1684 = DIRECTION ( 'NONE',  ( -0.000000000000000000, 1.000000000000000000, -0.000000000000000000 ) ) ;
#1685 = DIRECTION ( 'NONE',  ( -1.000000000000000000, 0.000000000000000000, -0.000000000000000000 ) ) ;
#1686 = FACE_OUTER_BOUND ( 'NONE', #1604, .T. ) ;
#1687 = EDGE_LOOP ( 'NONE', ( #2632, #3222, #2388, #2466 ) ) ;
#1688 = DIRECTION ( 'NONE',  ( 0.6962441674134134395, 0.000000000000000000, -0.7178050287806589935 ) ) ;
#1689 = EDGE_CURVE ( 'NONE', #1644, #3062, #553, .T. ) ;
#1690 = ORIENTED_EDGE ( 'NONE', *, *, #2668, .T. ) ;
#1691 = ORIENTED_EDGE ( 'NONE', *, *, #1497, .T. ) ;
#1692 = EDGE_CURVE ( 'NONE', #551, #708, #846, .T. ) ;
#1693 = ORIENTED_EDGE ( 'NONE', *, *, #1241, .F. ) ;
#1694 = DIRECTION ( 'NONE',  ( -0.9039836527364590868, 0.000000000000000000, -0.4275670188230717428 ) ) ;
#1695 = CARTESIAN_POINT ( 'NONE',  ( 9.999999999999982236, -2.974000000000072141, 8.673617379884018117E-15 ) ) ;
#1696 = EDGE_CURVE ( 'NONE', #1808, #3243, #1450, .T. ) ;
#1697 = VECTOR ( 'NONE', #620, 1000.000000000000000 ) ;
#1698 = CARTESIAN_POINT ( 'NONE',  ( 12.61123346958437175, 11.28287131276712429, 14.86919917030614435 ) ) ;
#1699 = ORIENTED_EDGE ( 'NONE', *, *, #2874, .T. ) ;
#1700 = DIRECTION ( 'NONE',  ( -0.000000000000000000, -1.000000000000000000, -0.000000000000000000 ) ) ;
#1701 = CARTESIAN_POINT ( 'NONE',  ( 11.15802247752154663, 11.34999999999997300, 19.53838617673230615 ) ) ;
#1702 = AXIS2_PLACEMENT_3D ( 'NONE', #1511, #1525, #2535 ) ;
#1703 = VERTEX_POINT ( 'NONE', #2846 ) ;
#1704 = DIRECTION ( 'NONE',  ( 0.000000000000000000, 0.000000000000000000, 1.000000000000000000 ) ) ;
#1705 = ORIENTED_EDGE ( 'NONE', *, *, #3134, .T. ) ;
#1706 = ORIENTED_EDGE ( 'NONE', *, *, #862, .F. ) ;
#1707 = LINE ( 'NONE', #988, #84 ) ;
#1708 = CIRCLE ( 'NONE', #813, 19.40500000002931458 ) ;
#1709 = ORIENTED_EDGE ( 'NONE', *, *, #2543, .F. ) ;
#1710 = EDGE_CURVE ( 'NONE', #598, #1192, #584, .T. ) ;
#1711 = CARTESIAN_POINT ( 'NONE',  ( 12.59048283055160766, 74.98961030678925965, 14.89059240237222070 ) ) ;
#1712 = EDGE_CURVE ( 'NONE', #2837, #96, #107, .T. ) ;
#1713 = LINE ( 'NONE', #2729, #2020 ) ;
#1714 = ADVANCED_FACE ( 'NONE', ( #3110, #2572 ), #570, .F. ) ;
#1715 = CARTESIAN_POINT ( 'NONE',  ( 12.59649775869600852, 11.27288767458297158, 14.88439120763066903 ) ) ;
#1716 = ORIENTED_EDGE ( 'NONE', *, *, #58, .T. ) ;
#1717 = LINE ( 'NONE', #1499, #3193 ) ;
#1718 = AXIS2_PLACEMENT_3D ( 'NONE', #124, #406, #154 ) ;
#1719 = CARTESIAN_POINT ( 'NONE',  ( 0.000000000000000000, 9.824999999999972644, 0.000000000000000000 ) ) ;
#1720 = ORIENTED_EDGE ( 'NONE', *, *, #1120, .T. ) ;
#1721 = EDGE_CURVE ( 'NONE', #3262, #708, #2336, .T. ) ;
#1722 = DIRECTION ( 'NONE',  ( 0.000000000000000000, -1.000000000000000000, 0.000000000000000000 ) ) ;
#1723 = VERTEX_POINT ( 'NONE', #1585 ) ;
#1724 = DIRECTION ( 'NONE',  ( -0.000000000000000000, -1.000000000000000000, -0.000000000000000000 ) ) ;
#1725 = ORIENTED_EDGE ( 'NONE', *, *, #897, .F. ) ;
#1726 = EDGE_CURVE ( 'NONE', #2135, #3080, #1333, .T. ) ;
#1727 = DIRECTION ( 'NONE',  ( 0.000000000000000000, 0.000000000000000000, -1.000000000000000000 ) ) ;
#1728 = DIRECTION ( 'NONE',  ( -0.000000000000000000, -1.000000000000000000, -0.000000000000000000 ) ) ;
#1729 = DIRECTION ( 'NONE',  ( -0.000000000000000000, 1.000000000000000000, -0.000000000000000000 ) ) ;
#1730 = ADVANCED_FACE ( 'NONE', ( #2673 ), #1920, .F. ) ;
#1731 = VERTEX_POINT ( 'NONE', #1903 ) ;
#1732 = EDGE_CURVE ( 'NONE', #96, #1245, #1136, .T. ) ;
#1733 = CARTESIAN_POINT ( 'NONE',  ( -6.484437924835757983, 11.25999999999997847, 19.50576158573447572 ) ) ;
#1734 = VECTOR ( 'NONE', #787, 1000.000000000000000 ) ;
#1735 = EDGE_CURVE ( 'NONE', #3032, #244, #976, .T. ) ;
#1736 = ORIENTED_EDGE ( 'NONE', *, *, #438, .T. ) ;
#1737 = CARTESIAN_POINT ( 'NONE',  ( 0.000000000000000000, 10.15000000000000036, 0.000000000000000000 ) ) ;
#1738 = ORIENTED_EDGE ( 'NONE', *, *, #801, .F. ) ;
#1739 = CARTESIAN_POINT ( 'NONE',  ( -20.63924026080315599, 0.7999999999999275468, -8.959450957332267151 ) ) ;
#1740 = VERTEX_POINT ( 'NONE', #433 ) ;
#1741 = LINE ( 'NONE', #2757, #3049 ) ;
#1742 = CARTESIAN_POINT ( 'NONE',  ( 8.370392823701402918, 11.25999999999997314, 18.42972891989294837 ) ) ;
#1743 = EDGE_CURVE ( 'NONE', #590, #2571, #1879, .T. ) ;
#1744 = CARTESIAN_POINT ( 'NONE',  ( 0.000000000000000000, 2.799999999999927880, 0.000000000000000000 ) ) ;
#1745 = LINE ( 'NONE', #2, #1895 ) ;
#1746 = ORIENTED_EDGE ( 'NONE', *, *, #2401, .F. ) ;
#1747 = VECTOR ( 'NONE', #2210, 1000.000000000000000 ) ;
#1748 = CIRCLE ( 'NONE', #167, 19.50000000000000355 ) ;
#1749 = DIRECTION ( 'NONE',  ( 0.000000000000000000, 0.000000000000000000, -1.000000000000000000 ) ) ;
#1750 = DIRECTION ( 'NONE',  ( -6.133173666733481761E-16, 0.7071067811865489050, -0.7071067811865461294 ) ) ;
#1751 = PLANE ( 'NONE',  #1762 ) ;
#1752 = DIRECTION ( 'NONE',  ( 0.000000000000000000, 1.000000000000000000, 0.000000000000000000 ) ) ;
#1753 = ORIENTED_EDGE ( 'NONE', *, *, #1172, .T. ) ;
#1754 = CIRCLE ( 'NONE', #1382, 3.199999999999848743 ) ;
#1755 = DIRECTION ( 'NONE',  ( 0.000000000000000000, 0.000000000000000000, 1.000000000000000000 ) ) ;
#1756 = CARTESIAN_POINT ( 'NONE',  ( -9.999999999999994671, 8.632336374617837649, 20.15564437074637993 ) ) ;
#1757 = CIRCLE ( 'NONE', #331, 19.50000000000000355 ) ;
#1758 = ORIENTED_EDGE ( 'NONE', *, *, #2253, .T. ) ;
#1759 = PLANE ( 'NONE',  #1670 ) ;
#1760 = ORIENTED_EDGE ( 'NONE', *, *, #1383, .F. ) ;
#1761 = CARTESIAN_POINT ( 'NONE',  ( 8.370392823701402918, 11.25000000000000000, 18.42972891989294837 ) ) ;
#1762 = AXIS2_PLACEMENT_3D ( 'NONE', #52, #1820, #2841 ) ;
#1763 = DIRECTION ( 'NONE',  ( 0.000000000000000000, 0.000000000000000000, -1.000000000000000000 ) ) ;
#1764 = PLANE ( 'NONE',  #1945 ) ;
#1765 = EDGE_CURVE ( 'NONE', #2230, #1175, #3160, .T. ) ;
#1766 = VECTOR ( 'NONE', #1618, 1000.000000000000114 ) ;
#1767 = ORIENTED_EDGE ( 'NONE', *, *, #983, .F. ) ;
#1768 = CARTESIAN_POINT ( 'NONE',  ( 8.046074937566986662, 11.34978929803812697, 19.02991909402351922 ) ) ;
#1769 = CARTESIAN_POINT ( 'NONE',  ( 17.23832272926867404, 9.799999999999926104, 14.77086805989612905 ) ) ;
#1770 = EDGE_CURVE ( 'NONE', #1938, #1407, #3047, .T. ) ;
#1771 = CARTESIAN_POINT ( 'NONE',  ( 13.80180808780507640, 6.927856569956250432, 23.02778780079004406 ) ) ;
#1772 = VERTEX_POINT ( 'NONE', #2402 ) ;
#1773 = AXIS2_PLACEMENT_3D ( 'NONE', #698, #2453, #1704 ) ;
#1774 = ORIENTED_EDGE ( 'NONE', *, *, #1770, .T. ) ;
#1775 =( BOUNDED_CURVE ( )  B_SPLINE_CURVE ( 3, ( #648, #2688, #665, #930 ),
 .UNSPECIFIED., .F., .F. ) 
 B_SPLINE_CURVE_WITH_KNOTS ( ( 4, 4 ),
 ( 3.141592653589791784, 4.712388980384687009 ),
 .UNSPECIFIED. ) 
 CURVE ( )  GEOMETRIC_REPRESENTATION_ITEM ( )  RATIONAL_B_SPLINE_CURVE ( ( 1.000000000000000000, 0.8047378541243652705, 0.8047378541243652705, 1.000000000000000000 ) ) 
 REPRESENTATION_ITEM ( '' )  );
#1776 = DIRECTION ( 'NONE',  ( 0.000000000000000000, 0.000000000000000000, -1.000000000000000000 ) ) ;
#1777 = FILL_AREA_STYLE_COLOUR ( '', #2191 ) ;
#1778 = VECTOR ( 'NONE', #271, 1000.000000000000000 ) ;
#1779 = EDGE_LOOP ( 'NONE', ( #1277, #2058 ) ) ;
#1780 = CARTESIAN_POINT ( 'NONE',  ( 13.47224489787239854, 11.34999999999997300, 5.357993681648109963 ) ) ;
#1781 = LINE ( 'NONE', #509, #2176 ) ;
#1782 = DIRECTION ( 'NONE',  ( 0.000000000000000000, 0.000000000000000000, -1.000000000000000000 ) ) ;
#1783 = DIRECTION ( 'NONE',  ( 0.000000000000000000, 0.7071067811865486830, -0.7071067811865464625 ) ) ;
#1784 = DIRECTION ( 'NONE',  ( 0.000000000000000000, 0.000000000000000000, 1.000000000000000000 ) ) ;
#1785 = ADVANCED_FACE ( 'NONE', ( #2132 ), #934, .T. ) ;
#1786 = CARTESIAN_POINT ( 'NONE',  ( 8.058773507624344745, 11.34584151687858267, 19.04290603758918365 ) ) ;
#1787 = CYLINDRICAL_SURFACE ( 'NONE', #2555, 17.98499999999503274 ) ;
#1788 = VERTEX_POINT ( 'NONE', #1660 ) ;
#1789 = CARTESIAN_POINT ( 'NONE',  ( 19.93310100931617868, 9.799999999999926104, 8.296119572172537815 ) ) ;
#1790 = CARTESIAN_POINT ( 'NONE',  ( -12.13666103145721387, 11.27271529481763501, 15.26169378274794575 ) ) ;
#1791 = ORIENTED_EDGE ( 'NONE', *, *, #3104, .F. ) ;
#1792 = AXIS2_PLACEMENT_3D ( 'NONE', #2587, #3113, #2373 ) ;
#1793 = LINE ( 'NONE', #2262, #1778 ) ;
#1794 = ORIENTED_EDGE ( 'NONE', *, *, #1371, .F. ) ;
#1795 = CARTESIAN_POINT ( 'NONE',  ( 5.220250743006501471E-12, 11.57499999999997264, -17.98499999999725318 ) ) ;
#1796 = FACE_OUTER_BOUND ( 'NONE', #2065, .T. ) ;
#1797 = CARTESIAN_POINT ( 'NONE',  ( -6.437785681113966874, 11.25999999999997314, 19.41540593894872657 ) ) ;
#1798 = ORIENTED_EDGE ( 'NONE', *, *, #568, .F. ) ;
#1799 = DIRECTION ( 'NONE',  ( 0.000000000000000000, -1.000000000000000000, 0.000000000000000000 ) ) ;
#1800 = VERTEX_POINT ( 'NONE', #1951 ) ;
#1801 = AXIS2_PLACEMENT_3D ( 'NONE', #2130, #877, #1637 ) ;
#1802 = DIRECTION ( 'NONE',  ( 1.000000000000000000, -0.000000000000000000, -0.000000000000000000 ) ) ;
#1803 = CIRCLE ( 'NONE', #324, 19.50000000000000355 ) ;
#1804 = EDGE_LOOP ( 'NONE', ( #2758, #725, #2331, #290, #619, #2832 ) ) ;
#1805 = DIRECTION ( 'NONE',  ( -1.000000000000000000, -0.000000000000000000, -2.891205793294676354E-16 ) ) ;
#1806 = VERTEX_POINT ( 'NONE', #2147 ) ;
#1807 = CARTESIAN_POINT ( 'NONE',  ( 13.04306982025041606, 11.25000000000000000, 14.49580386401778220 ) ) ;
#1808 = VERTEX_POINT ( 'NONE', #898 ) ;
#1809 = AXIS2_PLACEMENT_3D ( 'NONE', #3251, #1542, #771 ) ;
#1810 = TOROIDAL_SURFACE ( 'NONE', #2493, 3.059999999999825970, 0.08999999999999999667 ) ;
#1811 = CARTESIAN_POINT ( 'NONE',  ( 5.218048215738235740E-12, 11.57499999999997264, 17.98499999999281229 ) ) ;
#1812 = DIRECTION ( 'NONE',  ( -0.000000000000000000, -1.000000000000000000, -0.000000000000000000 ) ) ;
#1813 = CARTESIAN_POINT ( 'NONE',  ( -8.712419260641606655, 11.25000000000000000, 18.65273767788729842 ) ) ;
#1814 = ORIENTED_EDGE ( 'NONE', *, *, #214, .F. ) ;
#1815 = PLANE ( 'NONE',  #2660 ) ;
#1816 = AXIS2_PLACEMENT_3D ( 'NONE', #581, #1654, #2888 ) ;
#1817 = EDGE_CURVE ( 'NONE', #309, #1369, #2840, .T. ) ;
#1818 = CARTESIAN_POINT ( 'NONE',  ( 0.000000000000000000, 75.46461030678925397, 0.000000000000000000 ) ) ;
#1819 = ORIENTED_EDGE ( 'NONE', *, *, #1735, .F. ) ;
#1820 = DIRECTION ( 'NONE',  ( 0.9232304202817894767, 0.000000000000000000, -0.3842467840676229152 ) ) ;
#1821 = ORIENTED_EDGE ( 'NONE', *, *, #247, .T. ) ;
#1822 = CARTESIAN_POINT ( 'NONE',  ( -12.59505669002710349, 36.38267500856138525, 14.88672384962533002 ) ) ;
#1823 = CIRCLE ( 'NONE', #2192, 17.98499999999503274 ) ;
#1824 = ORIENTED_EDGE ( 'NONE', *, *, #1040, .F. ) ;
#1825 = DIRECTION ( 'NONE',  ( 0.000000000000000000, 0.000000000000000000, 1.000000000000000000 ) ) ;
#1826 = ORIENTED_EDGE ( 'NONE', *, *, #1269, .T. ) ;
#1827 = AXIS2_PLACEMENT_3D ( 'NONE', #1956, #2408, #2949 ) ;
#1828 = EDGE_CURVE ( 'NONE', #1245, #2195, #2161, .T. ) ;
#1829 = DIRECTION ( 'NONE',  ( 0.000000000000000000, 0.000000000000000000, -1.000000000000000000 ) ) ;
#1830 = FACE_OUTER_BOUND ( 'NONE', #2368, .T. ) ;
#1831 = VERTEX_POINT ( 'NONE', #669 ) ;
#1832 = FACE_OUTER_BOUND ( 'NONE', #622, .T. ) ;
#1833 = DIRECTION ( 'NONE',  ( 0.000000000000000000, 0.000000000000000000, 1.000000000000000000 ) ) ;
#1834 = ADVANCED_FACE ( 'NONE', ( #1674 ), #1190, .F. ) ;
#1835 = EDGE_CURVE ( 'NONE', #2533, #1034, #2691, .T. ) ;
#1836 = CARTESIAN_POINT ( 'NONE',  ( 0.000000000000000000, 0.7999999999999279909, 0.000000000000000000 ) ) ;
#1837 = ORIENTED_EDGE ( 'NONE', *, *, #30, .T. ) ;
#1838 = FACE_OUTER_BOUND ( 'NONE', #68, .T. ) ;
#1839 = CARTESIAN_POINT ( 'NONE',  ( -15.29784594892997696, 5.992388155425063090, 23.96325621532124117 ) ) ;
#1840 = ORIENTED_EDGE ( 'NONE', *, *, #1835, .T. ) ;
#1841 = DIRECTION ( 'NONE',  ( -0.01524583128162850312, 0.000000000000000000, -0.9998837755602059119 ) ) ;
#1842 = VECTOR ( 'NONE', #2189, 1000.000000000000000 ) ;
#1843 = EDGE_CURVE ( 'NONE', #298, #1938, #1437, .T. ) ;
#1844 = DIRECTION ( 'NONE',  ( -1.000000000000000000, 0.000000000000000000, 0.000000000000000000 ) ) ;
#1845 = FACE_OUTER_BOUND ( 'NONE', #1586, .T. ) ;
#1846 = ORIENTED_EDGE ( 'NONE', *, *, #3006, .F. ) ;
#1847 = DIRECTION ( 'NONE',  ( -0.9469039830793308798, 0.000000000000000000, 0.3215164798707810800 ) ) ;
#1848 = DIRECTION ( 'NONE',  ( 0.000000000000000000, 1.000000000000000000, -0.000000000000000000 ) ) ;
#1849 = CARTESIAN_POINT ( 'NONE',  ( 0.000000000000000000, 3.799999999999928324, 26.15564437074638349 ) ) ;
#1850 = CARTESIAN_POINT ( 'NONE',  ( 13.04306982025041783, 9.900000000000034106, 14.49580386401778220 ) ) ;
#1851 = CARTESIAN_POINT ( 'NONE',  ( -8.712419260641604879, 11.25000000000000000, 18.65273767788729842 ) ) ;
#1852 = ADVANCED_FACE ( 'NONE', ( #1419 ), #633, .T. ) ;
#1853 = DIRECTION ( 'NONE',  ( 0.000000000000000000, -0.000000000000000000, -1.000000000000000000 ) ) ;
#1854 = VECTOR ( 'NONE', #1101, 1000.000000000000000 ) ;
#1855 = CARTESIAN_POINT ( 'NONE',  ( -6.484437924835757983, 11.34999999999997300, 16.35576158573464767 ) ) ;
#1856 = ORIENTED_EDGE ( 'NONE', *, *, #1596, .F. ) ;
#1857 = CARTESIAN_POINT ( 'NONE',  ( -9.999999999999998224, -2.974000000000072141, 20.15564437074637993 ) ) ;
#1858 = ORIENTED_EDGE ( 'NONE', *, *, #277, .F. ) ;
#1859 = VERTEX_POINT ( 'NONE', #2972 ) ;
#1860 = DIRECTION ( 'NONE',  ( 0.000000000000000000, -1.000000000000000000, 0.000000000000000000 ) ) ;
#1861 = CARTESIAN_POINT ( 'NONE',  ( 16.97266793280126862, 9.799999999999926104, 14.77086805989612905 ) ) ;
#1862 = CIRCLE ( 'NONE', #1702, 2.999999999999999112 ) ;
#1863 = ORIENTED_EDGE ( 'NONE', *, *, #3142, .T. ) ;
#1864 = CARTESIAN_POINT ( 'NONE',  ( 13.04306982025041428, 11.25000000000000000, 14.49580386401778398 ) ) ;
#1865 = VECTOR ( 'NONE', #2449, 1000.000000000000000 ) ;
#1866 = AXIS2_PLACEMENT_3D ( 'NONE', #2041, #572, #2834 ) ;
#1867 = EDGE_CURVE ( 'NONE', #88, #2054, #1173, .T. ) ;
#1868 = DIRECTION ( 'NONE',  ( 0.3131456130149706807, -0.6715429342378196331, -0.6715429342378174127 ) ) ;
#1869 = CARTESIAN_POINT ( 'NONE',  ( 0.000000000000000000, -3.200000000000072564, -14.77086805989612905 ) ) ;
#1870 = LINE ( 'NONE', #383, #2287 ) ;
#1871 = VERTEX_POINT ( 'NONE', #1937 ) ;
#1872 = LINE ( 'NONE', #2956, #3019 ) ;
#1873 = AXIS2_PLACEMENT_3D ( 'NONE', #1744, #1, #1494 ) ;
#1874 = DIRECTION ( 'NONE',  ( 0.000000000000000000, 0.000000000000000000, -1.000000000000000000 ) ) ;
#1875 = ORIENTED_EDGE ( 'NONE', *, *, #1194, .F. ) ;
#1876 = ORIENTED_EDGE ( 'NONE', *, *, #3142, .F. ) ;
#1877 = AXIS2_PLACEMENT_3D ( 'NONE', #2491, #1684, #1213 ) ;
#1878 = ORIENTED_EDGE ( 'NONE', *, *, #2536, .T. ) ;
#1879 = CIRCLE ( 'NONE', #2842, 20.25000000000000355 ) ;
#1880 = CYLINDRICAL_SURFACE ( 'NONE', #2807, 3.149999999999826716 ) ;
#1881 = CYLINDRICAL_SURFACE ( 'NONE', #2329, 1.999999999999998224 ) ;
#1882 = LINE ( 'NONE', #611, #2392 ) ;
#1883 = PLANE ( 'NONE',  #329 ) ;
#1884 = CARTESIAN_POINT ( 'NONE',  ( -12.16772739409351445, 11.29010630668981641, 15.23156056701362360 ) ) ;
#1885 = EDGE_CURVE ( 'NONE', #1372, #309, #240, .T. ) ;
#1886 = DIRECTION ( 'NONE',  ( 0.4226182617406970543, 0.000000000000000000, -0.9063077870366511579 ) ) ;
#1887 = CARTESIAN_POINT ( 'NONE',  ( -17.80880838013104750, 9.799999999999926104, -14.77086805989612905 ) ) ;
#1888 = DIRECTION ( 'NONE',  ( -8.673617379884033500E-16, 0.000000000000000000, -1.000000000000000000 ) ) ;
#1889 = DIRECTION ( 'NONE',  ( 0.000000000000000000, 0.000000000000000000, -1.000000000000000000 ) ) ;
#1890 = ORIENTED_EDGE ( 'NONE', *, *, #2016, .F. ) ;
#1891 = ORIENTED_EDGE ( 'NONE', *, *, #1390, .F. ) ;
#1892 = DIRECTION ( 'NONE',  ( -0.000000000000000000, 1.000000000000000000, -0.000000000000000000 ) ) ;
#1893 = DIRECTION ( 'NONE',  ( 1.000000000000000000, 0.000000000000000000, -2.891205793294676354E-16 ) ) ;
#1894 = DIRECTION ( 'NONE',  ( -0.4226182617406970543, 0.000000000000000000, 0.9063077870366511579 ) ) ;
#1895 = VECTOR ( 'NONE', #1527, 1000.000000000000114 ) ;
#1896 = CARTESIAN_POINT ( 'NONE',  ( 13.92900658350942678, 74.98961030678925965, 13.51061806867700099 ) ) ;
#1897 = ORIENTED_EDGE ( 'NONE', *, *, #2565, .F. ) ;
#1898 = LINE ( 'NONE', #2360, #130 ) ;
#1899 = CARTESIAN_POINT ( 'NONE',  ( 17.49999999999999645, -2.974000000000072141, 14.14213562373095634 ) ) ;
#1900 = DIRECTION ( 'NONE',  ( -0.6962441674125090518, 0.000000000000000000, 0.7178050287815362918 ) ) ;
#1901 = CARTESIAN_POINT ( 'NONE',  ( -10.55932221929372083, 11.25000000000000000, 19.86833446137672610 ) ) ;
#1902 = PLANE ( 'NONE',  #1012 ) ;
#1903 = CARTESIAN_POINT ( 'NONE',  ( 9.625654057275255582, 11.34999999999997300, 16.85511447512773842 ) ) ;
#1904 = VERTEX_POINT ( 'NONE', #1368 ) ;
#1905 = AXIS2_PLACEMENT_3D ( 'NONE', #275, #3071, #1276 ) ;
#1906 = EDGE_LOOP ( 'NONE', ( #3198, #2648, #687, #1349 ) ) ;
#1907 = VERTEX_POINT ( 'NONE', #1216 ) ;
#1908 = AXIS2_PLACEMENT_3D ( 'NONE', #1628, #1893, #2659 ) ;
#1909 = CARTESIAN_POINT ( 'NONE',  ( -6.484437924920801066, -2.974000000000072141, 16.35576158578727402 ) ) ;
#1910 = DIRECTION ( 'NONE',  ( 1.000000000000000000, -0.000000000000000000, -0.000000000000000000 ) ) ;
#1911 = LINE ( 'NONE', #1695, #278 ) ;
#1912 = CIRCLE ( 'NONE', #1433, 3.149999999999902656 ) ;
#1913 = CARTESIAN_POINT ( 'NONE',  ( -16.47896793714372876, 9.799999999999924327, -15.33816079115216091 ) ) ;
#1914 = AXIS2_PLACEMENT_3D ( 'NONE', #941, #691, #196 ) ;
#1915 = AXIS2_PLACEMENT_3D ( 'NONE', #241, #3265, #994 ) ;
#1916 = PRODUCT ( 'Watch Body - Velcro', 'Watch Body - Velcro', '', ( #319 ) ) ;
#1917 = VERTEX_POINT ( 'NONE', #2231 ) ;
#1918 = CARTESIAN_POINT ( 'NONE',  ( -4.144302834400548735E-15, 3.549999999999928324, -2.260838196444735364E-14 ) ) ;
#1919 = CARTESIAN_POINT ( 'NONE',  ( 0.000000000000000000, 3.549999999999928324, 0.000000000000000000 ) ) ;
#1920 = PLANE ( 'NONE',  #561 ) ;
#1921 = EDGE_LOOP ( 'NONE', ( #168, #1508, #158, #2676, #912 ) ) ;
#1922 = VERTEX_POINT ( 'NONE', #1485 ) ;
#1923 = ORIENTED_EDGE ( 'NONE', *, *, #2034, .T. ) ;
#1924 = ORIENTED_EDGE ( 'NONE', *, *, #2292, .F. ) ;
#1925 = CARTESIAN_POINT ( 'NONE',  ( 5.218048215738235740E-12, 11.82499999999997264, -2.220446049250313081E-12 ) ) ;
#1926 = CARTESIAN_POINT ( 'NONE',  ( -21.89901060341049543, 2.799999999999927880, -5.165591407739766439 ) ) ;
#1927 = AXIS2_PLACEMENT_3D ( 'NONE', #1505, #714, #502 ) ;
#1928 = CARTESIAN_POINT ( 'NONE',  ( -16.97266793280126862, 9.799999999999926104, -14.77086805989612905 ) ) ;
#1929 = VERTEX_POINT ( 'NONE', #3240 ) ;
#1930 = AXIS2_PLACEMENT_3D ( 'NONE', #1925, #951, #205 ) ;
#1931 = ADVANCED_FACE ( 'NONE', ( #3002, #1453 ), #3052, .T. ) ;
#1932 = DIRECTION ( 'NONE',  ( 1.000000000000000000, 0.000000000000000000, 0.000000000000000000 ) ) ;
#1933 = CARTESIAN_POINT ( 'NONE',  ( -21.89901060341049543, 2.799999999999927880, -5.165591407739766439 ) ) ;
#1934 = EDGE_CURVE ( 'NONE', #173, #103, #1504, .T. ) ;
#1935 = LINE ( 'NONE', #386, #2445 ) ;
#1936 = ORIENTED_EDGE ( 'NONE', *, *, #1732, .T. ) ;
#1937 = CARTESIAN_POINT ( 'NONE',  ( -20.63924026080315599, 2.799999999999927880, -8.959450957332267151 ) ) ;
#1938 = VERTEX_POINT ( 'NONE', #3016 ) ;
#1939 = ORIENTED_EDGE ( 'NONE', *, *, #2538, .F. ) ;
#1940 = ORIENTED_EDGE ( 'NONE', *, *, #1053, .F. ) ;
#1941 = CARTESIAN_POINT ( 'NONE',  ( -2.745402229934452673E-14, 3.549999999999928324, 1.646945678633283094E-13 ) ) ;
#1942 = DIRECTION ( 'NONE',  ( 8.673617379884033500E-16, 0.000000000000000000, -1.000000000000000000 ) ) ;
#1943 = EDGE_CURVE ( 'NONE', #197, #435, #779, .T. ) ;
#1944 = CARTESIAN_POINT ( 'NONE',  ( 12.59048283055160766, 11.25999999999997847, 14.89059240237222070 ) ) ;
#1945 = AXIS2_PLACEMENT_3D ( 'NONE', #494, #2286, #229 ) ;
#1946 = CARTESIAN_POINT ( 'NONE',  ( -4.144302834400548735E-15, 3.549999999999928324, -2.260838196444735364E-14 ) ) ;
#1947 = DIRECTION ( 'NONE',  ( 0.000000000000000000, 0.000000000000000000, -1.000000000000000000 ) ) ;
#1948 = EDGE_CURVE ( 'NONE', #2809, #3228, #2239, .T. ) ;
#1949 = ORIENTED_EDGE ( 'NONE', *, *, #2854, .F. ) ;
#1950 = EDGE_CURVE ( 'NONE', #2162, #2363, #3090, .T. ) ;
#1951 = CARTESIAN_POINT ( 'NONE',  ( -18.62577703540877749, 0.7999999999999279909, -7.946252565029581660 ) ) ;
#1952 = VERTEX_POINT ( 'NONE', #519 ) ;
#1953 = ORIENTED_EDGE ( 'NONE', *, *, #810, .F. ) ;
#1954 = EDGE_CURVE ( 'NONE', #1952, #1831, #3223, .T. ) ;
#1955 = ORIENTED_EDGE ( 'NONE', *, *, #2578, .T. ) ;
#1956 = CARTESIAN_POINT ( 'NONE',  ( 6.980079899971487478, 11.25000000000000000, 16.15045995762239528 ) ) ;
#1957 = DIRECTION ( 'NONE',  ( 0.000000000000000000, 1.000000000000000000, 0.000000000000000000 ) ) ;
#1958 = VECTOR ( 'NONE', #2145, 1000.000000000000000 ) ;
#1959 = FACE_OUTER_BOUND ( 'NONE', #2479, .T. ) ;
#1960 = ORIENTED_EDGE ( 'NONE', *, *, #593, .T. ) ;
#1961 = DIRECTION ( 'NONE',  ( 0.000000000000000000, -0.000000000000000000, -1.000000000000000000 ) ) ;
#1962 = ADVANCED_FACE ( 'NONE', ( #451 ), #3033, .F. ) ;
#1963 = DIRECTION ( 'NONE',  ( 0.000000000000000000, 1.000000000000000000, 0.000000000000000000 ) ) ;
#1964 = DIRECTION ( 'NONE',  ( 0.000000000000000000, 0.000000000000000000, -1.000000000000000000 ) ) ;
#1965 = VECTOR ( 'NONE', #2790, 1000.000000000000000 ) ;
#1966 = AXIS2_PLACEMENT_3D ( 'NONE', #2206, #1649, #3215 ) ;
#1967 = VERTEX_POINT ( 'NONE', #961 ) ;
#1968 = DIRECTION ( 'NONE',  ( -0.9063077870366511579, 0.000000000000000000, 0.4226182617406970543 ) ) ;
#1969 = ORIENTED_EDGE ( 'NONE', *, *, #156, .T. ) ;
#1970 = CARTESIAN_POINT ( 'NONE',  ( -21.86450192966153949, 2.799999999999927880, 5.309760387044498486 ) ) ;
#1971 = AXIS2_PLACEMENT_3D ( 'NONE', #1530, #310, #2328 ) ;
#1972 = ORIENTED_EDGE ( 'NONE', *, *, #1337, .F. ) ;
#1973 = ADVANCED_FACE ( 'NONE', ( #1520 ), #763, .T. ) ;
#1974 = EDGE_CURVE ( 'NONE', #103, #1980, #1235, .T. ) ;
#1975 = DIRECTION ( 'NONE',  ( 0.000000000000000000, -1.000000000000000000, 0.000000000000000000 ) ) ;
#1976 = ORIENTED_EDGE ( 'NONE', *, *, #2186, .F. ) ;
#1977 = ADVANCED_FACE ( 'NONE', ( #1250 ), #2215, .F. ) ;
#1978 = CARTESIAN_POINT ( 'NONE',  ( 12.75859237157255066, -2.974000000000073474, 25.53432402718673444 ) ) ;
#1979 = CARTESIAN_POINT ( 'NONE',  ( 0.000000000000000000, 10.15000000000000036, -19.40900744143347012 ) ) ;
#1980 = VERTEX_POINT ( 'NONE', #7 ) ;
#1981 = ADVANCED_FACE ( 'NONE', ( #468 ), #2478, .T. ) ;
#1982 = CARTESIAN_POINT ( 'NONE',  ( 12.50000000000000533, 3.799999999999928324, -26.15564437074637993 ) ) ;
#1983 = LINE ( 'NONE', #3256, #2403 ) ;
#1984 = CIRCLE ( 'NONE', #874, 3.059999999999826858 ) ;
#1985 = ORIENTED_EDGE ( 'NONE', *, *, #578, .F. ) ;
#1986 = DIRECTION ( 'NONE',  ( 0.000000000000000000, 1.000000000000000000, 0.000000000000000000 ) ) ;
#1987 = EDGE_LOOP ( 'NONE', ( #2199, #1709, #1476, #409 ) ) ;
#1988 = DIRECTION ( 'NONE',  ( 0.3695524189464516884, 0.000000000000000000, -0.9292098846067160522 ) ) ;
#1989 = EDGE_CURVE ( 'NONE', #3243, #2334, #267, .T. ) ;
#1990 = VERTEX_POINT ( 'NONE', #3259 ) ;
#1991 = DIRECTION ( 'NONE',  ( -1.000000000000000000, -0.000000000000000000, -0.000000000000000000 ) ) ;
#1992 = DIRECTION ( 'NONE',  ( -1.000000000000000000, 0.000000000000000000, 0.000000000000000000 ) ) ;
#1993 = DIRECTION ( 'NONE',  ( 0.000000000000000000, 1.000000000000000000, 0.000000000000000000 ) ) ;
#1994 = DIRECTION ( 'NONE',  ( 0.000000000000000000, 0.000000000000000000, -1.000000000000000000 ) ) ;
#1995 = ORIENTED_EDGE ( 'NONE', *, *, #2908, .T. ) ;
#1996 = EDGE_CURVE ( 'NONE', #551, #727, #203, .T. ) ;
#1997 = CARTESIAN_POINT ( 'NONE',  ( 13.92900658350942678, 10.15000000000000568, 13.51061806867700099 ) ) ;
#1998 = FACE_OUTER_BOUND ( 'NONE', #1421, .T. ) ;
#1999 = CIRCLE ( 'NONE', #3216, 22.50000000000000355 ) ;
#2000 = ORIENTED_EDGE ( 'NONE', *, *, #2815, .T. ) ;
#2001 = CARTESIAN_POINT ( 'NONE',  ( 0.000000000000000000, 9.824999999999972644, 20.50000000000000355 ) ) ;
#2002 = DIRECTION ( 'NONE',  ( 0.000000000000000000, 0.000000000000000000, 1.000000000000000000 ) ) ;
#2003 = ORIENTED_EDGE ( 'NONE', *, *, #2661, .T. ) ;
#2004 = CARTESIAN_POINT ( 'NONE',  ( -8.712419260641606655, -2.974000000000072141, 18.65273767788729842 ) ) ;
#2005 = CARTESIAN_POINT ( 'NONE',  ( 13.12429721057666399, -2.974000000000072141, 24.65564437074637638 ) ) ;
#2006 = CARTESIAN_POINT ( 'NONE',  ( 7.026732143693278587, 11.25999999999997314, 19.21010431083652392 ) ) ;
#2007 = PLANE ( 'NONE',  #1326 ) ;
#2008 = ORIENTED_EDGE ( 'NONE', *, *, #904, .F. ) ;
#2009 = CIRCLE ( 'NONE', #1370, 13.00000000000000000 ) ;
#2010 = EDGE_CURVE ( 'NONE', #143, #2347, #1266, .T. ) ;
#2011 = AXIS2_PLACEMENT_3D ( 'NONE', #984, #1799, #1036 ) ;
#2012 = LINE ( 'NONE', #2124, #2064 ) ;
#2013 = CARTESIAN_POINT ( 'NONE',  ( -7.508956501097037162, 11.30529604836629609, 19.32212912049509868 ) ) ;
#2014 = ORIENTED_EDGE ( 'NONE', *, *, #1867, .T. ) ;
#2015 = CIRCLE ( 'NONE', #747, 19.50000000000000355 ) ;
#2016 = EDGE_CURVE ( 'NONE', #1354, #2323, #1022, .T. ) ;
#2017 = DIRECTION ( 'NONE',  ( 2.044391222244501069E-16, -0.7071067811865463515, 0.7071067811865487940 ) ) ;
#2018 = LINE ( 'NONE', #2260, #1397 ) ;
#2019 = AXIS2_PLACEMENT_3D ( 'NONE', #32, #2042, #1763 ) ;
#2020 = VECTOR ( 'NONE', #2265, 1000.000000000000000 ) ;
#2021 = ORIENTED_EDGE ( 'NONE', *, *, #161, .F. ) ;
#2022 = DIRECTION ( 'NONE',  ( -0.000000000000000000, -1.000000000000000000, -0.000000000000000000 ) ) ;
#2023 = ADVANCED_FACE ( 'NONE', ( #2617 ), #2364, .F. ) ;
#2024 = CARTESIAN_POINT ( 'NONE',  ( 10.00000000000000533, 3.799999999999902567, 26.15564437074637993 ) ) ;
#2025 = DIRECTION ( 'NONE',  ( -0.9039836527364590868, 0.000000000000000000, -0.4275670188230717428 ) ) ;
#2026 = DIRECTION ( 'NONE',  ( 0.000000000000000000, 0.000000000000000000, 1.000000000000000000 ) ) ;
#2027 = VECTOR ( 'NONE', #825, 1000.000000000000000 ) ;
#2028 = FACE_OUTER_BOUND ( 'NONE', #3199, .T. ) ;
#2029 = ORIENTED_EDGE ( 'NONE', *, *, #803, .F. ) ;
#2030 = DIRECTION ( 'NONE',  ( 0.000000000000000000, -0.000000000000000000, -1.000000000000000000 ) ) ;
#2031 = VECTOR ( 'NONE', #1700, 1000.000000000000000 ) ;
#2032 = VECTOR ( 'NONE', #1553, 1000.000000000000114 ) ;
#2033 = ORIENTED_EDGE ( 'NONE', *, *, #832, .T. ) ;
#2034 = EDGE_CURVE ( 'NONE', #2533, #1772, #3208, .T. ) ;
#2035 = CARTESIAN_POINT ( 'NONE',  ( 7.797594443048662782, 11.25000000000000000, 19.86998445578315398 ) ) ;
#2036 = DIRECTION ( 'NONE',  ( -0.000000000000000000, -1.000000000000000000, -0.000000000000000000 ) ) ;
#2037 = VERTEX_POINT ( 'NONE', #1565 ) ;
#2038 = B_SPLINE_CURVE_WITH_KNOTS ( 'NONE', 3,
 ( #529, #790, #737, #2823, #1768, #515, #1786, #1229, #2766, #2579, #1561, #1548, #2544, #1018, #2564, #2060, #3048, #3255, #2046 ),
 .UNSPECIFIED., .F., .F.,
 ( 4, 3, 3, 3, 3, 3, 4 ),
 ( -2.199635464132339136E-06, 0.000000000000000000, 2.770809036195513465E-05, 5.944898140172675524E-05, 8.881469844736214155E-05, 0.0001172117761430541095, 0.0001456732871975992250 ),
 .UNSPECIFIED. ) ;
#2039 = DIRECTION ( 'NONE',  ( -0.000000000000000000, -1.000000000000000000, -0.000000000000000000 ) ) ;
#2040 = ORIENTED_EDGE ( 'NONE', *, *, #3134, .F. ) ;
#2041 = CARTESIAN_POINT ( 'NONE',  ( 0.000000000000000000, 10.15000000000000036, 0.000000000000000000 ) ) ;
#2042 = DIRECTION ( 'NONE',  ( -0.000000000000000000, -1.000000000000000000, -0.000000000000000000 ) ) ;
#2043 = CARTESIAN_POINT ( 'NONE',  ( -19.77264843923389748, 2.799999999999927880, -4.370912227265795202 ) ) ;
#2044 = DIRECTION ( 'NONE',  ( -0.000000000000000000, -1.000000000000000000, -0.000000000000000000 ) ) ;
#2045 = ORIENTED_EDGE ( 'NONE', *, *, #2909, .F. ) ;
#2046 = CARTESIAN_POINT ( 'NONE',  ( 8.107012747381945772, 11.25999999999997847, 19.09197697396391646 ) ) ;
#2047 = CARTESIAN_POINT ( 'NONE',  ( 19.93310100931617868, -2.974000000000072141, -8.296119572172537815 ) ) ;
#2048 = ORIENTED_EDGE ( 'NONE', *, *, #2538, .T. ) ;
#2049 = CARTESIAN_POINT ( 'NONE',  ( 0.000000000000000000, 10.15000000000000036, 0.000000000000000000 ) ) ;
#2050 = ADVANCED_FACE ( 'NONE', ( #41 ), #3123, .F. ) ;
#2051 = CARTESIAN_POINT ( 'NONE',  ( -12.17863353862424169, 11.29372456247433121, 15.22098201265174211 ) ) ;
#2052 = ORIENTED_EDGE ( 'NONE', *, *, #405, .T. ) ;
#2053 = DIRECTION ( 'NONE',  ( -1.000000000000000000, 0.000000000000000000, -0.000000000000000000 ) ) ;
#2054 = VERTEX_POINT ( 'NONE', #567 ) ;
#2055 = EDGE_CURVE ( 'NONE', #2568, #2927, #1427, .T. ) ;
#2056 = DIRECTION ( 'NONE',  ( 0.000000000000000000, 1.000000000000000000, -0.000000000000000000 ) ) ;
#2057 = LINE ( 'NONE', #1813, #2384 ) ;
#2058 = ORIENTED_EDGE ( 'NONE', *, *, #1432, .F. ) ;
#2059 = CARTESIAN_POINT ( 'NONE',  ( -16.17957869874080146, 9.799999999999926104, -18.26476238673711450 ) ) ;
#2060 = CARTESIAN_POINT ( 'NONE',  ( 8.103605621920696223, 11.28792383926458953, 19.08852536070794059 ) ) ;
#2061 = CIRCLE ( 'NONE', #1160, 2.999999999999999112 ) ;
#2062 = LINE ( 'NONE', #1001, #3187 ) ;
#2063 = ADVANCED_FACE ( 'NONE', ( #1534 ), #3094, .F. ) ;
#2064 = VECTOR ( 'NONE', #1868, 1000.000000000000114 ) ;
#2065 = EDGE_LOOP ( 'NONE', ( #1939, #3115, #729, #1972 ) ) ;
#2066 = CARTESIAN_POINT ( 'NONE',  ( 0.000000000000000000, 10.00000000000000000, 0.000000000000000000 ) ) ;
#2067 = EDGE_CURVE ( 'NONE', #1467, #2230, #814, .T. ) ;
#2068 = ORIENTED_EDGE ( 'NONE', *, *, #2110, .T. ) ;
#2069 = DIRECTION ( 'NONE',  ( 0.000000000000000000, -1.000000000000000000, 0.000000000000000000 ) ) ;
#2070 = ORIENTED_EDGE ( 'NONE', *, *, #3248, .F. ) ;
#2071 = AXIS2_PLACEMENT_3D ( 'NONE', #208, #428, #181 ) ;
#2072 = VECTOR ( 'NONE', #690, 1000.000000000000000 ) ;
#2073 = CARTESIAN_POINT ( 'NONE',  ( -21.86450192966153949, 0.7999999999999275468, 5.309760387044498486 ) ) ;
#2074 = ADVANCED_FACE ( 'NONE', ( #550 ), #320, .F. ) ;
#2075 = CARTESIAN_POINT ( 'NONE',  ( 11.15802247752154663, 10.15000000000000036, 19.53838617673230615 ) ) ;
#2076 = EDGE_CURVE ( 'NONE', #3209, #2987, #2313, .T. ) ;
#2077 = DIRECTION ( 'NONE',  ( 2.891205793294675861E-16, 0.000000000000000000, 1.000000000000000000 ) ) ;
#2078 = ORIENTED_EDGE ( 'NONE', *, *, #646, .T. ) ;
#2079 = FACE_BOUND ( 'NONE', #2218, .T. ) ;
#2080 = AXIS2_PLACEMENT_3D ( 'NONE', #1869, #1128, #398 ) ;
#2081 = ADVANCED_FACE ( 'NONE', ( #2582 ), #2114, .T. ) ;
#2082 = DIRECTION ( 'NONE',  ( 0.000000000000000000, -1.000000000000000000, 0.000000000000000000 ) ) ;
#2083 = ORIENTED_EDGE ( 'NONE', *, *, #1009, .T. ) ;
#2084 = DIRECTION ( 'NONE',  ( 0.000000000000000000, -1.000000000000000000, 0.000000000000000000 ) ) ;
#2085 = AXIS2_PLACEMENT_3D ( 'NONE', #503, #1251, #3242 ) ;
#2086 = AXIS2_PLACEMENT_3D ( 'NONE', #2259, #1968, #236 ) ;
#2087 = ORIENTED_EDGE ( 'NONE', *, *, #2076, .T. ) ;
#2088 = EDGE_CURVE ( 'NONE', #585, #88, #2828, .T. ) ;
#2089 = FACE_OUTER_BOUND ( 'NONE', #414, .T. ) ;
#2090 = ORIENTED_EDGE ( 'NONE', *, *, #3122, .T. ) ;
#2091 = AXIS2_PLACEMENT_3D ( 'NONE', #488, #224, #2248 ) ;
#2092 = DIRECTION ( 'NONE',  ( 1.000000000000000000, 0.000000000000000000, -8.673617379884034486E-16 ) ) ;
#2093 = CARTESIAN_POINT ( 'NONE',  ( 0.000000000000000000, 11.25999999999997314, 0.000000000000000000 ) ) ;
#2094 = ORIENTED_EDGE ( 'NONE', *, *, #2317, .F. ) ;
#2095 = DIRECTION ( 'NONE',  ( 0.000000000000000000, 1.000000000000000000, 0.000000000000000000 ) ) ;
#2096 = DIRECTION ( 'NONE',  ( -1.000000000000000000, 0.000000000000000000, 0.000000000000000000 ) ) ;
#2097 = DIRECTION ( 'NONE',  ( 0.000000000000000000, 0.000000000000000000, -1.000000000000000000 ) ) ;
#2098 = ORIENTED_EDGE ( 'NONE', *, *, #2253, .F. ) ;
#2099 = CARTESIAN_POINT ( 'NONE',  ( -8.039884573100295029, 11.25000000000000000, 19.15229260200478478 ) ) ;
#2100 = DIRECTION ( 'NONE',  ( -0.000000000000000000, -1.000000000000000000, 0.000000000000000000 ) ) ;
#2101 = VERTEX_POINT ( 'NONE', #601 ) ;
#2102 = EDGE_CURVE ( 'NONE', #466, #2162, #1350, .T. ) ;
#2103 = AXIS2_PLACEMENT_3D ( 'NONE', #3024, #2056, #33 ) ;
#2104 = ORIENTED_EDGE ( 'NONE', *, *, #3235, .T. ) ;
#2105 = CARTESIAN_POINT ( 'NONE',  ( 0.000000000000000000, -2.974000000000072141, 0.000000000000000000 ) ) ;
#2106 = DIRECTION ( 'NONE',  ( 0.000000000000000000, 0.000000000000000000, 1.000000000000000000 ) ) ;
#2107 = ORIENTED_EDGE ( 'NONE', *, *, #97, .T. ) ;
#2108 = DIRECTION ( 'NONE',  ( -8.881784197001252323E-16, 0.000000000000000000, -1.000000000000000000 ) ) ;
#2109 = FACE_OUTER_BOUND ( 'NONE', #1260, .T. ) ;
#2110 = EDGE_CURVE ( 'NONE', #1455, #1990, #1284, .T. ) ;
#2111 = FACE_OUTER_BOUND ( 'NONE', #2238, .T. ) ;
#2112 = CARTESIAN_POINT ( 'NONE',  ( 0.000000000000000000, 10.00000000000000000, -22.50000000000000355 ) ) ;
#2113 = DIRECTION ( 'NONE',  ( 0.8935469126812358720, 0.000000000000000000, -0.4489698373363534833 ) ) ;
#2114 = PLANE ( 'NONE',  #1264 ) ;
#2115 = CIRCLE ( 'NONE', #694, 2.000000000000001776 ) ;
#2116 = CARTESIAN_POINT ( 'NONE',  ( 12.59048283055160766, 11.25999999999997847, 14.89059240237222070 ) ) ;
#2117 = EDGE_LOOP ( 'NONE', ( #2514, #2953, #111, #3082, #1767 ) ) ;
#2118 = VERTEX_POINT ( 'NONE', #2844 ) ;
#2119 = ORIENTED_EDGE ( 'NONE', *, *, #90, .F. ) ;
#2120 = ADVANCED_FACE ( 'NONE', ( #1838 ), #1580, .T. ) ;
#2121 = CARTESIAN_POINT ( 'NONE',  ( 13.15884088326095025, 9.329942888615812890, -18.26568254422244664 ) ) ;
#2122 = AXIS2_PLACEMENT_3D ( 'NONE', #836, #2324, #1546 ) ;
#2123 = CARTESIAN_POINT ( 'NONE',  ( 0.000000000000000000, 0.04999999999992814359, 0.000000000000000000 ) ) ;
#2124 = CARTESIAN_POINT ( 'NONE',  ( -13.79773649881176922, 6.583004902699616245, -23.37263946804667825 ) ) ;
#2125 = ORIENTED_EDGE ( 'NONE', *, *, #1150, .F. ) ;
#2126 = CARTESIAN_POINT ( 'NONE',  ( 12.59048283055160766, 9.900000000000035882, 14.89059240237222070 ) ) ;
#2127 = DIRECTION ( 'NONE',  ( -0.000000000000000000, -1.000000000000000000, -0.000000000000000000 ) ) ;
#2128 = AXIS2_PLACEMENT_3D ( 'NONE', #2806, #3061, #1147 ) ;
#2129 = CARTESIAN_POINT ( 'NONE',  ( -13.54543027701340030, 36.38267500856138525, 13.96489683494791834 ) ) ;
#2130 = CARTESIAN_POINT ( 'NONE',  ( 0.000000000000000000, -2.974000000000072141, 0.000000000000000000 ) ) ;
#2131 = CARTESIAN_POINT ( 'NONE',  ( 0.000000000000000000, 9.799999999999926104, 26.15564437074638349 ) ) ;
#2132 = FACE_OUTER_BOUND ( 'NONE', #2165, .T. ) ;
#2133 = ORIENTED_EDGE ( 'NONE', *, *, #926, .T. ) ;
#2134 = EDGE_LOOP ( 'NONE', ( #1985, #127, #1876, #2865 ) ) ;
#2135 = VERTEX_POINT ( 'NONE', #1314 ) ;
#2136 = VECTOR ( 'NONE', #2876, 1000.000000000000227 ) ;
#2137 = CARTESIAN_POINT ( 'NONE',  ( -9.999999999999994671, 9.799999999999926104, -20.15564437074637993 ) ) ;
#2138 = CARTESIAN_POINT ( 'NONE',  ( -9.012038728212507621, 36.38267500856138525, 20.90012448714078275 ) ) ;
#2139 = LINE ( 'NONE', #2916, #2229 ) ;
#2140 = CARTESIAN_POINT ( 'NONE',  ( -18.30566896791331644, 3.549999999999928324, -8.658232131167169499 ) ) ;
#2141 = ORIENTED_EDGE ( 'NONE', *, *, #2683, .F. ) ;
#2142 = FACE_OUTER_BOUND ( 'NONE', #2847, .T. ) ;
#2143 = DIRECTION ( 'NONE',  ( 0.000000000000000000, 1.000000000000000000, 0.000000000000000000 ) ) ;
#2144 = DIRECTION ( 'NONE',  ( -0.000000000000000000, -1.000000000000000000, -0.000000000000000000 ) ) ;
#2145 = DIRECTION ( 'NONE',  ( 0.000000000000000000, -1.000000000000000000, 0.000000000000000000 ) ) ;
#2146 = LINE ( 'NONE', #1638, #1488 ) ;
#2147 = CARTESIAN_POINT ( 'NONE',  ( 7.028104268508625019, 11.25000000000000000, 19.30009385063694438 ) ) ;
#2148 = ORIENTED_EDGE ( 'NONE', *, *, #79, .F. ) ;
#2149 = ORIENTED_EDGE ( 'NONE', *, *, #1135, .T. ) ;
#2150 = ORIENTED_EDGE ( 'NONE', *, *, #2213, .F. ) ;
#2151 = DIRECTION ( 'NONE',  ( 0.000000000000000000, 1.000000000000000000, 0.000000000000000000 ) ) ;
#2152 = PLANE ( 'NONE',  #3173 ) ;
#2153 = EDGE_CURVE ( 'NONE', #1772, #2607, #1477, .T. ) ;
#2154 = DIRECTION ( 'NONE',  ( 0.000000000000000000, 0.000000000000000000, -1.000000000000000000 ) ) ;
#2155 = AXIS2_PLACEMENT_3D ( 'NONE', #78, #2092, #3099 ) ;
#2156 = CARTESIAN_POINT ( 'NONE',  ( -15.95934561907592197, 9.763086998378504688, -15.87797266882530067 ) ) ;
#2157 = EDGE_LOOP ( 'NONE', ( #2911, #53, #973, #189, #2692 ) ) ;
#2158 = VERTEX_POINT ( 'NONE', #2099 ) ;
#2159 = CARTESIAN_POINT ( 'NONE',  ( -10.00000000000000000, -3.200000000000072564, 14.77086805989614149 ) ) ;
#2160 = EDGE_CURVE ( 'NONE', #3095, #2779, #3108, .T. ) ;
#2161 = LINE ( 'NONE', #916, #1398 ) ;
#2162 = VERTEX_POINT ( 'NONE', #894 ) ;
#2163 = ORIENTED_EDGE ( 'NONE', *, *, #2895, .F. ) ;
#2164 = AXIS2_PLACEMENT_3D ( 'NONE', #1544, #2044, #2540 ) ;
#2165 = EDGE_LOOP ( 'NONE', ( #390, #1157, #2961, #2398 ) ) ;
#2166 = VERTEX_POINT ( 'NONE', #1887 ) ;
#2167 = VECTOR ( 'NONE', #1498, 1000.000000000000114 ) ;
#2168 = DIRECTION ( 'NONE',  ( -1.000000000000000000, -0.000000000000000000, -8.673617379884034486E-16 ) ) ;
#2169 = DIRECTION ( 'NONE',  ( -1.000000000000000000, 0.000000000000000000, 0.000000000000000000 ) ) ;
#2170 = EDGE_CURVE ( 'NONE', #3062, #143, #1775, .T. ) ;
#2171 = ADVANCED_FACE ( 'NONE', ( #1133 ), #165, .T. ) ;
#2172 = CIRCLE ( 'NONE', #1220, 0.1999999999999987899 ) ;
#2173 = CARTESIAN_POINT ( 'NONE',  ( -10.65972131626525155, 8.781293399412756884, 19.82833093728316243 ) ) ;
#2174 = ORIENTED_EDGE ( 'NONE', *, *, #3043, .T. ) ;
#2175 = AXIS2_PLACEMENT_3D ( 'NONE', #2257, #2243, #1961 ) ;
#2176 = VECTOR ( 'NONE', #31, 1000.000000000000000 ) ;
#2177 = CARTESIAN_POINT ( 'NONE',  ( 0.000000000000000000, 3.549999999999928324, 0.000000000000000000 ) ) ;
#2178 = CARTESIAN_POINT ( 'NONE',  ( -0.6436645579237758596, 2.799999999999927880, -1.895668097355308834 ) ) ;
#2179 = LINE ( 'NONE', #1118, #1539 ) ;
#2180 = VECTOR ( 'NONE', #1724, 1000.000000000000000 ) ;
#2181 = ORIENTED_EDGE ( 'NONE', *, *, #2615, .F. ) ;
#2182 = VECTOR ( 'NONE', #891, 1000.000000000000000 ) ;
#2183 = DIRECTION ( 'NONE',  ( -1.000000000000000000, 0.000000000000000000, 0.000000000000000000 ) ) ;
#2184 = ORIENTED_EDGE ( 'NONE', *, *, #1497, .F. ) ;
#2185 = ORIENTED_EDGE ( 'NONE', *, *, #304, .F. ) ;
#2186 = EDGE_CURVE ( 'NONE', #1467, #1112, #913, .T. ) ;
#2187 = ORIENTED_EDGE ( 'NONE', *, *, #866, .T. ) ;
#2188 = EDGE_LOOP ( 'NONE', ( #3107, #1436, #1569, #1552 ) ) ;
#2189 = DIRECTION ( 'NONE',  ( -0.000000000000000000, -1.000000000000000000, -0.000000000000000000 ) ) ;
#2190 = DIRECTION ( 'NONE',  ( 0.000000000000000000, 0.000000000000000000, -1.000000000000000000 ) ) ;
#2191 = COLOUR_RGB ( '',0.7921568627450980005, 0.8196078431372548767, 0.9333333333333333481 ) ;
#2192 = AXIS2_PLACEMENT_3D ( 'NONE', #1073, #2634, #1825 ) ;
#2193 = EDGE_CURVE ( 'NONE', #163, #3209, #1431, .T. ) ;
#2194 = CARTESIAN_POINT ( 'NONE',  ( 12.59048283055161122, 11.26805167004154740, 14.89059240237222603 ) ) ;
#2195 = VERTEX_POINT ( 'NONE', #1620 ) ;
#2196 = VECTOR ( 'NONE', #2039, 1000.000000000000000 ) ;
#2197 = EDGE_CURVE ( 'NONE', #219, #551, #2009, .T. ) ;
#2198 = CARTESIAN_POINT ( 'NONE',  ( 0.000000000000000000, 9.799999999999926104, -26.15564437074637993 ) ) ;
#2199 = ORIENTED_EDGE ( 'NONE', *, *, #939, .F. ) ;
#2200 = DIRECTION ( 'NONE',  ( 0.000000000000000000, 1.000000000000000000, 0.000000000000000000 ) ) ;
#2201 = VERTEX_POINT ( 'NONE', #2704 ) ;
#2202 = VERTEX_POINT ( 'NONE', #1933 ) ;
#2203 = VERTEX_POINT ( 'NONE', #151 ) ;
#2204 = DIRECTION ( 'NONE',  ( -0.000000000000000000, -1.000000000000000000, -0.000000000000000000 ) ) ;
#2205 = EDGE_CURVE ( 'NONE', #3224, #48, #2890, .T. ) ;
#2206 = CARTESIAN_POINT ( 'NONE',  ( 0.000000000000000000, 0.7999999999999279909, 0.000000000000000000 ) ) ;
#2207 = CARTESIAN_POINT ( 'NONE',  ( 12.92834950686481754, 11.33738293114813267, 14.54226287852713639 ) ) ;
#2208 = VECTOR ( 'NONE', #2898, 1000.000000000000000 ) ;
#2209 = DIRECTION ( 'NONE',  ( -1.734723475976807686E-15, 0.000000000000000000, 1.000000000000000000 ) ) ;
#2210 = DIRECTION ( 'NONE',  ( -0.4226182617406970543, 0.000000000000000000, -0.9063077870366511579 ) ) ;
#2211 =( BOUNDED_CURVE ( )  B_SPLINE_CURVE ( 3, ( #3116, #2059, #1560, #3074 ),
 .UNSPECIFIED., .F., .F. ) 
 B_SPLINE_CURVE_WITH_KNOTS ( ( 4, 4 ),
 ( 1.570796326794896780, 2.356194490192347057 ),
 .UNSPECIFIED. ) 
 CURVE ( )  GEOMETRIC_REPRESENTATION_ITEM ( )  RATIONAL_B_SPLINE_CURVE ( ( 1.000000000000000000, 0.9492530216741910110, 0.9492530216741910110, 1.000000000000000000 ) ) 
 REPRESENTATION_ITEM ( '' )  );
#2212 = EDGE_CURVE ( 'NONE', #1563, #3195, #2940, .T. ) ;
#2213 = EDGE_CURVE ( 'NONE', #753, #1482, #185, .T. ) ;
#2214 = ORIENTED_EDGE ( 'NONE', *, *, #2503, .T. ) ;
#2215 = CYLINDRICAL_SURFACE ( 'NONE', #1927, 17.98499999999503274 ) ;
#2216 = ORIENTED_EDGE ( 'NONE', *, *, #2646, .F. ) ;
#2217 = DIRECTION ( 'NONE',  ( -0.000000000000000000, -1.000000000000000000, -0.000000000000000000 ) ) ;
#2218 = EDGE_LOOP ( 'NONE', ( #3015, #868, #2484, #295 ) ) ;
#2219 = EDGE_CURVE ( 'NONE', #1929, #2436, #1872, .T. ) ;
#2220 = AXIS2_PLACEMENT_3D ( 'NONE', #1701, #2719, #542 ) ;
#2221 = DIRECTION ( 'NONE',  ( -0.9232304202817894767, 0.000000000000000000, -0.3842467840676229152 ) ) ;
#2222 = DIRECTION ( 'NONE',  ( 0.000000000000000000, -1.000000000000000000, 0.000000000000000000 ) ) ;
#2223 = AXIS2_PLACEMENT_3D ( 'NONE', #838, #1848, #612 ) ;
#2224 = CARTESIAN_POINT ( 'NONE',  ( 12.69067465797238903, 11.30795080672177555, 14.78729789603181821 ) ) ;
#2225 = CARTESIAN_POINT ( 'NONE',  ( 6.980079899971487478, 11.34999999999997300, 16.15045995762239528 ) ) ;
#2226 = EDGE_CURVE ( 'NONE', #298, #456, #3221, .T. ) ;
#2227 = DIRECTION ( 'NONE',  ( 0.8932766466830597274, 0.000000000000000000, 0.4495073219544571952 ) ) ;
#2228 = AXIS2_PLACEMENT_3D ( 'NONE', #2266, #477, #1473 ) ;
#2229 = VECTOR ( 'NONE', #2662, 1000.000000000000000 ) ;
#2230 = VERTEX_POINT ( 'NONE', #2906 ) ;
#2231 = CARTESIAN_POINT ( 'NONE',  ( 5.220250743006501471E-12, 11.82499999999997264, -17.98499999999725318 ) ) ;
#2232 = ORIENTED_EDGE ( 'NONE', *, *, #79, .T. ) ;
#2233 = ORIENTED_EDGE ( 'NONE', *, *, #316, .F. ) ;
#2234 = CARTESIAN_POINT ( 'NONE',  ( 9.999999999999994671, 5.992388155425024898, 23.96325621532126249 ) ) ;
#2235 = CARTESIAN_POINT ( 'NONE',  ( -18.09432498179505089, 0.04999999999992814359, 9.091639206061131517 ) ) ;
#2236 = CARTESIAN_POINT ( 'NONE',  ( 10.00000000000000355, -2.974000000000072141, 23.61179387238010108 ) ) ;
#2237 = CARTESIAN_POINT ( 'NONE',  ( -9.012038728212507621, -2.974000000000072141, 20.90012448714078275 ) ) ;
#2238 = EDGE_LOOP ( 'NONE', ( #1268, #276, #3204, #2943 ) ) ;
#2239 = CIRCLE ( 'NONE', #819, 2.000000000000001776 ) ;
#2240 = FACE_OUTER_BOUND ( 'NONE', #1579, .T. ) ;
#2241 = LINE ( 'NONE', #232, #2459 ) ;
#2242 = VECTOR ( 'NONE', #2151, 1000.000000000000000 ) ;
#2243 = DIRECTION ( 'NONE',  ( 0.000000000000000000, -1.000000000000000000, 0.000000000000000000 ) ) ;
#2244 = ORIENTED_EDGE ( 'NONE', *, *, #1135, .F. ) ;
#2245 = DIRECTION ( 'NONE',  ( 0.9469039830793308798, 0.000000000000000000, -0.3215164798707810800 ) ) ;
#2246 = LINE ( 'NONE', #1506, #3245 ) ;
#2247 = ORIENTED_EDGE ( 'NONE', *, *, #562, .T. ) ;
#2248 = DIRECTION ( 'NONE',  ( 0.000000000000000000, 0.000000000000000000, -1.000000000000000000 ) ) ;
#2249 = EDGE_CURVE ( 'NONE', #1206, #1952, #2271, .T. ) ;
#2250 = DIRECTION ( 'NONE',  ( 0.000000000000000000, 1.000000000000000000, -0.000000000000000000 ) ) ;
#2251 = LINE ( 'NONE', #2285, #1442 ) ;
#2252 = DIRECTION ( 'NONE',  ( 0.000000000000000000, 0.000000000000000000, 1.000000000000000000 ) ) ;
#2253 = EDGE_CURVE ( 'NONE', #1094, #3234, #2432, .T. ) ;
#2254 = DIRECTION ( 'NONE',  ( -8.673617379884034486E-16, 0.000000000000000000, 1.000000000000000000 ) ) ;
#2255 = CARTESIAN_POINT ( 'NONE',  ( -7.495909146065449669, 11.32713129795719453, 19.30794367609079742 ) ) ;
#2256 = VECTOR ( 'NONE', #1061, 1000.000000000000114 ) ;
#2257 = CARTESIAN_POINT ( 'NONE',  ( 0.000000000000000000, 0.04999999999992814359, 0.000000000000000000 ) ) ;
#2258 = ORIENTED_EDGE ( 'NONE', *, *, #256, .F. ) ;
#2259 = CARTESIAN_POINT ( 'NONE',  ( -20.28561557374407442, 9.799999999999926104, 9.459337892425100591 ) ) ;
#2260 = CARTESIAN_POINT ( 'NONE',  ( 10.00000000000000533, 9.799999999999926104, -26.15564437074637993 ) ) ;
#2261 = ORIENTED_EDGE ( 'NONE', *, *, #2205, .F. ) ;
#2262 = CARTESIAN_POINT ( 'NONE',  ( 14.99718884230662930, 9.799999999999926104, 14.77086805989612905 ) ) ;
#2263 = VERTEX_POINT ( 'NONE', #1166 ) ;
#2264 = B_SPLINE_CURVE_WITH_KNOTS ( 'NONE', 3,
 ( #2516, #1487, #1236, #3260, #3017, #744, #252, #2378, #283, #2051, #1884, #3053, #382, #1790, #1401, #2395 ),
 .UNSPECIFIED., .F., .F.,
 ( 4, 2, 2, 2, 2, 2, 2, 4 ),
 ( 0.000000000000000000, 0.0007478443005792703539, 0.001121766450868903579, 0.001308727526013722144, 0.001402208063586134895, 0.001448948332372340620, 0.001472318466765444459, 0.001495688601158548080 ),
 .UNSPECIFIED. ) ;
#2265 = DIRECTION ( 'NONE',  ( 0.000000000000000000, 1.000000000000000000, 0.000000000000000000 ) ) ;
#2266 = CARTESIAN_POINT ( 'NONE',  ( 13.96489683493073741, 36.38267500856138525, 13.54543027703088320 ) ) ;
#2267 = CARTESIAN_POINT ( 'NONE',  ( 0.000000000000000000, -1.474000000000072141, -24.65564437074638349 ) ) ;
#2268 = CARTESIAN_POINT ( 'NONE',  ( 0.000000000000000000, 2.799999999999927880, 0.000000000000000000 ) ) ;
#2269 = ORIENTED_EDGE ( 'NONE', *, *, #423, .T. ) ;
#2270 = EDGE_CURVE ( 'NONE', #2725, #634, #1151, .T. ) ;
#2271 = CIRCLE ( 'NONE', #640, 2.000000000000001776 ) ;
#2272 = EDGE_CURVE ( 'NONE', #2779, #1907, #679, .T. ) ;
#2273 = DIRECTION ( 'NONE',  ( -1.000000000000000000, 0.000000000000000000, -8.673617379884034486E-16 ) ) ;
#2274 = LINE ( 'NONE', #2825, #2610 ) ;
#2275 = EDGE_CURVE ( 'NONE', #2709, #3241, #956, .T. ) ;
#2276 = ORIENTED_EDGE ( 'NONE', *, *, #1943, .T. ) ;
#2277 = CIRCLE ( 'NONE', #2122, 2.999999999999999112 ) ;
#2278 = DIRECTION ( 'NONE',  ( 1.000000000000000000, 0.000000000000000000, 0.000000000000000000 ) ) ;
#2279 = DIRECTION ( 'NONE',  ( -8.673617379884034486E-16, 0.000000000000000000, 1.000000000000000000 ) ) ;
#2280 = ORIENTED_EDGE ( 'NONE', *, *, #3207, .F. ) ;
#2281 = DIRECTION ( 'NONE',  ( -0.000000000000000000, -1.000000000000000000, -0.000000000000000000 ) ) ;
#2282 = ORIENTED_EDGE ( 'NONE', *, *, #712, .T. ) ;
#2283 = CIRCLE ( 'NONE', #1547, 0.09000000000000031586 ) ;
#2284 = DIRECTION ( 'NONE',  ( 0.000000000000000000, -1.000000000000000000, 0.000000000000000000 ) ) ;
#2285 = CARTESIAN_POINT ( 'NONE',  ( -8.039884573100295029, 36.38267500856138525, 19.15229260200478478 ) ) ;
#2286 = DIRECTION ( 'NONE',  ( 0.000000000000000000, -0.7071067811865461294, -0.7071067811865490160 ) ) ;
#2287 = VECTOR ( 'NONE', #1578, 1000.000000000000000 ) ;
#2288 = DIRECTION ( 'NONE',  ( 0.000000000000000000, 0.000000000000000000, -1.000000000000000000 ) ) ;
#2289 = EDGE_LOOP ( 'NONE', ( #1846, #670, #3144, #1643 ) ) ;
#2290 = EDGE_CURVE ( 'NONE', #1651, #3062, #2399, .T. ) ;
#2291 = LINE ( 'NONE', #51, #1163 ) ;
#2292 = EDGE_CURVE ( 'NONE', #1202, #1104, #2061, .T. ) ;
#2293 = DIRECTION ( 'NONE',  ( 6.133173666733504441E-16, -0.7071067811865464625, -0.7071067811865486830 ) ) ;
#2294 = AXIS2_PLACEMENT_3D ( 'NONE', #1946, #1480, #1230 ) ;
#2295 = VECTOR ( 'NONE', #603, 1000.000000000000114 ) ;
#2296 = ORIENTED_EDGE ( 'NONE', *, *, #3197, .T. ) ;
#2297 = ADVANCED_FACE ( 'NONE', ( #1405 ), #1528, .F. ) ;
#2298 = DIRECTION ( 'NONE',  ( -0.000000000000000000, -1.000000000000000000, -0.000000000000000000 ) ) ;
#2299 = DIRECTION ( 'NONE',  ( 0.000000000000000000, 1.000000000000000000, -0.000000000000000000 ) ) ;
#2300 = EDGE_LOOP ( 'NONE', ( #1177, #1736, #3168, #1725 ) ) ;
#2301 = DIRECTION ( 'NONE',  ( -1.000000000000000000, 0.000000000000000000, -0.000000000000000000 ) ) ;
#2302 = VERTEX_POINT ( 'NONE', #3044 ) ;
#2303 = CARTESIAN_POINT ( 'NONE',  ( 0.000000000000000000, 0.000000000000000000, 0.000000000000000000 ) ) ;
#2304 = DIRECTION ( 'NONE',  ( 0.000000000000000000, 0.000000000000000000, 1.000000000000000000 ) ) ;
#2305 = DIRECTION ( 'NONE',  ( 0.000000000000000000, -1.000000000000000000, 0.000000000000000000 ) ) ;
#2306 = VERTEX_POINT ( 'NONE', #289 ) ;
#2307 = ADVANCED_FACE ( 'NONE', ( #2028 ), #378, .T. ) ;
#2308 = CYLINDRICAL_SURFACE ( 'NONE', #701, 20.25000000000000355 ) ;
#2309 = EDGE_CURVE ( 'NONE', #2685, #45, #59, .T. ) ;
#2310 = DIRECTION ( 'NONE',  ( -0.000000000000000000, -1.000000000000000000, -0.000000000000000000 ) ) ;
#2311 = CARTESIAN_POINT ( 'NONE',  ( -7.484512020058524229, 11.33845233683298659, 19.29552269439351875 ) ) ;
#2312 = ORIENTED_EDGE ( 'NONE', *, *, #430, .T. ) ;
#2313 = LINE ( 'NONE', #1822, #1854 ) ;
#2314 = ADVANCED_FACE ( 'NONE', ( #527 ), #1033, .T. ) ;
#2315 = AXIS2_PLACEMENT_3D ( 'NONE', #193, #457, #2439 ) ;
#2316 = ORIENTED_EDGE ( 'NONE', *, *, #1765, .F. ) ;
#2317 = EDGE_CURVE ( 'NONE', #2470, #495, #1293, .T. ) ;
#2318 = CARTESIAN_POINT ( 'NONE',  ( -10.55932221929372083, 11.25999999999997314, 19.86833446137672610 ) ) ;
#2319 = ORIENTED_EDGE ( 'NONE', *, *, #602, .F. ) ;
#2320 = EDGE_CURVE ( 'NONE', #372, #2118, #2115, .T. ) ;
#2321 = CARTESIAN_POINT ( 'NONE',  ( 0.000000000000000000, 75.46461030678925397, -18.18499999999999517 ) ) ;
#2322 = LINE ( 'NONE', #61, #2760 ) ;
#2323 = VERTEX_POINT ( 'NONE', #1558 ) ;
#2324 = DIRECTION ( 'NONE',  ( -0.000000000000000000, -1.000000000000000000, 0.000000000000000000 ) ) ;
#2325 = DIRECTION ( 'NONE',  ( 0.000000000000000000, 0.000000000000000000, 1.000000000000000000 ) ) ;
#2326 = VECTOR ( 'NONE', #2633, 1000.000000000000000 ) ;
#2327 = VERTEX_POINT ( 'NONE', #1451 ) ;
#2328 = DIRECTION ( 'NONE',  ( 0.000000000000000000, 0.000000000000000000, 1.000000000000000000 ) ) ;
#2329 = AXIS2_PLACEMENT_3D ( 'NONE', #2138, #1125, #1322 ) ;
#2330 = EDGE_CURVE ( 'NONE', #2037, #3195, #481, .T. ) ;
#2331 = ORIENTED_EDGE ( 'NONE', *, *, #2411, .T. ) ;
#2332 = DIRECTION ( 'NONE',  ( -0.000000000000000000, 1.000000000000000000, -0.000000000000000000 ) ) ;
#2333 = EDGE_CURVE ( 'NONE', #1723, #103, #1106, .T. ) ;
#2334 = VERTEX_POINT ( 'NONE', #2559 ) ;
#2335 = VECTOR ( 'NONE', #1957, 1000.000000000000000 ) ;
#2336 = LINE ( 'NONE', #74, #190 ) ;
#2337 = ORIENTED_EDGE ( 'NONE', *, *, #1710, .T. ) ;
#2338 = VECTOR ( 'NONE', #211, 1000.000000000000000 ) ;
#2339 = AXIS2_PLACEMENT_3D ( 'NONE', #2303, #1605, #1304 ) ;
#2340 = DIRECTION ( 'NONE',  ( 2.891205793294676354E-16, 0.000000000000000000, -1.000000000000000000 ) ) ;
#2341 = DIRECTION ( 'NONE',  ( -3.367091399734824501E-16, 0.000000000000000000, 1.000000000000000000 ) ) ;
#2342 = ORIENTED_EDGE ( 'NONE', *, *, #2420, .F. ) ;
#2343 = EDGE_CURVE ( 'NONE', #1731, #1904, #1531, .T. ) ;
#2344 = CARTESIAN_POINT ( 'NONE',  ( 0.000000000000000000, 10.15000000000000036, 0.000000000000000000 ) ) ;
#2345 = CARTESIAN_POINT ( 'NONE',  ( -9.999999999999996447, -2.974000000000072141, -23.61179387238010463 ) ) ;
#2346 = LINE ( 'NONE', #1329, #605 ) ;
#2347 = VERTEX_POINT ( 'NONE', #448 ) ;
#2348 = DIRECTION ( 'NONE',  ( 0.9151325121668179019, 0.000000000000000000, -0.4031531783023034055 ) ) ;
#2349 = ADVANCED_FACE ( 'NONE', ( #804 ), #1462, .T. ) ;
#2350 = VECTOR ( 'NONE', #743, 1000.000000000000000 ) ;
#2351 = ORIENTED_EDGE ( 'NONE', *, *, #552, .T. ) ;
#2352 = CIRCLE ( 'NONE', #1930, 17.98499999999503274 ) ;
#2353 = VERTEX_POINT ( 'NONE', #47 ) ;
#2354 = EDGE_CURVE ( 'NONE', #2744, #1069, #1048, .T. ) ;
#2355 = DIRECTION ( 'NONE',  ( 0.000000000000000000, 0.000000000000000000, -1.000000000000000000 ) ) ;
#2356 = CARTESIAN_POINT ( 'NONE',  ( -17.62768122836097362, 0.04999999999992814359, -8.337556867049867648 ) ) ;
#2357 = ORIENTED_EDGE ( 'NONE', *, *, #906, .F. ) ;
#2358 = CARTESIAN_POINT ( 'NONE',  ( 0.000000000000000000, -2.974000000000072141, 0.000000000000000000 ) ) ;
#2359 = FACE_OUTER_BOUND ( 'NONE', #2928, .T. ) ;
#2360 = CARTESIAN_POINT ( 'NONE',  ( -7.813924682793268239, 11.25000000000000000, 18.65887492646982082 ) ) ;
#2361 = DIRECTION ( 'NONE',  ( -0.000000000000000000, -1.000000000000000000, -0.000000000000000000 ) ) ;
#2362 = EDGE_CURVE ( 'NONE', #10, #163, #2057, .T. ) ;
#2363 = VERTEX_POINT ( 'NONE', #1015 ) ;
#2364 = PLANE ( 'NONE',  #1339 ) ;
#2365 = PRODUCT_DEFINITION_CONTEXT ( 'detailed design', #9, 'design' ) ;
#2366 = EDGE_CURVE ( 'NONE', #3080, #1175, #1641, .T. ) ;
#2367 = CARTESIAN_POINT ( 'NONE',  ( -7.731562756698254546, 11.25999999999997314, 18.62259114042260677 ) ) ;
#2368 = EDGE_LOOP ( 'NONE', ( #2000, #2276, #2342, #2244, #537, #606, #2232 ) ) ;
#2369 = SHAPE_DEFINITION_REPRESENTATION ( #1143, #2808 ) ;
#2370 = VECTOR ( 'NONE', #1107, 1000.000000000000000 ) ;
#2371 = ORIENTED_EDGE ( 'NONE', *, *, #1712, .T. ) ;
#2372 = ORIENTED_EDGE ( 'NONE', *, *, #3257, .T. ) ;
#2373 = DIRECTION ( 'NONE',  ( 0.000000000000000000, 0.000000000000000000, -1.000000000000000000 ) ) ;
#2374 = LINE ( 'NONE', #113, #907 ) ;
#2375 = VERTEX_POINT ( 'NONE', #2970 ) ;
#2376 = DIRECTION ( 'NONE',  ( 0.000000000000000000, -0.000000000000000000, -1.000000000000000000 ) ) ;
#2377 = DIRECTION ( 'NONE',  ( 0.000000000000000000, -1.000000000000000000, 0.000000000000000000 ) ) ;
#2378 = CARTESIAN_POINT ( 'NONE',  ( -12.23362618124796874, 11.30788779572004543, 15.16764119566002122 ) ) ;
#2379 = CARTESIAN_POINT ( 'NONE',  ( 0.000000000000000000, 9.824999999999972644, 0.000000000000000000 ) ) ;
#2380 = VECTOR ( 'NONE', #632, 1000.000000000000000 ) ;
#2381 = ORIENTED_EDGE ( 'NONE', *, *, #1040, .T. ) ;
#2382 = CARTESIAN_POINT ( 'NONE',  ( -9.999999999999998224, 9.799999999999924327, -20.15564437074637993 ) ) ;
#2383 = CARTESIAN_POINT ( 'NONE',  ( -19.23458818254797364, 0.04999999999992857380, -3.206340195267209925 ) ) ;
#2384 = VECTOR ( 'NONE', #1307, 1000.000000000000114 ) ;
#2385 = CARTESIAN_POINT ( 'NONE',  ( -4.144302834400548735E-15, 0.04999999999992814359, -2.260838196444735364E-14 ) ) ;
#2386 = VERTEX_POINT ( 'NONE', #696 ) ;
#2387 = EDGE_LOOP ( 'NONE', ( #1532, #2586, #1640, #2751 ) ) ;
#2388 = ORIENTED_EDGE ( 'NONE', *, *, #683, .T. ) ;
#2389 = LINE ( 'NONE', #129, #369 ) ;
#2390 = AXIS2_PLACEMENT_3D ( 'NONE', #512, #1257, #1512 ) ;
#2391 = CARTESIAN_POINT ( 'NONE',  ( 14.90493150791687960, 9.654498493062492415, -16.91904328067858643 ) ) ;
#2392 = VECTOR ( 'NONE', #3102, 1000.000000000000114 ) ;
#2393 = CARTESIAN_POINT ( 'NONE',  ( 0.000000000000000000, 11.25000000000000000, 0.000000000000000000 ) ) ;
#2394 = CARTESIAN_POINT ( 'NONE',  ( 0.000000000000000000, 3.549999999999928324, 0.000000000000000000 ) ) ;
#2395 = CARTESIAN_POINT ( 'NONE',  ( -12.13064373469592994, 11.25999999999997847, 15.26753033669436022 ) ) ;
#2396 = DIRECTION ( 'NONE',  ( 0.000000000000000000, -1.000000000000000000, 0.000000000000000000 ) ) ;
#2397 = CIRCLE ( 'NONE', #1278, 22.50000000000000355 ) ;
#2398 = ORIENTED_EDGE ( 'NONE', *, *, #3043, .F. ) ;
#2399 = LINE ( 'NONE', #138, #1958 ) ;
#2400 = DIRECTION ( 'NONE',  ( -0.4031531783023034055, -0.000000000000000000, -0.9151325121668179019 ) ) ;
#2401 = EDGE_CURVE ( 'NONE', #2054, #238, #200, .T. ) ;
#2402 = CARTESIAN_POINT ( 'NONE',  ( -13.22752167967423453, 10.15000000000000568, 14.20359954643075184 ) ) ;
#2403 = VECTOR ( 'NONE', #2227, 1000.000000000000000 ) ;
#2404 = ORIENTED_EDGE ( 'NONE', *, *, #2362, .T. ) ;
#2405 = ORIENTED_EDGE ( 'NONE', *, *, #3158, .T. ) ;
#2406 = ORIENTED_EDGE ( 'NONE', *, *, #2330, .F. ) ;
#2407 = VECTOR ( 'NONE', #3192, 1000.000000000000000 ) ;
#2408 = DIRECTION ( 'NONE',  ( -0.000000000000000000, 1.000000000000000000, -0.000000000000000000 ) ) ;
#2409 = LINE ( 'NONE', #1395, #1318 ) ;
#2410 = CARTESIAN_POINT ( 'NONE',  ( 6.980079899886444394, -2.974000000000072141, 16.15045995767501807 ) ) ;
#2411 = EDGE_CURVE ( 'NONE', #2607, #2489, #215, .T. ) ;
#2412 = CARTESIAN_POINT ( 'NONE',  ( -19.72453493802065339, 3.549999999999928324, 4.583145369590927665 ) ) ;
#2413 = ORIENTED_EDGE ( 'NONE', *, *, #3238, .F. ) ;
#2414 = DIRECTION ( 'NONE',  ( 0.000000000000000000, -1.000000000000000000, 0.000000000000000000 ) ) ;
#2415 = EDGE_CURVE ( 'NONE', #3224, #2363, #735, .T. ) ;
#2416 = CARTESIAN_POINT ( 'NONE',  ( 9.656014212262096663, 36.38267500856138525, 20.60908929367606035 ) ) ;
#2417 = DIRECTION ( 'NONE',  ( -2.668805347656626185E-16, 0.000000000000000000, -1.000000000000000000 ) ) ;
#2418 = CARTESIAN_POINT ( 'NONE',  ( 12.50000000000000533, 9.799999999999926104, -26.15564437074637993 ) ) ;
#2419 = DIRECTION ( 'NONE',  ( 0.000000000000000000, -1.000000000000000000, 0.000000000000000000 ) ) ;
#2420 = EDGE_CURVE ( 'NONE', #3241, #435, #2374, .T. ) ;
#2421 = ORIENTED_EDGE ( 'NONE', *, *, #666, .F. ) ;
#2422 = EDGE_CURVE ( 'NONE', #3228, #2118, #2593, .T. ) ;
#2423 = ORIENTED_EDGE ( 'NONE', *, *, #90, .T. ) ;
#2424 = ORIENTED_EDGE ( 'NONE', *, *, #2186, .T. ) ;
#2425 = LINE ( 'NONE', #1941, #511 ) ;
#2426 = CARTESIAN_POINT ( 'NONE',  ( 12.50000000000000533, 9.799999999999926104, 26.15564437074637993 ) ) ;
#2427 = AXIS2_PLACEMENT_3D ( 'NONE', #2471, #1178, #393 ) ;
#2428 = DIRECTION ( 'NONE',  ( -0.9863891375665609917, 0.000000000000000000, -0.1644277023214038014 ) ) ;
#2429 = ORIENTED_EDGE ( 'NONE', *, *, #662, .F. ) ;
#2430 = VERTEX_POINT ( 'NONE', #376 ) ;
#2431 = EDGE_CURVE ( 'NONE', #2601, #3224, #63, .T. ) ;
#2432 = LINE ( 'NONE', #2382, #795 ) ;
#2433 = DIRECTION ( 'NONE',  ( 0.000000000000000000, -1.000000000000000000, 0.000000000000000000 ) ) ;
#2434 = VERTEX_POINT ( 'NONE', #821 ) ;
#2435 = DIRECTION ( 'NONE',  ( 0.000000000000000000, -1.000000000000000000, 0.000000000000000000 ) ) ;
#2436 = VERTEX_POINT ( 'NONE', #3132 ) ;
#2437 = ORIENTED_EDGE ( 'NONE', *, *, #3012, .T. ) ;
#2438 = ORIENTED_EDGE ( 'NONE', *, *, #2469, .F. ) ;
#2439 = DIRECTION ( 'NONE',  ( -2.668805347656626185E-16, 2.668805347656626481E-15, 1.000000000000000000 ) ) ;
#2440 = ADVANCED_FACE ( 'NONE', ( #2883 ), #3085, .F. ) ;
#2441 = DIRECTION ( 'NONE',  ( -6.234162491791945530E-15, 0.000000000000000000, -1.000000000000000000 ) ) ;
#2442 = AXIS2_PLACEMENT_3D ( 'NONE', #2394, #1631, #3152 ) ;
#2443 = DIRECTION ( 'NONE',  ( 0.000000000000000000, -1.000000000000000000, 0.000000000000000000 ) ) ;
#2444 = EDGE_LOOP ( 'NONE', ( #3161, #6, #1619, #2530 ) ) ;
#2445 = VECTOR ( 'NONE', #166, 1000.000000000000000 ) ;
#2446 = VECTOR ( 'NONE', #2222, 1000.000000000000000 ) ;
#2447 = DIRECTION ( 'NONE',  ( 0.000000000000000000, 0.000000000000000000, -1.000000000000000000 ) ) ;
#2448 = DIRECTION ( 'NONE',  ( 0.000000000000000000, 0.000000000000000000, -1.000000000000000000 ) ) ;
#2449 = DIRECTION ( 'NONE',  ( 1.000000000000000000, -0.000000000000000000, -0.000000000000000000 ) ) ;
#2450 = ORIENTED_EDGE ( 'NONE', *, *, #2422, .T. ) ;
#2451 = ADVANCED_FACE ( 'NONE', ( #1845 ), #609, .T. ) ;
#2452 = AXIS2_PLACEMENT_3D ( 'NONE', #2379, #2127, #980 ) ;
#2453 = DIRECTION ( 'NONE',  ( 0.000000000000000000, 1.000000000000000000, -0.000000000000000000 ) ) ;
#2454 = ORIENTED_EDGE ( 'NONE', *, *, #1885, .F. ) ;
#2455 = ORIENTED_EDGE ( 'NONE', *, *, #523, .T. ) ;
#2456 = ORIENTED_EDGE ( 'NONE', *, *, #201, .F. ) ;
#2457 = CARTESIAN_POINT ( 'NONE',  ( 0.000000000000000000, 9.900000000000035882, 0.000000000000000000 ) ) ;
#2458 = DIRECTION ( 'NONE',  ( 0.8932766466830597274, 0.000000000000000000, 0.4495073219544571952 ) ) ;
#2459 = VECTOR ( 'NONE', #738, 1000.000000000000000 ) ;
#2460 = AXIS2_PLACEMENT_3D ( 'NONE', #169, #1389, #371 ) ;
#2461 = DIRECTION ( 'NONE',  ( 0.000000000000000000, -0.000000000000000000, -1.000000000000000000 ) ) ;
#2462 = ORIENTED_EDGE ( 'NONE', *, *, #1422, .T. ) ;
#2463 = CIRCLE ( 'NONE', #1827, 3.149999999999902656 ) ;
#2464 = CARTESIAN_POINT ( 'NONE',  ( 13.92900658358514399, 74.98961030678925965, 13.51061806859893899 ) ) ;
#2465 = DIRECTION ( 'NONE',  ( 0.000000000000000000, -1.000000000000000000, 0.000000000000000000 ) ) ;
#2466 = ORIENTED_EDGE ( 'NONE', *, *, #1743, .F. ) ;
#2467 = DIRECTION ( 'NONE',  ( 0.000000000000000000, 0.000000000000000000, 1.000000000000000000 ) ) ;
#2468 = ORIENTED_EDGE ( 'NONE', *, *, #593, .F. ) ;
#2469 = EDGE_CURVE ( 'NONE', #1392, #1563, #3034, .T. ) ;
#2470 = VERTEX_POINT ( 'NONE', #360 ) ;
#2471 = CARTESIAN_POINT ( 'NONE',  ( 9.625654057275255582, 11.25999999999997314, 16.85511447512773842 ) ) ;
#2472 = LINE ( 'NONE', #206, #2446 ) ;
#2473 = CARTESIAN_POINT ( 'NONE',  ( -14.86833698829939365, 9.634223665031608874, -16.90394284962680160 ) ) ;
#2474 = ORIENTED_EDGE ( 'NONE', *, *, #1358, .T. ) ;
#2475 = CARTESIAN_POINT ( 'NONE',  ( -6.436413556298620442, 11.25999999999997847, 19.50539547874914703 ) ) ;
#2476 = DIRECTION ( 'NONE',  ( 1.224646799147351482E-16, 0.000000000000000000, -1.000000000000000000 ) ) ;
#2477 = EDGE_LOOP ( 'NONE', ( #697, #3086, #911, #157, #1923, #1352, #1760 ) ) ;
#2478 = PLANE ( 'NONE',  #2508 ) ;
#2479 = EDGE_LOOP ( 'NONE', ( #1840, #1897, #2596, #935 ) ) ;
#2480 = DIRECTION ( 'NONE',  ( -0.9292098846067159412, 0.000000000000000000, -0.3695524189464516884 ) ) ;
#2481 = ORIENTED_EDGE ( 'NONE', *, *, #2088, .T. ) ;
#2482 = AXIS2_PLACEMENT_3D ( 'NONE', #1797, #2820, #464 ) ;
#2483 = CARTESIAN_POINT ( 'NONE',  ( 14.44070884072149497, 8.462944526683497060, 21.49269984406280187 ) ) ;
#2484 = ORIENTED_EDGE ( 'NONE', *, *, #3001, .F. ) ;
#2485 = CARTESIAN_POINT ( 'NONE',  ( -9.999999999999996447, 5.992388155425028451, -23.96325621532126249 ) ) ;
#2486 = AXIS2_PLACEMENT_3D ( 'NONE', #95, #1342, #2106 ) ;
#2487 = FACE_OUTER_BOUND ( 'NONE', #543, .T. ) ;
#2488 = CARTESIAN_POINT ( 'NONE',  ( 0.000000000000000000, 3.799999999999928324, -26.15564437074637993 ) ) ;
#2489 = VERTEX_POINT ( 'NONE', #343 ) ;
#2490 = DIRECTION ( 'NONE',  ( -5.385579418882414786E-15, 0.000000000000000000, 1.000000000000000000 ) ) ;
#2491 = CARTESIAN_POINT ( 'NONE',  ( 0.000000000000000000, 9.900000000000035882, 0.000000000000000000 ) ) ;
#2492 = VECTOR ( 'NONE', #2967, 1000.000000000000000 ) ;
#2493 = AXIS2_PLACEMENT_3D ( 'NONE', #1577, #888, #2325 ) ;
#2494 = LINE ( 'NONE', #1248, #2827 ) ;
#2495 = ORIENTED_EDGE ( 'NONE', *, *, #826, .F. ) ;
#2496 = DIRECTION ( 'NONE',  ( 0.000000000000000000, 1.000000000000000000, -0.000000000000000000 ) ) ;
#2497 = LINE ( 'NONE', #2754, #337 ) ;
#2498 = VECTOR ( 'NONE', #2614, 1000.000000000000000 ) ;
#2499 = ORIENTED_EDGE ( 'NONE', *, *, #2929, .T. ) ;
#2500 = LINE ( 'NONE', #239, #1083 ) ;
#2501 = VERTEX_POINT ( 'NONE', #322 ) ;
#2502 = CARTESIAN_POINT ( 'NONE',  ( -6.484437924835757983, 11.25999999999997847, 19.41576158573447586 ) ) ;
#2503 = EDGE_CURVE ( 'NONE', #2158, #10, #2595, .T. ) ;
#2504 = CYLINDRICAL_SURFACE ( 'NONE', #544, 22.50000000000000355 ) ;
#2505 = DIRECTION ( 'NONE',  ( -8.881784197001252323E-16, 0.000000000000000000, -1.000000000000000000 ) ) ;
#2506 = ORIENTED_EDGE ( 'NONE', *, *, #1144, .T. ) ;
#2507 = TOROIDAL_SURFACE ( 'NONE', #1448, 3.089999999999999858, 0.08999999999999999667 ) ;
#2508 = AXIS2_PLACEMENT_3D ( 'NONE', #2515, #2752, #1466 ) ;
#2509 = CARTESIAN_POINT ( 'NONE',  ( 9.999999999999982236, 9.799999999999926104, 8.673617379884018117E-15 ) ) ;
#2510 = DIRECTION ( 'NONE',  ( 0.000000000000000000, 0.000000000000000000, 1.000000000000000000 ) ) ;
#2511 = VECTOR ( 'NONE', #506, 999.9999999999998863 ) ;
#2512 = FACE_OUTER_BOUND ( 'NONE', #965, .T. ) ;
#2513 = LINE ( 'NONE', #1771, #1965 ) ;
#2514 = ORIENTED_EDGE ( 'NONE', *, *, #1316, .F. ) ;
#2515 = CARTESIAN_POINT ( 'NONE',  ( -0.2016580806570709150, 2.799999999999927880, -0.4328584038517560573 ) ) ;
#2516 = CARTESIAN_POINT ( 'NONE',  ( -13.19439664247190969, 11.34999999999997122, 14.23572959988795539 ) ) ;
#2517 = ORIENTED_EDGE ( 'NONE', *, *, #1390, .T. ) ;
#2518 = ADVANCED_FACE ( 'NONE', ( #1648 ), #1881, .T. ) ;
#2519 = FACE_OUTER_BOUND ( 'NONE', #1123, .T. ) ;
#2520 = VERTEX_POINT ( 'NONE', #2627 ) ;
#2521 = ADVANCED_FACE ( 'NONE', ( #1830 ), #626, .T. ) ;
#2522 = DIRECTION ( 'NONE',  ( 0.000000000000000000, 0.000000000000000000, -1.000000000000000000 ) ) ;
#2523 = FACE_OUTER_BOUND ( 'NONE', #1921, .T. ) ;
#2524 = DIRECTION ( 'NONE',  ( 0.000000000000000000, 1.000000000000000000, -0.000000000000000000 ) ) ;
#2525 = ORIENTED_EDGE ( 'NONE', *, *, #2955, .F. ) ;
#2526 = CARTESIAN_POINT ( 'NONE',  ( 10.00000000000000178, 5.992388155425024898, 23.96325621532126604 ) ) ;
#2527 = LINE ( 'NONE', #2047, #1179 ) ;
#2528 = CIRCLE ( 'NONE', #2748, 3.199999999999900702 ) ;
#2529 = LINE ( 'NONE', #1003, #807 ) ;
#2530 = ORIENTED_EDGE ( 'NONE', *, *, #1341, .F. ) ;
#2531 = CARTESIAN_POINT ( 'NONE',  ( -6.436413556298620442, 74.98961030678925965, 19.50539547874914703 ) ) ;
#2532 = CARTESIAN_POINT ( 'NONE',  ( -13.42788692071548162, 0.000000000000000000, 5.915531595694809575 ) ) ;
#2533 = VERTEX_POINT ( 'NONE', #394 ) ;
#2534 = CARTESIAN_POINT ( 'NONE',  ( 6.980079899886444394, 36.38267500856138525, 16.15045995767501807 ) ) ;
#2535 = DIRECTION ( 'NONE',  ( 0.000000000000000000, 0.000000000000000000, -1.000000000000000000 ) ) ;
#2536 = EDGE_CURVE ( 'NONE', #1091, #1990, #2322, .T. ) ;
#2537 = CARTESIAN_POINT ( 'NONE',  ( -13.52232738652304356, 5.992388155425061314, 23.96325621532124117 ) ) ;
#2538 = EDGE_CURVE ( 'NONE', #10, #1591, #2850, .T. ) ;
#2539 = FACE_OUTER_BOUND ( 'NONE', #2826, .T. ) ;
#2540 = DIRECTION ( 'NONE',  ( 0.000000000000000000, 0.000000000000000000, -1.000000000000000000 ) ) ;
#2541 = ORIENTED_EDGE ( 'NONE', *, *, #2016, .T. ) ;
#2542 = AXIS2_PLACEMENT_3D ( 'NONE', #2575, #16, #2288 ) ;
#2543 = EDGE_CURVE ( 'NONE', #812, #1607, #1803, .T. ) ;
#2544 = CARTESIAN_POINT ( 'NONE',  ( 8.093958246547265034, 11.31267076130092875, 19.07874038842196640 ) ) ;
#2545 = DIRECTION ( 'NONE',  ( 0.000000000000000000, 1.000000000000000000, 0.000000000000000000 ) ) ;
#2546 = VERTEX_POINT ( 'NONE', #2356 ) ;
#2547 = AXIS2_PLACEMENT_3D ( 'NONE', #1095, #2095, #2838 ) ;
#2548 = DIRECTION ( 'NONE',  ( -0.000000000000000000, -1.000000000000000000, -0.000000000000000000 ) ) ;
#2549 = CARTESIAN_POINT ( 'NONE',  ( 10.00000000000000355, 0.000000000000000000, -23.61179387238010108 ) ) ;
#2550 = VECTOR ( 'NONE', #338, 1000.000000000000000 ) ;
#2551 = EDGE_LOOP ( 'NONE', ( #1798, #1074, #970, #1234 ) ) ;
#2552 = EDGE_CURVE ( 'NONE', #2263, #3234, #2681, .T. ) ;
#2553 = FACE_OUTER_BOUND ( 'NONE', #487, .T. ) ;
#2554 = ORIENTED_EDGE ( 'NONE', *, *, #2830, .F. ) ;
#2555 = AXIS2_PLACEMENT_3D ( 'NONE', #1068, #2545, #2770 ) ;
#2556 =( LENGTH_UNIT ( ) NAMED_UNIT ( * ) SI_UNIT ( .MILLI., .METRE. ) );
#2557 = PLANE ( 'NONE',  #2228 ) ;
#2558 = DIRECTION ( 'NONE',  ( -0.000000000000000000, -1.000000000000000000, -0.000000000000000000 ) ) ;
#2559 = CARTESIAN_POINT ( 'NONE',  ( -19.72453493802065339, 0.7999999999999279909, 4.583145369590927665 ) ) ;
#2560 = ORIENTED_EDGE ( 'NONE', *, *, #990, .T. ) ;
#2561 = DIRECTION ( 'NONE',  ( 0.000000000000000000, 0.000000000000000000, 1.000000000000000000 ) ) ;
#2562 = EDGE_CURVE ( 'NONE', #2306, #590, #2409, .T. ) ;
#2563 = ADVANCED_FACE ( 'NONE', ( #2932 ), #2152, .T. ) ;
#2564 = CARTESIAN_POINT ( 'NONE',  ( 8.101380661862867427, 11.29681153493117840, 19.08627065080251839 ) ) ;
#2565 = EDGE_CURVE ( 'NONE', #163, #1034, #1748, .T. ) ;
#2566 = CARTESIAN_POINT ( 'NONE',  ( -9.999999999999996447, -2.974000000000072141, 23.61179387238010818 ) ) ;
#2567 = AXIS2_PLACEMENT_3D ( 'NONE', #2600, #3126, #1603 ) ;
#2568 = VERTEX_POINT ( 'NONE', #38 ) ;
#2569 = CARTESIAN_POINT ( 'NONE',  ( 0.000000000000000000, 9.799999999999926104, 0.000000000000000000 ) ) ;
#2570 = ADVANCED_FACE ( 'NONE', ( #2804 ), #1514, .F. ) ;
#2571 = VERTEX_POINT ( 'NONE', #20 ) ;
#2572 = FACE_OUTER_BOUND ( 'NONE', #373, .T. ) ;
#2573 = ORIENTED_EDGE ( 'NONE', *, *, #3254, .T. ) ;
#2574 = CARTESIAN_POINT ( 'NONE',  ( -13.52232738652304356, 5.992388155425061314, 23.96325621532124117 ) ) ;
#2575 = CARTESIAN_POINT ( 'NONE',  ( 0.000000000000000000, -2.974000000000072141, 0.000000000000000000 ) ) ;
#2576 = ORIENTED_EDGE ( 'NONE', *, *, #201, .T. ) ;
#2577 = DIRECTION ( 'NONE',  ( -0.000000000000000000, -1.000000000000000000, -0.000000000000000000 ) ) ;
#2578 = EDGE_CURVE ( 'NONE', #1788, #1007, #2038, .T. ) ;
#2579 = CARTESIAN_POINT ( 'NONE',  ( 8.078865641038785128, 11.33253154403983665, 19.06339775350209109 ) ) ;
#2580 = FACE_OUTER_BOUND ( 'NONE', #1420, .T. ) ;
#2581 = ORIENTED_EDGE ( 'NONE', *, *, #3238, .T. ) ;
#2582 = FACE_OUTER_BOUND ( 'NONE', #986, .T. ) ;
#2583 = TOROIDAL_SURFACE ( 'NONE', #945, 17.98499999999999588, 0.2000000000000000111 ) ;
#2584 = EDGE_LOOP ( 'NONE', ( #1955, #818, #1184, #2008 ) ) ;
#2585 = DIRECTION ( 'NONE',  ( -1.000000000000000000, 0.000000000000000000, 2.891205793294676354E-16 ) ) ;
#2586 = ORIENTED_EDGE ( 'NONE', *, *, #1360, .F. ) ;
#2587 = CARTESIAN_POINT ( 'NONE',  ( 0.000000000000000000, -2.974000000000072141, 0.000000000000000000 ) ) ;
#2588 = DIRECTION ( 'NONE',  ( -0.000000000000000000, -1.000000000000000000, -0.000000000000000000 ) ) ;
#2589 = ORIENTED_EDGE ( 'NONE', *, *, #1371, .T. ) ;
#2590 = FACE_OUTER_BOUND ( 'NONE', #2812, .T. ) ;
#2591 = DIRECTION ( 'NONE',  ( -0.6962441674134027814, 0.000000000000000000, 0.7178050287806693186 ) ) ;
#2592 = EDGE_LOOP ( 'NONE', ( #1624, #1081, #1976, #883 ) ) ;
#2593 = CIRCLE ( 'NONE', #2486, 20.50000000000000355 ) ;
#2594 = CARTESIAN_POINT ( 'NONE',  ( -19.97438003572289134, 0.04999999999992814359, -3.329660972008262387 ) ) ;
#2595 = CIRCLE ( 'NONE', #220, 3.199999999999900702 ) ;
#2596 = ORIENTED_EDGE ( 'NONE', *, *, #2193, .T. ) ;
#2597 = DIRECTION ( 'NONE',  ( 0.000000000000000000, -1.000000000000000000, 0.000000000000000000 ) ) ;
#2598 = ADVANCED_FACE ( 'NONE', ( #2240 ), #1529, .F. ) ;
#2599 = AXIS2_PLACEMENT_3D ( 'NONE', #887, #1411, #2190 ) ;
#2600 = CARTESIAN_POINT ( 'NONE',  ( 13.55587378748700544, 0.000000000000000000, 5.391253399353292508 ) ) ;
#2601 = VERTEX_POINT ( 'NONE', #2526 ) ;
#2602 = APPLICATION_CONTEXT ( 'automotive_design' ) ;
#2603 = VECTOR ( 'NONE', #2672, 1000.000000000000000 ) ;
#2604 = AXIS2_PLACEMENT_3D ( 'NONE', #2502, #1992, #732 ) ;
#2605 = FACE_OUTER_BOUND ( 'NONE', #1122, .T. ) ;
#2606 = DIRECTION ( 'NONE',  ( 0.000000000000000000, 0.000000000000000000, 1.000000000000000000 ) ) ;
#2607 = VERTEX_POINT ( 'NONE', #3075 ) ;
#2608 = EDGE_CURVE ( 'NONE', #2783, #2489, #496, .T. ) ;
#2609 = DIRECTION ( 'NONE',  ( -0.000000000000000000, -1.000000000000000000, -0.000000000000000000 ) ) ;
#2610 = VECTOR ( 'NONE', #2293, 999.9999999999998863 ) ;
#2611 = VECTOR ( 'NONE', #1993, 1000.000000000000000 ) ;
#2612 = CARTESIAN_POINT ( 'NONE',  ( -19.77264843923389748, 0.7999999999999279909, -4.370912227265795202 ) ) ;
#2613 = DIRECTION ( 'NONE',  ( 0.7178050287815364028, 0.000000000000000000, 0.6962441674125089408 ) ) ;
#2614 = DIRECTION ( 'NONE',  ( -0.000000000000000000, -1.000000000000000000, -0.000000000000000000 ) ) ;
#2615 = EDGE_CURVE ( 'NONE', #1503, #2302, #1246, .T. ) ;
#2616 = ORIENTED_EDGE ( 'NONE', *, *, #1258, .F. ) ;
#2617 = FACE_OUTER_BOUND ( 'NONE', #3066, .T. ) ;
#2618 = CIRCLE ( 'NONE', #968, 22.50000000000000355 ) ;
#2619 = AXIS2_PLACEMENT_3D ( 'NONE', #3174, #2419, #685 ) ;
#2620 = DIRECTION ( 'NONE',  ( -0.9151325121668149043, 0.000000000000000000, 0.4031531783023102333 ) ) ;
#2621 = ORIENTED_EDGE ( 'NONE', *, *, #2799, .T. ) ;
#2622 = VECTOR ( 'NONE', #1524, 999.9999999999998863 ) ;
#2623 = ORIENTED_EDGE ( 'NONE', *, *, #327, .F. ) ;
#2624 = ORIENTED_EDGE ( 'NONE', *, *, #1269, .F. ) ;
#2625 = DIRECTION ( 'NONE',  ( 0.000000000000000000, 0.000000000000000000, -1.000000000000000000 ) ) ;
#2626 = EDGE_CURVE ( 'NONE', #1772, #1409, #3013, .T. ) ;
#2627 = CARTESIAN_POINT ( 'NONE',  ( 13.92900658358514399, 11.34999999999997122, 13.51061806859893899 ) ) ;
#2628 = ORIENTED_EDGE ( 'NONE', *, *, #568, .T. ) ;
#2629 = FACE_BOUND ( 'NONE', #3101, .T. ) ;
#2630 = DIRECTION ( 'NONE',  ( -0.8932766466830597274, 0.000000000000000000, -0.4495073219544571952 ) ) ;
#2631 = CARTESIAN_POINT ( 'NONE',  ( 12.50000000000000533, 3.799999999999930100, -26.15564437074637993 ) ) ;
#2632 = ORIENTED_EDGE ( 'NONE', *, *, #926, .F. ) ;
#2633 = DIRECTION ( 'NONE',  ( 0.000000000000000000, -1.000000000000000000, 0.000000000000000000 ) ) ;
#2634 = DIRECTION ( 'NONE',  ( 0.000000000000000000, 1.000000000000000000, -0.000000000000000000 ) ) ;
#2635 = ORIENTED_EDGE ( 'NONE', *, *, #1721, .F. ) ;
#2636 = ORIENTED_EDGE ( 'NONE', *, *, #3120, .T. ) ;
#2637 = ORIENTED_EDGE ( 'NONE', *, *, #839, .T. ) ;
#2638 = CYLINDRICAL_SURFACE ( 'NONE', #892, 2.999999999999999112 ) ;
#2639 = CARTESIAN_POINT ( 'NONE',  ( 15.95934561907592197, 9.763086998378504688, 15.87797266882530067 ) ) ;
#2640 = ADVANCED_FACE ( 'NONE', ( #263 ), #2787, .T. ) ;
#2641 = DIRECTION ( 'NONE',  ( 0.000000000000000000, -1.000000000000000000, 0.000000000000000000 ) ) ;
#2642 = CARTESIAN_POINT ( 'NONE',  ( 13.92900658358514399, 10.15000000000000568, 13.51061806859893899 ) ) ;
#2643 = ORIENTED_EDGE ( 'NONE', *, *, #2102, .F. ) ;
#2644 = DIRECTION ( 'NONE',  ( 0.000000000000000000, 0.000000000000000000, 1.000000000000000000 ) ) ;
#2645 = CARTESIAN_POINT ( 'NONE',  ( -9.999999999999996447, 5.992388155425063090, 23.96325621532124117 ) ) ;
#2646 = EDGE_CURVE ( 'NONE', #174, #3080, #775, .T. ) ;
#2647 = VECTOR ( 'NONE', #1117, 1000.000000000000000 ) ;
#2648 = ORIENTED_EDGE ( 'NONE', *, *, #2859, .F. ) ;
#2649 = CARTESIAN_POINT ( 'NONE',  ( 9.999999999999994671, 9.799999999999926104, -20.15564437074637993 ) ) ;
#2650 = CARTESIAN_POINT ( 'NONE',  ( -7.517602003331536054, 11.25999999999997847, 19.33150888463367778 ) ) ;
#2651 = AXIS2_PLACEMENT_3D ( 'NONE', #3088, #2377, #133 ) ;
#2652 = DIRECTION ( 'NONE',  ( 0.000000000000000000, 0.000000000000000000, -1.000000000000000000 ) ) ;
#2653 = ORIENTED_EDGE ( 'NONE', *, *, #3184, .T. ) ;
#2654 = EDGE_CURVE ( 'NONE', #554, #1806, #3027, .T. ) ;
#2655 = ORIENTED_EDGE ( 'NONE', *, *, #1127, .F. ) ;
#2656 = ORIENTED_EDGE ( 'NONE', *, *, #2249, .F. ) ;
#2657 = CARTESIAN_POINT ( 'NONE',  ( 13.47224489787240032, 11.25999999999997314, 5.357993681648110851 ) ) ;
#2658 = AXIS2_PLACEMENT_3D ( 'NONE', #1919, #3140, #878 ) ;
#2659 = DIRECTION ( 'NONE',  ( -2.891205793294676354E-16, 0.000000000000000000, -1.000000000000000000 ) ) ;
#2660 = AXIS2_PLACEMENT_3D ( 'NONE', #2358, #1344, #2376 ) ;
#2661 = EDGE_CURVE ( 'NONE', #2927, #778, #2291, .T. ) ;
#2662 = DIRECTION ( 'NONE',  ( 8.673617379884034486E-16, 0.000000000000000000, -1.000000000000000000 ) ) ;
#2663 = LINE ( 'NONE', #2412, #1219 ) ;
#2664 = ORIENTED_EDGE ( 'NONE', *, *, #1948, .T. ) ;
#2665 = DIRECTION ( 'NONE',  ( 0.4031531783023043491, 0.000000000000000000, 0.9151325121668174578 ) ) ;
#2666 = CARTESIAN_POINT ( 'NONE',  ( 0.000000000000000000, 74.98961030678925965, 0.000000000000000000 ) ) ;
#2667 = VECTOR ( 'NONE', #2613, 1000.000000000000000 ) ;
#2668 = EDGE_CURVE ( 'NONE', #2347, #1644, #105, .T. ) ;
#2669 = ORIENTED_EDGE ( 'NONE', *, *, #1432, .T. ) ;
#2670 = DIRECTION ( 'NONE',  ( 0.000000000000000000, 0.000000000000000000, -1.000000000000000000 ) ) ;
#2671 = EDGE_CURVE ( 'NONE', #2263, #1651, #2012, .T. ) ;
#2672 = DIRECTION ( 'NONE',  ( -0.000000000000000000, -1.000000000000000000, -0.000000000000000000 ) ) ;
#2673 = FACE_OUTER_BOUND ( 'NONE', #469, .T. ) ;
#2674 = CLOSED_SHELL ( 'NONE', ( #2712, #2307, #2074, #762, #465, #556, #1834, #2120, #510, #2795, #2640, #717, #693, #2297, #1962, #231, #1629, #1290, #919, #2451, #339, #1261, #1852, #2763, #1714, #2598, #1533, #2793, #2081, #2563, #209, #1931, #1977, #1077, #3244, #676, #217, #792, #2171, #460, #2050, #1296, #1564, #2570, #1973, #758, #2521, #2063, #2686, #1019, #1098, #387, #354, #109, #2720, #1231, #742, #1463, #1785, #1017, #18, #1042, #72, #2518, #2314, #207, #77, #1444, #313, #1086, #3261, #1672, #2750, #99, #2996, #370, #2349, #1730, #2900, #1981, #500, #999, #2805, #1131, #408, #11, #198, #2771, #2694, #896, #2023, #3105, #2892, #134, #450, #1221, #2440, #851, #1602 ) ) ;
#2676 = ORIENTED_EDGE ( 'NONE', *, *, #1341, .T. ) ;
#2675 = EDGE_CURVE ( 'NONE', #1703, #3129, #346, .T. ) ;
#2677 = AXIS2_PLACEMENT_3D ( 'NONE', #2318, #1351, #1287 ) ;
#2678 = ORIENTED_EDGE ( 'NONE', *, *, #573, .T. ) ;
#2679 = AXIS2_PLACEMENT_3D ( 'NONE', #1470, #1975, #536 ) ;
#2680 = FACE_OUTER_BOUND ( 'NONE', #2387, .T. ) ;
#2681 = LINE ( 'NONE', #1141, #642 ) ;
#2682 = LINE ( 'NONE', #2951, #2875 ) ;
#2683 = EDGE_CURVE ( 'NONE', #1407, #1938, #380, .T. ) ;
#2684 = CARTESIAN_POINT ( 'NONE',  ( 12.79856270660934392, 11.32488351772294699, 14.67606883662777584 ) ) ;
#2685 = VERTEX_POINT ( 'NONE', #3135 ) ;
#2686 = ADVANCED_FACE ( 'NONE', ( #2109 ), #1378, .F. ) ;
#2687 = CARTESIAN_POINT ( 'NONE',  ( 0.000000000000000000, 74.98961030678925965, -19.40500000002931458 ) ) ;
#2688 = CARTESIAN_POINT ( 'NONE',  ( -12.49999999999999645, -2.352679656440426204, -26.15564437074638349 ) ) ;
#2689 =( BOUNDED_CURVE ( )  B_SPLINE_CURVE ( 3, ( #3137, #350, #1381, #1099 ),
 .UNSPECIFIED., .F., .F. ) 
 B_SPLINE_CURVE_WITH_KNOTS ( ( 4, 4 ),
 ( 1.570796326794899000, 3.141592653589794892 ),
 .UNSPECIFIED. ) 
 CURVE ( )  GEOMETRIC_REPRESENTATION_ITEM ( )  RATIONAL_B_SPLINE_CURVE ( ( 1.000000000000000000, 0.8047378541243652705, 0.8047378541243652705, 1.000000000000000000 ) ) 
 REPRESENTATION_ITEM ( '' )  );
#2690 = DIRECTION ( 'NONE',  ( 1.000000000000000000, 0.000000000000000000, -0.000000000000000000 ) ) ;
#2691 = LINE ( 'NONE', #187, #718 ) ;
#2692 = ORIENTED_EDGE ( 'NONE', *, *, #2275, .T. ) ;
#2693 = ORIENTED_EDGE ( 'NONE', *, *, #3207, .T. ) ;
#2694 = ADVANCED_FACE ( 'NONE', ( #3103 ), #580, .T. ) ;
#2695 = ORIENTED_EDGE ( 'NONE', *, *, #1138, .F. ) ;
#2696 = ORIENTED_EDGE ( 'NONE', *, *, #1974, .T. ) ;
#2697 = CARTESIAN_POINT ( 'NONE',  ( -13.51061806865183357, 74.98961030678925965, 13.92900658353580923 ) ) ;
#2698 = DIRECTION ( 'NONE',  ( 0.000000000000000000, 0.000000000000000000, -1.000000000000000000 ) ) ;
#2699 = AXIS2_PLACEMENT_3D ( 'NONE', #94, #1844, #850 ) ;
#2700 = DIRECTION ( 'NONE',  ( 0.000000000000000000, -1.000000000000000000, 0.000000000000000000 ) ) ;
#2701 = ORIENTED_EDGE ( 'NONE', *, *, #897, .T. ) ;
#2702 = EDGE_CURVE ( 'NONE', #2489, #356, #855, .T. ) ;
#2703 = CARTESIAN_POINT ( 'NONE',  ( -9.999999999999996447, 9.799999999999926104, 26.15564437074638349 ) ) ;
#2704 = CARTESIAN_POINT ( 'NONE',  ( 7.026732143693278587, 11.34999999999997300, 19.21010431083652392 ) ) ;
#2705 = PLANE ( 'NONE',  #226 ) ;
#2706 = ORIENTED_EDGE ( 'NONE', *, *, #3184, .F. ) ;
#2707 = CARTESIAN_POINT ( 'NONE',  ( 0.000000000000000000, 75.46461030678925397, 0.000000000000000000 ) ) ;
#2708 = ORIENTED_EDGE ( 'NONE', *, *, #1635, .T. ) ;
#2709 = VERTEX_POINT ( 'NONE', #308 ) ;
#2710 = AXIS2_PLACEMENT_3D ( 'NONE', #2066, #2298, #1039 ) ;
#2711 = FACE_OUTER_BOUND ( 'NONE', #1987, .T. ) ;
#2712 = ADVANCED_FACE ( 'NONE', ( #2886 ), #1058, .F. ) ;
#2713 = EDGE_LOOP ( 'NONE', ( #2450, #1440 ) ) ;
#2714 = DIRECTION ( 'NONE',  ( -0.4226182617406970543, 0.000000000000000000, -0.9063077870366511579 ) ) ;
#2715 = LINE ( 'NONE', #2426, #3078 ) ;
#2716 = CARTESIAN_POINT ( 'NONE',  ( -16.97266793280125796, 9.799999999999926104, 14.77086805989614149 ) ) ;
#2717 = EDGE_LOOP ( 'NONE', ( #636, #2912, #281, #607 ) ) ;
#2718 = CARTESIAN_POINT ( 'NONE',  ( 11.15802247752154663, 11.25999999999997314, 19.53838617673230615 ) ) ;
#2719 = DIRECTION ( 'NONE',  ( 0.000000000000000000, 1.000000000000000000, -0.000000000000000000 ) ) ;
#2720 = ADVANCED_FACE ( 'NONE', ( #2359 ), #2902, .T. ) ;
#2721 = ORIENTED_EDGE ( 'NONE', *, *, #1120, .F. ) ;
#2722 = TOROIDAL_SURFACE ( 'NONE', #183, 20.50000000000000355, 2.000000000000000000 ) ;
#2723 = DIRECTION ( 'NONE',  ( 0.000000000000000000, 0.000000000000000000, -1.000000000000000000 ) ) ;
#2724 = ORIENTED_EDGE ( 'NONE', *, *, #405, .F. ) ;
#2725 = VERTEX_POINT ( 'NONE', #872 ) ;
#2726 = CARTESIAN_POINT ( 'NONE',  ( -20.28561557374407442, 9.799999999999926104, -9.459337892425100591 ) ) ;
#2727 = EDGE_LOOP ( 'NONE', ( #1794, #925, #2437 ) ) ;
#2728 = CARTESIAN_POINT ( 'NONE',  ( -13.51061806865133796, 10.15000000000000568, 13.92900658353529941 ) ) ;
#2729 = CARTESIAN_POINT ( 'NONE',  ( -7.181773703878874038, 10.24999999999999822, 20.09381813053617449 ) ) ;
#2730 = TOROIDAL_SURFACE ( 'NONE', #2677, 3.089999999999999858, 0.08999999999999999667 ) ;
#2731 = CARTESIAN_POINT ( 'NONE',  ( 13.01503412206614918, 11.34153885765354453, 14.45289386745075788 ) ) ;
#2732 = ORIENTED_EDGE ( 'NONE', *, *, #2320, .T. ) ;
#2733 = LINE ( 'NONE', #1982, #2338 ) ;
#2734 = LINE ( 'NONE', #212, #347 ) ;
#2735 = DIRECTION ( 'NONE',  ( 0.000000000000000000, -0.000000000000000000, -1.000000000000000000 ) ) ;
#2736 = ORIENTED_EDGE ( 'NONE', *, *, #1459, .T. ) ;
#2737 = ORIENTED_EDGE ( 'NONE', *, *, #2160, .T. ) ;
#2738 = CARTESIAN_POINT ( 'NONE',  ( 8.626808707502201301, 36.38267500856138525, 18.89423185675252981 ) ) ;
#2739 = ORIENTED_EDGE ( 'NONE', *, *, #2415, .T. ) ;
#2740 = DIRECTION ( 'NONE',  ( 0.9063077870366511579, 0.000000000000000000, 0.4226182617406970543 ) ) ;
#2741 = VERTEX_POINT ( 'NONE', #1595 ) ;
#2742 = B_SPLINE_CURVE_WITH_KNOTS ( 'NONE', 3,
 ( #2716, #162, #147, #969, #3233, #1145, #2173, #444 ),
 .UNSPECIFIED., .F., .F.,
 ( 4, 2, 2, 4 ),
 ( 0.000000000000000000, 0.004448900070865357409, 0.006673350106298030042, 0.008897800141730704410 ),
 .UNSPECIFIED. ) ;
#2743 = CARTESIAN_POINT ( 'NONE',  ( -17.80880838013104039, 9.799999999999926104, 14.77086805989614327 ) ) ;
#2744 = VERTEX_POINT ( 'NONE', #2612 ) ;
#2745 = CARTESIAN_POINT ( 'NONE',  ( 13.91354715801901953, 0.000000000000000000, -26.15564437074637638 ) ) ;
#2746 = CARTESIAN_POINT ( 'NONE',  ( -7.813924682793266463, 11.25000000000000000, 18.65887492646982082 ) ) ;
#2747 = ORIENTED_EDGE ( 'NONE', *, *, #1491, .F. ) ;
#2748 = AXIS2_PLACEMENT_3D ( 'NONE', #1909, #1892, #1457 ) ;
#2749 = CARTESIAN_POINT ( 'NONE',  ( 0.000000000000000000, 0.04999999999992814359, 0.000000000000000000 ) ) ;
#2750 = ADVANCED_FACE ( 'NONE', ( #2853 ), #1810, .F. ) ;
#2751 = ORIENTED_EDGE ( 'NONE', *, *, #1475, .F. ) ;
#2752 = DIRECTION ( 'NONE',  ( -0.4222963910928513864, 0.000000000000000000, -0.9064578082128001979 ) ) ;
#2753 = ORIENTED_EDGE ( 'NONE', *, *, #1153, .F. ) ;
#2754 = CARTESIAN_POINT ( 'NONE',  ( -0.9898953764363276342, 2.799999999999927880, 2.648711740116493463 ) ) ;
#2755 = ORIENTED_EDGE ( 'NONE', *, *, #2333, .T. ) ;
#2756 = VECTOR ( 'NONE', #3189, 1000.000000000000000 ) ;
#2757 = CARTESIAN_POINT ( 'NONE',  ( -9.999999999999994671, -0.000000000000000000, -23.61179387238010818 ) ) ;
#2758 = ORIENTED_EDGE ( 'NONE', *, *, #2626, .F. ) ;
#2759 = DIRECTION ( 'NONE',  ( -0.000000000000000000, 1.000000000000000000, -0.000000000000000000 ) ) ;
#2760 = VECTOR ( 'NONE', #2341, 1000.000000000000000 ) ;
#2761 = CARTESIAN_POINT ( 'NONE',  ( -18.62577703540877749, 2.799999999999927880, -7.946252565029581660 ) ) ;
#2762 = CARTESIAN_POINT ( 'NONE',  ( -9.999999999999996447, 3.469446951953614189E-15, -26.15564437074638349 ) ) ;
#2763 = ADVANCED_FACE ( 'NONE', ( #1111 ), #1883, .T. ) ;
#2764 = ORIENTED_EDGE ( 'NONE', *, *, #2110, .F. ) ;
#2765 = CIRCLE ( 'NONE', #1966, 20.25000000000000355 ) ;
#2766 = CARTESIAN_POINT ( 'NONE',  ( 8.072732333809758742, 11.33841334137015977, 19.05715415547814828 ) ) ;
#2767 = CARTESIAN_POINT ( 'NONE',  ( 9.277055991985228900, 11.25000000000000000, 18.37844129339694987 ) ) ;
#2768 = CIRCLE ( 'NONE', #1809, 1.999999999999998224 ) ;
#2769 = VECTOR ( 'NONE', #2994, 1000.000000000000000 ) ;
#2770 = DIRECTION ( 'NONE',  ( 0.000000000000000000, 0.000000000000000000, 1.000000000000000000 ) ) ;
#2771 = ADVANCED_FACE ( 'NONE', ( #2629, #100 ), #1096, .F. ) ;
#2772 = ORIENTED_EDGE ( 'NONE', *, *, #2854, .T. ) ;
#2773 = EDGE_CURVE ( 'NONE', #318, #2571, #326, .T. ) ;
#2774 = DIRECTION ( 'NONE',  ( -0.000000000000000000, -1.000000000000000000, -0.000000000000000000 ) ) ;
#2775 = CARTESIAN_POINT ( 'NONE',  ( 8.286763934086796013, 11.25999999999997314, 18.39646920218777026 ) ) ;
#2776 = VECTOR ( 'NONE', #1281, 1000.000000000000114 ) ;
#2777 = ORIENTED_EDGE ( 'NONE', *, *, #1475, .T. ) ;
#2778 = DIRECTION ( 'NONE',  ( 0.3695524189464524101, 0.000000000000000000, -0.9292098846067156082 ) ) ;
#2779 = VERTEX_POINT ( 'NONE', #2345 ) ;
#2780 = CARTESIAN_POINT ( 'NONE',  ( -20.63924026080315599, 2.799999999999927880, -8.959450957332267151 ) ) ;
#2781 = CARTESIAN_POINT ( 'NONE',  ( 0.000000000000000000, 10.00000000000000000, 0.000000000000000000 ) ) ;
#2782 = CARTESIAN_POINT ( 'NONE',  ( -19.91812141363523025, 3.549999999999928324, 3.651155892547749637 ) ) ;
#2783 = VERTEX_POINT ( 'NONE', #2642 ) ;
#2784 = AXIS2_PLACEMENT_3D ( 'NONE', #2532, #1468, #1218 ) ;
#2785 = EDGE_CURVE ( 'NONE', #1192, #2741, #442, .T. ) ;
#2786 = VECTOR ( 'NONE', #297, 1000.000000000000114 ) ;
#2787 = PLANE ( 'NONE',  #1374 ) ;
#2788 = CIRCLE ( 'NONE', #3200, 13.00000000000000000 ) ;
#2789 = CARTESIAN_POINT ( 'NONE',  ( -7.490427963492608754, 11.33257588819465767, 19.30197009394602148 ) ) ;
#2790 = DIRECTION ( 'NONE',  ( -0.2823242607847370467, -0.6783409952864249970, 0.6783409952864223325 ) ) ;
#2791 = ORIENTED_EDGE ( 'NONE', *, *, #3020, .F. ) ;
#2792 = CARTESIAN_POINT ( 'NONE',  ( -9.999999999999994671, -0.000000000000000000, 23.61179387238010818 ) ) ;
#2793 = ADVANCED_FACE ( 'NONE', ( #641 ), #1575, .T. ) ;
#2794 = FILL_AREA_STYLE ('',( #1777 ) ) ;
#2795 = ADVANCED_FACE ( 'NONE', ( #592 ), #1050, .F. ) ;
#2796 = ORIENTED_EDGE ( 'NONE', *, *, #179, .T. ) ;
#2797 = CARTESIAN_POINT ( 'NONE',  ( -19.91812141363523025, 3.549999999999928324, 3.651155892547749637 ) ) ;
#2798 = LINE ( 'NONE', #475, #2769 ) ;
#2799 = EDGE_CURVE ( 'NONE', #456, #682, #1590, .T. ) ;
#2800 = CYLINDRICAL_SURFACE ( 'NONE', #2019, 19.50000000000000355 ) ;
#2801 = CARTESIAN_POINT ( 'NONE',  ( -12.13064373469592994, 11.25000000000000000, 15.26753033669436022 ) ) ;
#2802 = DIRECTION ( 'NONE',  ( 0.000000000000000000, 1.000000000000000000, -0.000000000000000000 ) ) ;
#2803 = ORIENTED_EDGE ( 'NONE', *, *, #1583, .F. ) ;
#2804 = FACE_OUTER_BOUND ( 'NONE', #784, .T. ) ;
#2805 = ADVANCED_FACE ( 'NONE', ( #82, #577, #305, #98 ), #1815, .T. ) ;
#2806 = CARTESIAN_POINT ( 'NONE',  ( 0.000000000000000000, 2.799999999999927880, 0.000000000000000000 ) ) ;
#2807 = AXIS2_PLACEMENT_3D ( 'NONE', #60, #1627, #2625 ) ;
#2808 = ADVANCED_BREP_SHAPE_REPRESENTATION ( 'Watch Body - Velcro', ( #253, #2339 ), #1116 ) ;
#2809 = VERTEX_POINT ( 'NONE', #1592 ) ;
#2810 = DIRECTION ( 'NONE',  ( 0.000000000000000000, 0.000000000000000000, -1.000000000000000000 ) ) ;
#2811 = CARTESIAN_POINT ( 'NONE',  ( 9.999999999999994671, 9.799999999999926104, -14.77086805989614149 ) ) ;
#2812 = EDGE_LOOP ( 'NONE', ( #1683, #1016, #454, #1413 ) ) ;
#2813 = CARTESIAN_POINT ( 'NONE',  ( -19.18041321313021541, 3.549999999999928324, 3.515927896527460739 ) ) ;
#2814 = EDGE_LOOP ( 'NONE', ( #3213, #1858, #150, #2423 ) ) ;
#2815 = EDGE_CURVE ( 'NONE', #827, #197, #1082, .T. ) ;
#2816 = EDGE_CURVE ( 'NONE', #2166, #2263, #2211, .T. ) ;
#2817 = AXIS2_PLACEMENT_3D ( 'NONE', #2049, #71, #3063 ) ;
#2818 = CARTESIAN_POINT ( 'NONE',  ( -9.999999999999996447, 3.799999999999930100, 26.15564437074638349 ) ) ;
#2819 = CARTESIAN_POINT ( 'NONE',  ( 0.000000000000000000, -2.974000000000072141, 0.000000000000000000 ) ) ;
#2820 = DIRECTION ( 'NONE',  ( 0.9998837755602059119, 0.000000000000000000, -0.01524583128163091439 ) ) ;
#2821 = ORIENTED_EDGE ( 'NONE', *, *, #2874, .F. ) ;
#2822 = AXIS2_PLACEMENT_3D ( 'NONE', #1356, #2899, #834 ) ;
#2823 = CARTESIAN_POINT ( 'NONE',  ( 8.039628191407247826, 11.34997757963526865, 19.02330787126357237 ) ) ;
#2824 = EDGE_CURVE ( 'NONE', #2520, #1662, #388, .T. ) ;
#2825 = CARTESIAN_POINT ( 'NONE',  ( 9.999999999999991118, 19.87782218537311252, -10.07782218537314556 ) ) ;
#2826 = EDGE_LOOP ( 'NONE', ( #1252, #1365, #204, #2083 ) ) ;
#2827 = VECTOR ( 'NONE', #1233, 1000.000000000000000 ) ;
#2828 = LINE ( 'NONE', #1088, #587 ) ;
#2829 = ORIENTED_EDGE ( 'NONE', *, *, #2950, .T. ) ;
#2830 = EDGE_CURVE ( 'NONE', #2230, #2135, #1489, .T. ) ;
#2831 = FACE_OUTER_BOUND ( 'NONE', #2982, .T. ) ;
#2832 = ORIENTED_EDGE ( 'NONE', *, *, #2908, .F. ) ;
#2833 = AXIS2_PLACEMENT_3D ( 'NONE', #644, #2299, #1652 ) ;
#2834 = DIRECTION ( 'NONE',  ( 0.000000000000000000, 0.000000000000000000, -1.000000000000000000 ) ) ;
#2835 = CARTESIAN_POINT ( 'NONE',  ( -16.17957869874080856, 9.799999999999926104, 18.26476238673711094 ) ) ;
#2836 = DIRECTION ( 'NONE',  ( 0.000000000000000000, 1.000000000000000000, 0.000000000000000000 ) ) ;
#2837 = VERTEX_POINT ( 'NONE', #1864 ) ;
#2838 = DIRECTION ( 'NONE',  ( 0.000000000000000000, 0.000000000000000000, 1.000000000000000000 ) ) ;
#2839 = DIRECTION ( 'NONE',  ( -0.000000000000000000, -1.000000000000000000, -0.000000000000000000 ) ) ;
#2840 = CIRCLE ( 'NONE', #1187, 19.41000000000000369 ) ;
#2841 = DIRECTION ( 'NONE',  ( -0.3842467840676229152, 0.000000000000000000, -0.9232304202817894767 ) ) ;
#2842 = AXIS2_PLACEMENT_3D ( 'NONE', #3143, #2435, #1889 ) ;
#2843 = ORIENTED_EDGE ( 'NONE', *, *, #1950, .F. ) ;
#2844 = CARTESIAN_POINT ( 'NONE',  ( 2.632990618166810024E-15, 11.82499999999997264, -20.50000000000000355 ) ) ;
#2845 = VERTEX_POINT ( 'NONE', #2885 ) ;
#2846 = CARTESIAN_POINT ( 'NONE',  ( 12.50000000000000533, 3.799999999999902567, 26.15564437074637993 ) ) ;
#2847 = EDGE_LOOP ( 'NONE', ( #865, #1054, #2119, #1308 ) ) ;
#2848 = LINE ( 'NONE', #1811, #860 ) ;
#2849 = FACE_OUTER_BOUND ( 'NONE', #559, .T. ) ;
#2850 = LINE ( 'NONE', #1573, #485 ) ;
#2851 = ORIENTED_EDGE ( 'NONE', *, *, #683, .F. ) ;
#2852 = PLANE ( 'NONE',  #1114 ) ;
#2853 = FACE_OUTER_BOUND ( 'NONE', #1164, .T. ) ;
#2854 = EDGE_CURVE ( 'NONE', #3032, #2744, #1882, .T. ) ;
#2855 = LINE ( 'NONE', #1634, #2027 ) ;
#2856 = ORIENTED_EDGE ( 'NONE', *, *, #785, .T. ) ;
#2857 = CARTESIAN_POINT ( 'NONE',  ( 0.000000000000000000, 9.799999999999926104, 0.000000000000000000 ) ) ;
#2858 = AXIS2_PLACEMENT_3D ( 'NONE', #3009, #2558, #1259 ) ;
#2859 = EDGE_CURVE ( 'NONE', #3175, #812, #2277, .T. ) ;
#2860 = DIRECTION ( 'NONE',  ( -0.3131456130149716799, 0.6715429342378171906, -0.6715429342378194111 ) ) ;
#2861 = ORIENTED_EDGE ( 'NONE', *, *, #3059, .T. ) ;
#2862 = CARTESIAN_POINT ( 'NONE',  ( -12.49999999999999645, 3.799999999999930100, 26.15564437074638349 ) ) ;
#2863 = CARTESIAN_POINT ( 'NONE',  ( -17.80880838013104039, 9.799999999999926104, 14.77086805989614327 ) ) ;
#2864 = CARTESIAN_POINT ( 'NONE',  ( 0.2958453560192104148, 74.98961030678925965, 19.40274466469435311 ) ) ;
#2865 = ORIENTED_EDGE ( 'NONE', *, *, #832, .F. ) ;
#2866 = CARTESIAN_POINT ( 'NONE',  ( 0.000000000000000000, 10.15000000000000568, 0.000000000000000000 ) ) ;
#2867 = CARTESIAN_POINT ( 'NONE',  ( 13.29357359338712108, 10.12106578026699388, 14.16572875701128531 ) ) ;
#2868 = VECTOR ( 'NONE', #861, 1000.000000000000000 ) ;
#2869 = DIRECTION ( 'NONE',  ( 1.000000000000000000, 0.000000000000000000, -0.000000000000000000 ) ) ;
#2870 = CARTESIAN_POINT ( 'NONE',  ( 6.980079899886444394, 11.25000000000000000, 16.15045995767501807 ) ) ;
#2871 = ORIENTED_EDGE ( 'NONE', *, *, #97, .F. ) ;
#2872 = DIRECTION ( 'NONE',  ( 0.000000000000000000, -1.000000000000000000, 0.000000000000000000 ) ) ;
#2873 = EDGE_CURVE ( 'NONE', #554, #1007, #1912, .T. ) ;
#2874 = EDGE_CURVE ( 'NONE', #1354, #1206, #291, .T. ) ;
#2875 = VECTOR ( 'NONE', #1396, 1000.000000000000000 ) ;
#2876 = DIRECTION ( 'NONE',  ( -0.8935469126812358720, 0.000000000000000000, 0.4489698373363534833 ) ) ;
#2877 = ORIENTED_EDGE ( 'NONE', *, *, #2088, .F. ) ;
#2878 = VECTOR ( 'NONE', #1658, 1000.000000000000227 ) ;
#2879 = AXIS2_PLACEMENT_3D ( 'NONE', #1570, #1541, #1841 ) ;
#2880 = EDGE_LOOP ( 'NONE', ( #2506, #2991, #893, #2696, #2655 ) ) ;
#2881 = ORIENTED_EDGE ( 'NONE', *, *, #156, .F. ) ;
#2882 = CARTESIAN_POINT ( 'NONE',  ( 13.55587378748700722, -2.974000000000072141, 5.391253399353296061 ) ) ;
#2883 = FACE_OUTER_BOUND ( 'NONE', #3258, .T. ) ;
#2884 = ORIENTED_EDGE ( 'NONE', *, *, #1726, .F. ) ;
#2885 = CARTESIAN_POINT ( 'NONE',  ( 17.50000000000000711, -2.974000000000072141, -14.14213562373094391 ) ) ;
#2886 = FACE_OUTER_BOUND ( 'NONE', #975, .T. ) ;
#2887 = CARTESIAN_POINT ( 'NONE',  ( 6.980079899971487478, 74.98961030678925965, 16.15045995762239528 ) ) ;
#2888 = DIRECTION ( 'NONE',  ( 0.000000000000000000, 0.000000000000000000, -1.000000000000000000 ) ) ;
#2889 = ORIENTED_EDGE ( 'NONE', *, *, #2422, .F. ) ;
#2890 = LINE ( 'NONE', #1416, #2756 ) ;
#2891 = CIRCLE ( 'NONE', #452, 19.50000000000000355 ) ;
#2892 = ADVANCED_FACE ( 'NONE', ( #2079, #2590 ), #2308, .F. ) ;
#2893 = CARTESIAN_POINT ( 'NONE',  ( 0.000000000000000000, 11.34999999999997122, -19.40500000002931458 ) ) ;
#2894 = ORIENTED_EDGE ( 'NONE', *, *, #2292, .T. ) ;
#2895 = EDGE_CURVE ( 'NONE', #298, #1210, #2172, .T. ) ;
#2896 = ORIENTED_EDGE ( 'NONE', *, *, #2212, .T. ) ;
#2897 = EDGE_LOOP ( 'NONE', ( #126, #286, #2635, #2045 ) ) ;
#2898 = DIRECTION ( 'NONE',  ( -1.000000000000000000, -0.000000000000000000, 2.891205793294676354E-16 ) ) ;
#2899 = DIRECTION ( 'NONE',  ( 0.000000000000000000, -1.000000000000000000, 0.000000000000000000 ) ) ;
#2900 = ADVANCED_FACE ( 'NONE', ( #1832 ), #2852, .F. ) ;
#2901 = CARTESIAN_POINT ( 'NONE',  ( 2.202527268266514464E-15, 11.37499999999996803, -17.98499999999999588 ) ) ;
#2902 = CYLINDRICAL_SURFACE ( 'NONE', #1066, 13.00000000000000000 ) ;
#2903 = EDGE_LOOP ( 'NONE', ( #437, #2184, #799, #654 ) ) ;
#2904 = CYLINDRICAL_SURFACE ( 'NONE', #657, 1.500000000000001332 ) ;
#2905 = CARTESIAN_POINT ( 'NONE',  ( 10.00000000000000355, 5.992388155425059537, -23.96325621532124117 ) ) ;
#2906 = CARTESIAN_POINT ( 'NONE',  ( -19.18041321313021541, 0.04999999999992814359, 3.515927896527460739 ) ) ;
#2907 = LINE ( 'NONE', #1387, #176 ) ;
#2908 = EDGE_CURVE ( 'NONE', #1409, #2327, #597, .T. ) ;
#2909 = EDGE_CURVE ( 'NONE', #727, #3262, #3183, .T. ) ;
#2910 = CARTESIAN_POINT ( 'NONE',  ( 0.000000000000000000, 36.38267500856138525, 0.000000000000000000 ) ) ;
#2911 = ORIENTED_EDGE ( 'NONE', *, *, #2420, .T. ) ;
#2912 = ORIENTED_EDGE ( 'NONE', *, *, #2067, .T. ) ;
#2913 = LINE ( 'NONE', #674, #1148 ) ;
#2914 = DIRECTION ( 'NONE',  ( -8.006416042969879049E-16, -2.668805347656626481E-15, -1.000000000000000000 ) ) ;
#2915 = EDGE_CURVE ( 'NONE', #3195, #3095, #1911, .T. ) ;
#2916 = CARTESIAN_POINT ( 'NONE',  ( 9.999999999999982236, 0.000000000000000000, 1.523461437352145818E-16 ) ) ;
#2917 = EDGE_LOOP ( 'NONE', ( #2429, #484, #2280, #1824 ) ) ;
#2918 = CARTESIAN_POINT ( 'NONE',  ( -9.109175301177385720, 11.34999999999997300, 17.13974986201431960 ) ) ;
#2919 = LINE ( 'NONE', #1403, #446 ) ;
#2920 = EDGE_CURVE ( 'NONE', #1703, #330, #2715, .T. ) ;
#2921 = AXIS2_PLACEMENT_3D ( 'NONE', #2198, #2448, #1685 ) ;
#2922 = VERTEX_POINT ( 'NONE', #1666 ) ;
#2923 = DIRECTION ( 'NONE',  ( 0.9469039830793308798, 0.000000000000000000, -0.3215164798707810800 ) ) ;
#2924 = DIRECTION ( 'NONE',  ( 0.000000000000000000, -0.000000000000000000, -1.000000000000000000 ) ) ;
#2925 = DIRECTION ( 'NONE',  ( -0.9836109340066773177, 0.000000000000000000, 0.1803039946937170512 ) ) ;
#2926 = ORIENTED_EDGE ( 'NONE', *, *, #2929, .F. ) ;
#2927 = VERTEX_POINT ( 'NONE', #639 ) ;
#2928 = EDGE_LOOP ( 'NONE', ( #1313, #2947, #1024, #3003, #401 ) ) ;
#2929 = EDGE_CURVE ( 'NONE', #1723, #1740, #1540, .T. ) ;
#2930 = CARTESIAN_POINT ( 'NONE',  ( -20.28561557374407442, 9.799999999999926104, 9.459337892425100591 ) ) ;
#2931 = CIRCLE ( 'NONE', #1914, 17.98499999999503274 ) ;
#2932 = FACE_OUTER_BOUND ( 'NONE', #774, .T. ) ;
#2933 = AXIS2_PLACEMENT_3D ( 'NONE', #2901, #64, #871 ) ;
#2934 = LINE ( 'NONE', #443, #123 ) ;
#2935 = EDGE_CURVE ( 'NONE', #323, #796, #627, .T. ) ;
#2936 = CARTESIAN_POINT ( 'NONE',  ( 8.107012747381945772, 74.98961030678925965, 19.09197697396391646 ) ) ;
#2937 = EDGE_LOOP ( 'NONE', ( #1283, #2960, #410, #2107, #1391, #336, #3000 ) ) ;
#2938 = VECTOR ( 'NONE', #101, 1000.000000000000000 ) ;
#2939 = EDGE_LOOP ( 'NONE', ( #3097, #164, #2944, #921 ) ) ;
#2940 = LINE ( 'NONE', #2649, #2326 ) ;
#2941 = DIRECTION ( 'NONE',  ( 0.000000000000000000, 0.000000000000000000, 1.000000000000000000 ) ) ;
#2942 = VECTOR ( 'NONE', #1886, 1000.000000000000000 ) ;
#2943 = ORIENTED_EDGE ( 'NONE', *, *, #1422, .F. ) ;
#2944 = ORIENTED_EDGE ( 'NONE', *, *, #195, .T. ) ;
#2945 = VECTOR ( 'NONE', #2925, 1000.000000000000000 ) ;
#2946 = ORIENTED_EDGE ( 'NONE', *, *, #1567, .T. ) ;
#2947 = ORIENTED_EDGE ( 'NONE', *, *, #1576, .F. ) ;
#2948 = AXIS2_PLACEMENT_3D ( 'NONE', #1254, #1623, #2585 ) ;
#2949 = DIRECTION ( 'NONE',  ( 0.000000000000000000, 0.000000000000000000, -1.000000000000000000 ) ) ;
#2950 = EDGE_CURVE ( 'NONE', #2202, #3032, #940, .T. ) ;
#2951 = CARTESIAN_POINT ( 'NONE',  ( -15.29784594892997163, 9.799999999999926104, -14.77086805989612905 ) ) ;
#2952 = LINE ( 'NONE', #1979, #69 ) ;
#2953 = ORIENTED_EDGE ( 'NONE', *, *, #2552, .F. ) ;
#2954 = CARTESIAN_POINT ( 'NONE',  ( -12.59505669002710349, 11.25000000000000000, 14.88672384962532824 ) ) ;
#2955 = EDGE_CURVE ( 'NONE', #244, #1800, #2934, .T. ) ;
#2956 = CARTESIAN_POINT ( 'NONE',  ( 0.3146861180320600360, -2.974000000000072141, 20.63839865480838398 ) ) ;
#2957 = CARTESIAN_POINT ( 'NONE',  ( -9.999999999999996447, 3.469446951953614189E-15, 26.15564437074638349 ) ) ;
#2958 = ORIENTED_EDGE ( 'NONE', *, *, #223, .T. ) ;
#2959 = DIRECTION ( 'NONE',  ( -0.000000000000000000, -1.000000000000000000, -0.000000000000000000 ) ) ;
#2960 = ORIENTED_EDGE ( 'NONE', *, *, #939, .T. ) ;
#2961 = ORIENTED_EDGE ( 'NONE', *, *, #1046, .F. ) ;
#2962 = EDGE_CURVE ( 'NONE', #2203, #2166, #2682, .T. ) ;
#2963 = ORIENTED_EDGE ( 'NONE', *, *, #1194, .T. ) ;
#2964 = CARTESIAN_POINT ( 'NONE',  ( 5.218048215738235740E-12, 11.82499999999997264, -2.220446049250313081E-12 ) ) ;
#2965 = CARTESIAN_POINT ( 'NONE',  ( -12.49999999999999645, 3.799999999999928324, 26.15564437074638349 ) ) ;
#2966 = EDGE_CURVE ( 'NONE', #1952, #1245, #1754, .T. ) ;
#2967 = DIRECTION ( 'NONE',  ( -0.000000000000000000, -1.000000000000000000, -0.000000000000000000 ) ) ;
#2968 = ORIENTED_EDGE ( 'NONE', *, *, #2362, .F. ) ;
#2969 = LINE ( 'NONE', #710, #136 ) ;
#2970 = CARTESIAN_POINT ( 'NONE',  ( -19.31591823177373257, 9.799999999999926104, 11.53886055308023906 ) ) ;
#2971 = ORIENTED_EDGE ( 'NONE', *, *, #3030, .T. ) ;
#2972 = CARTESIAN_POINT ( 'NONE',  ( -8.039884573100295029, -2.974000000000072141, 19.15229260200478478 ) ) ;
#2973 = ORIENTED_EDGE ( 'NONE', *, *, #2966, .T. ) ;
#2974 = ORIENTED_EDGE ( 'NONE', *, *, #2962, .T. ) ;
#2975 = VECTOR ( 'NONE', #2548, 1000.000000000000000 ) ;
#2976 =( NAMED_UNIT ( * ) PLANE_ANGLE_UNIT ( ) SI_UNIT ( $, .RADIAN. ) );
#2977 = ORIENTED_EDGE ( 'NONE', *, *, #3151, .F. ) ;
#2978 = DIRECTION ( 'NONE',  ( -0.000000000000000000, 1.000000000000000000, -0.000000000000000000 ) ) ;
#2979 = CARTESIAN_POINT ( 'NONE',  ( 0.000000000000000000, 9.900000000000035882, 0.000000000000000000 ) ) ;
#2980 = VECTOR ( 'NONE', #2169, 1000.000000000000000 ) ;
#2981 = LINE ( 'NONE', #2936, #2492 ) ;
#2982 = EDGE_LOOP ( 'NONE', ( #789, #1170, #2405, #2747 ) ) ;
#2983 = CIRCLE ( 'NONE', #1594, 3.149999999999826716 ) ;
#2984 = DIRECTION ( 'NONE',  ( -0.000000000000000000, -1.000000000000000000, 0.000000000000000000 ) ) ;
#2985 = CARTESIAN_POINT ( 'NONE',  ( 9.999999999999994671, 8.632336374617832320, 20.15564437074637993 ) ) ;
#2986 = AXIS2_PLACEMENT_3D ( 'NONE', #1836, #875, #596 ) ;
#2987 = VERTEX_POINT ( 'NONE', #194 ) ;
#2988 = DIRECTION ( 'NONE',  ( 0.000000000000000000, 1.000000000000000000, 0.000000000000000000 ) ) ;
#2989 = ORIENTED_EDGE ( 'NONE', *, *, #2773, .T. ) ;
#2990 = PLANE ( 'NONE',  #2085 ) ;
#2991 = ORIENTED_EDGE ( 'NONE', *, *, #3151, .T. ) ;
#2992 = CARTESIAN_POINT ( 'NONE',  ( 17.23832272926867404, 9.799999999999926104, 14.77086805989612905 ) ) ;
#2993 = EDGE_LOOP ( 'NONE', ( #1746, #315, #2040, #761, #341, #2589, #1334 ) ) ;
#2994 = DIRECTION ( 'NONE',  ( -0.000000000000000000, -1.000000000000000000, -0.000000000000000000 ) ) ;
#2995 = VECTOR ( 'NONE', #2988, 1000.000000000000000 ) ;
#2996 = ADVANCED_FACE ( 'NONE', ( #1630 ), #1197, .T. ) ;
#2997 = FACE_OUTER_BOUND ( 'NONE', #3051, .T. ) ;
#2998 = ORIENTED_EDGE ( 'NONE', *, *, #810, .T. ) ;
#2999 = PLANE ( 'NONE',  #3089 ) ;
#3000 = ORIENTED_EDGE ( 'NONE', *, *, #659, .T. ) ;
#3001 = EDGE_CURVE ( 'NONE', #2744, #1800, #2765, .T. ) ;
#3002 = FACE_OUTER_BOUND ( 'NONE', #2713, .T. ) ;
#3003 = ORIENTED_EDGE ( 'NONE', *, *, #1483, .F. ) ;
#3004 = CARTESIAN_POINT ( 'NONE',  ( 0.000000000000000000, 9.824999999999972644, 0.000000000000000000 ) ) ;
#3005 = ORIENTED_EDGE ( 'NONE', *, *, #1885, .T. ) ;
#3006 = EDGE_CURVE ( 'NONE', #55, #2725, #70, .T. ) ;
#3007 = LINE ( 'NONE', #731, #2511 ) ;
#3008 = CARTESIAN_POINT ( 'NONE',  ( 0.000000000000000000, 11.34999999999997300, 0.000000000000000000 ) ) ;
#3009 = CARTESIAN_POINT ( 'NONE',  ( -6.484437924920801066, 36.38267500856138525, 16.35576158578727402 ) ) ;
#3010 = ORIENTED_EDGE ( 'NONE', *, *, #1127, .T. ) ;
#3011 = EDGE_CURVE ( 'NONE', #48, #2709, #1272, .T. ) ;
#3012 = EDGE_CURVE ( 'NONE', #2302, #2375, #490, .T. ) ;
#3013 = LINE ( 'NONE', #1280, #591 ) ;
#3014 = CYLINDRICAL_SURFACE ( 'NONE', #1608, 0.09000000000000070444 ) ;
#3015 = ORIENTED_EDGE ( 'NONE', *, *, #681, .T. ) ;
#3016 = CARTESIAN_POINT ( 'NONE',  ( 2.227020204249461178E-15, 11.34999999999997300, 18.18499999999999517 ) ) ;
#3017 = CARTESIAN_POINT ( 'NONE',  ( -12.47873232267121679, 11.33737142224768490, 14.92989735922245309 ) ) ;
#3018 = ORIENTED_EDGE ( 'NONE', *, *, #3059, .F. ) ;
#3019 = VECTOR ( 'NONE', #367, 999.9999999999998863 ) ;
#3020 = EDGE_CURVE ( 'NONE', #1104, #323, #3202, .T. ) ;
#3021 = DIRECTION ( 'NONE',  ( -0.000000000000000000, -1.000000000000000000, -0.000000000000000000 ) ) ;
#3022 = VECTOR ( 'NONE', #856, 1000.000000000000000 ) ;
#3023 = CARTESIAN_POINT ( 'NONE',  ( -1.631763199232759927E-14, 0.04999999999992814359, 3.449955661462643006E-14 ) ) ;
#3024 = CARTESIAN_POINT ( 'NONE',  ( 0.000000000000000000, 11.25999999999997314, 0.000000000000000000 ) ) ;
#3025 = ORIENTED_EDGE ( 'NONE', *, *, #2290, .F. ) ;
#3026 = CIRCLE ( 'NONE', #436, 19.41000000000000369 ) ;
#3027 = LINE ( 'NONE', #1297, #3073 ) ;
#3028 = VECTOR ( 'NONE', #2428, 999.9999999999998863 ) ;
#3029 = CIRCLE ( 'NONE', #2604, 0.08999999999999980238 ) ;
#3030 = EDGE_CURVE ( 'NONE', #2166, #2386, #3166, .T. ) ;
#3031 = DIRECTION ( 'NONE',  ( 0.000000000000000000, -1.000000000000000000, 0.000000000000000000 ) ) ;
#3032 = VERTEX_POINT ( 'NONE', #1377 ) ;
#3033 = CYLINDRICAL_SURFACE ( 'NONE', #455, 19.50000000000000355 ) ;
#3034 = B_SPLINE_CURVE_WITH_KNOTS ( 'NONE', 3,
 ( #589, #1108, #2391, #2121, #885, #1062, #870, #1080 ),
 .UNSPECIFIED., .F., .F.,
 ( 4, 2, 2, 4 ),
 ( 0.000000000000000000, 0.004448900070865357409, 0.006673350106298030042, 0.008897800141730704410 ),
 .UNSPECIFIED. ) ;
#3035 = PLANE ( 'NONE',  #2784 ) ;
#3036 = UNCERTAINTY_MEASURE_WITH_UNIT (LENGTH_MEASURE( 1.000000000000000082E-05 ), #1267, 'distance_accuracy_value', 'NONE');
#3037 = ORIENTED_EDGE ( 'NONE', *, *, #277, .T. ) ;
#3038 = AXIS2_PLACEMENT_3D ( 'NONE', #102, #2414, #1113 ) ;
#3039 = LINE ( 'NONE', #3246, #2622 ) ;
#3040 = CARTESIAN_POINT ( 'NONE',  ( 10.00000000000000355, -2.974000000000072141, -23.61179387238010108 ) ) ;
#3041 = FACE_BOUND ( 'NONE', #2717, .T. ) ;
#3042 = LINE ( 'NONE', #3057, #1734 ) ;
#3043 = EDGE_CURVE ( 'NONE', #424, #2837, #3177, .T. ) ;
#3044 = CARTESIAN_POINT ( 'NONE',  ( -16.97266793280125796, 9.799999999999926104, 14.77086805989614149 ) ) ;
#3045 = VERTEX_POINT ( 'NONE', #1126 ) ;
#3046 = AXIS2_PLACEMENT_3D ( 'NONE', #429, #2984, #2209 ) ;
#3047 = CIRCLE ( 'NONE', #1718, 18.18499999999999517 ) ;
#3048 = CARTESIAN_POINT ( 'NONE',  ( 8.105833406072170177, 11.27902486263826276, 19.09078293246784597 ) ) ;
#3049 = VECTOR ( 'NONE', #1492, 1000.000000000000000 ) ;
#3050 = FACE_OUTER_BOUND ( 'NONE', #2551, .T. ) ;
#3051 = EDGE_LOOP ( 'NONE', ( #901, #1454, #2791, #1924 ) ) ;
#3052 = PLANE ( 'NONE',  #1610 ) ;
#3053 = CARTESIAN_POINT ( 'NONE',  ( -12.15180242931212184, 11.28275030601137452, 15.24700719026132134 ) ) ;
#3054 = ORIENTED_EDGE ( 'NONE', *, *, #3001, .T. ) ;
#3055 = DIRECTION ( 'NONE',  ( -0.3695524189464526876, 0.000000000000000000, 0.9292098846067154971 ) ) ;
#3056 = LINE ( 'NONE', #3023, #1282 ) ;
#3057 = CARTESIAN_POINT ( 'NONE',  ( -9.999999999999994671, 9.799999999999926104, 20.15564437074637993 ) ) ;
#3058 = ORIENTED_EDGE ( 'NONE', *, *, #709, .T. ) ;
#3059 = EDGE_CURVE ( 'NONE', #1455, #81, #2139, .T. ) ;
#3060 = CARTESIAN_POINT ( 'NONE',  ( -9.999999999999994671, 9.799999999999926104, 14.77086805989614149 ) ) ;
#3061 = DIRECTION ( 'NONE',  ( 0.000000000000000000, -1.000000000000000000, 0.000000000000000000 ) ) ;
#3062 = VERTEX_POINT ( 'NONE', #905 ) ;
#3063 = DIRECTION ( 'NONE',  ( 0.000000000000000000, 0.000000000000000000, -1.000000000000000000 ) ) ;
#3064 = CARTESIAN_POINT ( 'NONE',  ( 2.227020204249461178E-15, 11.37499999999996803, 18.18499999999999517 ) ) ;
#3065 = UNCERTAINTY_MEASURE_WITH_UNIT (LENGTH_MEASURE( 1.000000000000000082E-05 ), #2556, 'distance_accuracy_value', 'NONE');
#3066 = EDGE_LOOP ( 'NONE', ( #2133, #1317, #1891, #2003 ) ) ;
#3067 = CARTESIAN_POINT ( 'NONE',  ( 0.000000000000000000, 0.7999999999999279909, 0.000000000000000000 ) ) ;
#3068 = VERTEX_POINT ( 'NONE', #225 ) ;
#3069 = AXIS2_PLACEMENT_3D ( 'NONE', #773, #2802, #558 ) ;
#3070 = LINE ( 'NONE', #982, #472 ) ;
#3071 = DIRECTION ( 'NONE',  ( 0.000000000000000000, -1.000000000000000000, 0.000000000000000000 ) ) ;
#3072 = ORIENTED_EDGE ( 'NONE', *, *, #214, .T. ) ;
#3073 = VECTOR ( 'NONE', #2310, 1000.000000000000000 ) ;
#3074 = CARTESIAN_POINT ( 'NONE',  ( -13.52232738652303645, 5.992388155425029339, -23.96325621532126249 ) ) ;
#3075 = CARTESIAN_POINT ( 'NONE',  ( 0.000000000000000000, 10.15000000000000036, -19.40900744143347012 ) ) ;
#3076 = CARTESIAN_POINT ( 'NONE',  ( -7.504997647541806316, 11.31271055316759622, 19.31782658318509505 ) ) ;
#3077 = ORIENTED_EDGE ( 'NONE', *, *, #2366, .F. ) ;
#3078 = VECTOR ( 'NONE', #1159, 1000.000000000000000 ) ;
#3079 = CARTESIAN_POINT ( 'NONE',  ( -13.22752167967423453, 10.15000000000000568, 14.20359954643075184 ) ) ;
#3080 = VERTEX_POINT ( 'NONE', #2235 ) ;
#3081 = CARTESIAN_POINT ( 'NONE',  ( -12.49999999999999645, -1.474000000000072141, -26.15564437074638349 ) ) ;
#3082 = ORIENTED_EDGE ( 'NONE', *, *, #2962, .F. ) ;
#3083 = AXIS2_PLACEMENT_3D ( 'NONE', #264, #3031, #2030 ) ;
#3084 = CARTESIAN_POINT ( 'NONE',  ( 7.797594443048665447, -2.974000000000072141, 19.86998445578315398 ) ) ;
#3085 = PLANE ( 'NONE',  #2822 ) ;
#3086 = ORIENTED_EDGE ( 'NONE', *, *, #296, .T. ) ;
#3087 = DIRECTION ( 'NONE',  ( 0.000000000000000000, 0.000000000000000000, 1.000000000000000000 ) ) ;
#3088 = CARTESIAN_POINT ( 'NONE',  ( 0.000000000000000000, 3.549999999999928324, 0.000000000000000000 ) ) ;
#3089 = AXIS2_PLACEMENT_3D ( 'NONE', #2177, #678, #695 ) ;
#3090 = CIRCLE ( 'NONE', #1028, 22.50000000000000355 ) ;
#3091 = FACE_OUTER_BOUND ( 'NONE', #2444, .T. ) ;
#3092 = VECTOR ( 'NONE', #3055, 1000.000000000000114 ) ;
#3093 = ORIENTED_EDGE ( 'NONE', *, *, #564, .F. ) ;
#3094 = PLANE ( 'NONE',  #957 ) ;
#3095 = VERTEX_POINT ( 'NONE', #3040 ) ;
#3096 = CARTESIAN_POINT ( 'NONE',  ( -12.13064373469592994, 74.98961030678925965, 15.26753033669436022 ) ) ;
#3097 = ORIENTED_EDGE ( 'NONE', *, *, #2055, .F. ) ;
#3098 = FACE_OUTER_BOUND ( 'NONE', #918, .T. ) ;
#3099 = DIRECTION ( 'NONE',  ( -8.673617379884034486E-16, 0.000000000000000000, -1.000000000000000000 ) ) ;
#3100 = CARTESIAN_POINT ( 'NONE',  ( 14.30311806478001735, 9.542965284016277749, 17.38422785931917858 ) ) ;
#3101 = EDGE_LOOP ( 'NONE', ( #2628, #474, #23, #2247 ) ) ;
#3102 = DIRECTION ( 'NONE',  ( 0.9367205978485819706, 0.000000000000000000, 0.3500778792871594991 ) ) ;
#3103 = FACE_OUTER_BOUND ( 'NONE', #2592, .T. ) ;
#3104 = EDGE_CURVE ( 'NONE', #501, #1357, #2015, .T. ) ;
#3105 = ADVANCED_FACE ( 'NONE', ( #257 ), #1242, .T. ) ;
#3106 = DIRECTION ( 'NONE',  ( 0.000000000000000000, 0.000000000000000000, -1.000000000000000000 ) ) ;
#3107 = ORIENTED_EDGE ( 'NONE', *, *, #2170, .F. ) ;
#3108 = LINE ( 'NONE', #844, #1002 ) ;
#3109 = CIRCLE ( 'NONE', #2315, 13.00000000000000000 ) ;
#3110 = FACE_BOUND ( 'NONE', #937, .T. ) ;
#3111 = ORIENTED_EDGE ( 'NONE', *, *, #1583, .T. ) ;
#3112 = VERTEX_POINT ( 'NONE', #1761 ) ;
#3113 = DIRECTION ( 'NONE',  ( -0.000000000000000000, 1.000000000000000000, -0.000000000000000000 ) ) ;
#3114 = CARTESIAN_POINT ( 'NONE',  ( 9.999999999999994671, -3.200000000000072564, 14.77086805989612905 ) ) ;
#3115 = ORIENTED_EDGE ( 'NONE', *, *, #2503, .F. ) ;
#3116 = CARTESIAN_POINT ( 'NONE',  ( -17.80880838013104750, 9.799999999999926104, -14.77086805989612905 ) ) ;
#3117 = DIRECTION ( 'NONE',  ( 0.000000000000000000, 1.000000000000000000, -0.000000000000000000 ) ) ;
#3118 = AXIS2_PLACEMENT_3D ( 'NONE', #1719, #213, #1784 ) ;
#3119 = FACE_OUTER_BOUND ( 'NONE', #2584, .T. ) ;
#3120 = EDGE_CURVE ( 'NONE', #2922, #1731, #3026, .T. ) ;
#3121 = ORIENTED_EDGE ( 'NONE', *, *, #2275, .F. ) ;
#3122 = EDGE_CURVE ( 'NONE', #3112, #1967, #1862, .T. ) ;
#3123 = PLANE ( 'NONE',  #349 ) ;
#3124 = AXIS2_PLACEMENT_3D ( 'NONE', #524, #769, #491 ) ;
#3125 = EDGE_CURVE ( 'NONE', #1871, #244, #272, .T. ) ;
#3126 = DIRECTION ( 'NONE',  ( -0.9292098846067154971, 0.000000000000000000, -0.3695524189464526876 ) ) ;
#3127 = ORIENTED_EDGE ( 'NONE', *, *, #3197, .F. ) ;
#3128 = ORIENTED_EDGE ( 'NONE', *, *, #1817, .T. ) ;
#3129 = VERTEX_POINT ( 'NONE', #2024 ) ;
#3130 = LINE ( 'NONE', #869, #2208 ) ;
#3131 = TOROIDAL_SURFACE ( 'NONE', #2833, 3.059999999999901910, 0.08999999999999999667 ) ;
#3132 = CARTESIAN_POINT ( 'NONE',  ( 7.535780628892249311, -2.974000000000072141, 20.52829426940657243 ) ) ;
#3133 = DIRECTION ( 'NONE',  ( -0.000000000000000000, 1.000000000000000000, -0.000000000000000000 ) ) ;
#3134 = EDGE_CURVE ( 'NONE', #3262, #1408, #1781, .T. ) ;
#3135 = CARTESIAN_POINT ( 'NONE',  ( -12.13064373469592994, 11.25999999999997847, 15.26753033669436022 ) ) ;
#3136 = DIRECTION ( 'NONE',  ( 0.000000000000000000, 0.7071067811865487940, 0.7071067811865463515 ) ) ;
#3137 = CARTESIAN_POINT ( 'NONE',  ( -13.19946148723249024, -2.974000000000072141, 24.65564437074638704 ) ) ;
#3138 = DIRECTION ( 'NONE',  ( 0.7178050287815362918, 0.000000000000000000, 0.6962441674125090518 ) ) ;
#3139 = DIRECTION ( 'NONE',  ( 0.000000000000000000, -1.000000000000000000, 0.000000000000000000 ) ) ;
#3140 = DIRECTION ( 'NONE',  ( 0.000000000000000000, -1.000000000000000000, 0.000000000000000000 ) ) ;
#3141 = AXIS2_PLACEMENT_3D ( 'NONE', #24, #2496, #2467 ) ;
#3142 = EDGE_CURVE ( 'NONE', #330, #88, #777, .T. ) ;
#3143 = CARTESIAN_POINT ( 'NONE',  ( 0.000000000000000000, 0.04999999999992814359, 0.000000000000000000 ) ) ;
#3144 = ORIENTED_EDGE ( 'NONE', *, *, #1696, .T. ) ;
#3145 = DIRECTION ( 'NONE',  ( 0.4031531783023033499, 0.000000000000000000, 0.9151325121668179019 ) ) ;
#3146 = EDGE_CURVE ( 'NONE', #55, #1808, #2798, .T. ) ;
#3147 = ORIENTED_EDGE ( 'NONE', *, *, #1481, .T. ) ;
#3148 = CARTESIAN_POINT ( 'NONE',  ( -1.631763199232759927E-14, 3.549999999999928324, 3.449955661462643006E-14 ) ) ;
#3149 = CARTESIAN_POINT ( 'NONE',  ( 12.55497707175189426, 9.217023246844302520, 18.72925009942590435 ) ) ;
#3150 = DIRECTION ( 'NONE',  ( -9.070449547591661558E-14, 0.000000000000000000, 1.000000000000000000 ) ) ;
#3151 = EDGE_CURVE ( 'NONE', #796, #173, #2983, .T. ) ;
#3152 = DIRECTION ( 'NONE',  ( 0.000000000000000000, 0.000000000000000000, -1.000000000000000000 ) ) ;
#3153 = CYLINDRICAL_SURFACE ( 'NONE', #2080, 13.00000000000000000 ) ;
#3154 = CYLINDRICAL_SURFACE ( 'NONE', #1119, 19.50000000000000355 ) ;
#3155 = FACE_OUTER_BOUND ( 'NONE', #3264, .T. ) ;
#3156 = CARTESIAN_POINT ( 'NONE',  ( 9.656014212262096663, -2.974000000000072141, 20.60908929367606035 ) ) ;
#3157 = DIRECTION ( 'NONE',  ( -0.000000000000000000, -1.000000000000000000, -0.000000000000000000 ) ) ;
#3158 = EDGE_CURVE ( 'NONE', #3175, #3112, #1208, .T. ) ;
#3159 = AXIS2_PLACEMENT_3D ( 'NONE', #1227, #1729, #1032 ) ;
#3160 = LINE ( 'NONE', #2385, #2945 ) ;
#3161 = ORIENTED_EDGE ( 'NONE', *, *, #3104, .T. ) ;
#3162 = ORIENTED_EDGE ( 'NONE', *, *, #990, .F. ) ;
#3163 = ORIENTED_EDGE ( 'NONE', *, *, #1954, .F. ) ;
#3164 = DIRECTION ( 'NONE',  ( -0.3695524189464527431, 0.000000000000000000, 0.9292098846067156082 ) ) ;
#3165 = CARTESIAN_POINT ( 'NONE',  ( 0.000000000000000000, 11.25000000000000000, 0.000000000000000000 ) ) ;
#3166 = LINE ( 'NONE', #377, #1323 ) ;
#3167 = CARTESIAN_POINT ( 'NONE',  ( 12.66920787863038633, 11.30340147443876297, 14.80942944539997974 ) ) ;
#3168 = ORIENTED_EDGE ( 'NONE', *, *, #1710, .F. ) ;
#3169 = VECTOR ( 'NONE', #1055, 1000.000000000000000 ) ;
#3170 = LINE ( 'NONE', #2687, #1185 ) ;
#3171 = DIRECTION ( 'NONE',  ( 0.000000000000000000, 1.000000000000000000, -0.000000000000000000 ) ) ;
#3172 = DIRECTION ( 'NONE',  ( 0.000000000000000000, 1.000000000000000000, -0.000000000000000000 ) ) ;
#3173 = AXIS2_PLACEMENT_3D ( 'NONE', #903, #1665, #145 ) ;
#3174 = CARTESIAN_POINT ( 'NONE',  ( 0.000000000000000000, 0.7999999999999279909, 0.000000000000000000 ) ) ;
#3175 = VERTEX_POINT ( 'NONE', #1742 ) ;
#3176 = VERTEX_POINT ( 'NONE', #721 ) ;
#3177 = CIRCLE ( 'NONE', #19, 19.50000000000000355 ) ;
#3178 = ORIENTED_EDGE ( 'NONE', *, *, #2320, .F. ) ;
#3179 = ORIENTED_EDGE ( 'NONE', *, *, #3030, .F. ) ;
#3180 = DIRECTION ( 'NONE',  ( -8.006416042969879049E-16, 0.000000000000000000, 1.000000000000000000 ) ) ;
#3181 = AXIS2_PLACEMENT_3D ( 'NONE', #1513, #478, #1495 ) ;
#3182 = VECTOR ( 'NONE', #1029, 1000.000000000000000 ) ;
#3183 = LINE ( 'NONE', #2965, #2980 ) ;
#3184 = EDGE_CURVE ( 'NONE', #1392, #989, #751, .T. ) ;
#3185 = CARTESIAN_POINT ( 'NONE',  ( 12.63735650896462914, 11.29383339236636097, 14.84226716870123575 ) ) ;
#3186 = ORIENTED_EDGE ( 'NONE', *, *, #1696, .F. ) ;
#3187 = VECTOR ( 'NONE', #1802, 1000.000000000000000 ) ;
#3188 = FACE_OUTER_BOUND ( 'NONE', #1217, .T. ) ;
#3189 = DIRECTION ( 'NONE',  ( 0.000000000000000000, -1.000000000000000000, 0.000000000000000000 ) ) ;
#3190 = LINE ( 'NONE', #403, #2878 ) ;
#3191 = ORIENTED_EDGE ( 'NONE', *, *, #2343, .T. ) ;
#3192 = DIRECTION ( 'NONE',  ( -0.000000000000000000, -1.000000000000000000, -0.000000000000000000 ) ) ;
#3193 = VECTOR ( 'NONE', #1750, 1000.000000000000114 ) ;
#3194 = ORIENTED_EDGE ( 'NONE', *, *, #2675, .T. ) ;
#3195 = VERTEX_POINT ( 'NONE', #967 ) ;
#3196 = AXIS2_PLACEMENT_3D ( 'NONE', #2367, #1059, #2620 ) ;
#3197 = EDGE_CURVE ( 'NONE', #81, #1091, #1256, .T. ) ;
#3198 = ORIENTED_EDGE ( 'NONE', *, *, #1364, .T. ) ;
#3199 = EDGE_LOOP ( 'NONE', ( #2258, #2732, #2889, #1004 ) ) ;
#3200 = AXIS2_PLACEMENT_3D ( 'NONE', #411, #2168, #3180 ) ;
#3201 = CARTESIAN_POINT ( 'NONE',  ( 16.97266793280125796, 9.799999999999926104, -14.77086805989614149 ) ) ;
#3202 = LINE ( 'NONE', #952, #2335 ) ;
#3203 = CARTESIAN_POINT ( 'NONE',  ( 8.107012747381945772, 11.25999999999997847, 19.09197697396391646 ) ) ;
#3204 = ORIENTED_EDGE ( 'NONE', *, *, #998, .T. ) ;
#3205 = CARTESIAN_POINT ( 'NONE',  ( -13.19946148723249024, -2.974000000000072141, -24.65564437074638704 ) ) ;
#3206 = CARTESIAN_POINT ( 'NONE',  ( -19.77264843923389748, 3.549999999999928324, -4.370912227265795202 ) ) ;
#3207 = EDGE_CURVE ( 'NONE', #108, #495, #1713, .T. ) ;
#3208 = B_SPLINE_CURVE_WITH_KNOTS ( 'NONE', 3,
 ( #794, #1332, #532, #3079 ),
 .UNSPECIFIED., .F., .F.,
 ( 4, 4 ),
 ( 0.000000000000000000, 0.001548415303673649412 ),
 .UNSPECIFIED. ) ;
#3209 = VERTEX_POINT ( 'NONE', #458 ) ;
#3210 = DIRECTION ( 'NONE',  ( -0.000000000000000000, -1.000000000000000000, -0.000000000000000000 ) ) ;
#3211 = EDGE_LOOP ( 'NONE', ( #2721, #2621, #148, #2163 ) ) ;
#3212 = EDGE_LOOP ( 'NONE', ( #2803, #631, #2616, #1758, #948, #745, #265 ) ) ;
#3213 = ORIENTED_EDGE ( 'NONE', *, *, #681, .F. ) ;
#3214 = CARTESIAN_POINT ( 'NONE',  ( 13.04306982025041783, 36.38267500856138525, 14.49580386401778220 ) ) ;
#3215 = DIRECTION ( 'NONE',  ( 0.000000000000000000, 0.000000000000000000, -1.000000000000000000 ) ) ;
#3216 = AXIS2_PLACEMENT_3D ( 'NONE', #557, #1860, #574 ) ;
#3217 = DIRECTION ( 'NONE',  ( 0.000000000000000000, -0.9396926207859123137, -0.3420201433256581103 ) ) ;
#3218 = LINE ( 'NONE', #876, #3231 ) ;
#3219 = FACE_OUTER_BOUND ( 'NONE', #467, .T. ) ;
#3220 = CARTESIAN_POINT ( 'NONE',  ( 0.000000000000000000, 10.15000000000000036, 0.000000000000000000 ) ) ;
#3221 = CIRCLE ( 'NONE', #12, 18.18499999999999517 ) ;
#3222 = ORIENTED_EDGE ( 'NONE', *, *, #195, .F. ) ;
#3223 = LINE ( 'NONE', #2738, #2995 ) ;
#3224 = VERTEX_POINT ( 'NONE', #1458 ) ;
#3225 = VECTOR ( 'NONE', #809, 1000.000000000000000 ) ;
#3226 = DIRECTION ( 'NONE',  ( 0.000000000000000000, 0.000000000000000000, 1.000000000000000000 ) ) ;
#3227 = EDGE_CURVE ( 'NONE', #3129, #1423, #2472, .T. ) ;
#3228 = VERTEX_POINT ( 'NONE', #3230 ) ;
#3229 = CYLINDRICAL_SURFACE ( 'NONE', #3250, 3.199999999999848743 ) ;
#3230 = CARTESIAN_POINT ( 'NONE',  ( 0.000000000000000000, 11.82499999999997264, 20.50000000000000355 ) ) ;
#3231 = VECTOR ( 'NONE', #2700, 1000.000000000000000 ) ;
#3232 = AXIS2_PLACEMENT_3D ( 'NONE', #427, #675, #2154 ) ;
#3233 = CARTESIAN_POINT ( 'NONE',  ( -12.55466712795429096, 9.203307295618342820, 18.68624806060784138 ) ) ;
#3234 = VERTEX_POINT ( 'NONE', #2485 ) ;
#3235 = EDGE_CURVE ( 'NONE', #173, #1740, #3029, .T. ) ;
#3236 = LINE ( 'NONE', #2464, #2031 ) ;
#3237 = AXIS2_PLACEMENT_3D ( 'NONE', #2870, #2396, #616 ) ;
#3238 = EDGE_CURVE ( 'NONE', #45, #309, #1171, .T. ) ;
#3239 = ORIENTED_EDGE ( 'NONE', *, *, #2920, .F. ) ;
#3240 = CARTESIAN_POINT ( 'NONE',  ( -6.893445386980600276, -2.974000000000072141, 20.74830538543782055 ) ) ;
#3241 = VERTEX_POINT ( 'NONE', #1857 ) ;
#3242 = DIRECTION ( 'NONE',  ( -0.9998837755602058008, 0.000000000000000000, 0.01524583128163230390 ) ) ;
#3243 = VERTEX_POINT ( 'NONE', #2073 ) ;
#3244 = ADVANCED_FACE ( 'NONE', ( #3098 ), #177, .F. ) ;
#3245 = VECTOR ( 'NONE', #2279, 1000.000000000000000 ) ;
#3246 = CARTESIAN_POINT ( 'NONE',  ( -0.2016580806570709150, 0.7999999999999279909, -0.4328584038517560573 ) ) ;
#3247 = VECTOR ( 'NONE', #2053, 1000.000000000000000 ) ;
#3248 = EDGE_CURVE ( 'NONE', #1423, #827, #1291, .T. ) ;
#3249 = DIRECTION ( 'NONE',  ( 0.000000000000000000, 0.000000000000000000, 1.000000000000000000 ) ) ;
#3250 = AXIS2_PLACEMENT_3D ( 'NONE', #2534, #2022, #1727 ) ;
#3251 = CARTESIAN_POINT ( 'NONE',  ( -9.012038728212507621, 11.25000000000000000, 20.90012448714078275 ) ) ;
#3252 = CYLINDRICAL_SURFACE ( 'NONE', #3181, 19.50000000000000355 ) ;
#3253 = ORIENTED_EDGE ( 'NONE', *, *, #1472, .T. ) ;
#3254 = EDGE_CURVE ( 'NONE', #1210, #1626, #2848, .T. ) ;
#3255 = CARTESIAN_POINT ( 'NONE',  ( 8.107012747381945772, 11.26944729789263633, 19.09197697396391646 ) ) ;
#3256 = CARTESIAN_POINT ( 'NONE',  ( -0.5727718084201500748, 2.799999999999927880, 1.138232138501142909 ) ) ;
#3257 = EDGE_CURVE ( 'NONE', #103, #554, #1075, .T. ) ;
#3258 = EDGE_LOOP ( 'NONE', ( #2764, #2861, #2296, #1878 ) ) ;
#3259 = CARTESIAN_POINT ( 'NONE',  ( -9.999999999999996447, 0.000000000000000000, -23.61179387238010108 ) ) ;
#3260 = CARTESIAN_POINT ( 'NONE',  ( -12.56819315867640618, 11.34153258990033741, 14.84312367726047910 ) ) ;
#3261 = ADVANCED_FACE ( 'NONE', ( #831 ), #538, .F. ) ;
#3262 = VERTEX_POINT ( 'NONE', #2862 ) ;
#3263 = CARTESIAN_POINT ( 'NONE',  ( 0.000000000000000000, -2.974000000000072141, -19.50000000000000355 ) ) ;
#3264 = EDGE_LOOP ( 'NONE', ( #3163, #2656, #2821, #269 ) ) ;
#3265 = DIRECTION ( 'NONE',  ( -0.8830370871723048909, 1.071082503562632110E-15, -0.4693032097463760710 ) ) ;
ENDSEC;
END-ISO-10303-21;
