ISO-10303-21;
HEADER;
FILE_DESCRIPTION (( 'STEP AP214' ),
    '1' );
FILE_NAME ('Watch Top.STEP',
    '2025-11-08T05:16:56',
    ( '' ),
    ( '' ),
    'SwSTEP 2.0',
    'SolidWorks 2025',
    '' );
FILE_SCHEMA (( 'AUTOMOTIVE_DESIGN' ));
ENDSEC;

DATA;
#1 = DIRECTION ( 'NONE',  ( 0.000000000000000000, 1.000000000000000000, 0.000000000000000000 ) ) ;
#2 = ADVANCED_FACE ( 'NONE', ( #1996 ), #1029, .F. ) ;
#3 = DIRECTION ( 'NONE',  ( 0.000000000000000000, 0.000000000000000000, -1.000000000000000000 ) ) ;
#4 = AXIS2_PLACEMENT_3D ( 'NONE', #131, #2151, #923 ) ;
#5 = FACE_OUTER_BOUND ( 'NONE', #28, .T. ) ;
#6 = ORIENTED_EDGE ( 'NONE', *, *, #1831, .T. ) ;
#7 = DIRECTION ( 'NONE',  ( -0.000000000000000000, 1.000000000000000000, -0.000000000000000000 ) ) ;
#8 = VERTEX_POINT ( 'NONE', #1018 ) ;
#9 = FACE_OUTER_BOUND ( 'NONE', #1069, .T. ) ;
#10 = CARTESIAN_POINT ( 'NONE',  ( 10.88975723368062631, -1.100000000000000089, -3.975509775242147548 ) ) ;
#11 = ADVANCED_FACE ( 'NONE', ( #1242 ), #1855, .T. ) ;
#12 = VECTOR ( 'NONE', #1948, 1000.000000000000000 ) ;
#13 = LINE ( 'NONE', #805, #1101 ) ;
#14 = DIRECTION ( 'NONE',  ( 0.000000000000000000, 0.000000000000000000, -1.000000000000000000 ) ) ;
#15 = DIRECTION ( 'NONE',  ( -0.000000000000000000, 1.000000000000000000, -0.000000000000000000 ) ) ;
#16 = VERTEX_POINT ( 'NONE', #432 ) ;
#17 = CARTESIAN_POINT ( 'NONE',  ( -3.239622250643128698, 1.399999999999999245, 0.08851680689650058553 ) ) ;
#18 = AXIS2_PLACEMENT_3D ( 'NONE', #1448, #248, #2246 ) ;
#19 = ORIENTED_EDGE ( 'NONE', *, *, #2455, .T. ) ;
#20 = AXIS2_PLACEMENT_3D ( 'NONE', #34, #2271, #439 ) ;
#21 = CARTESIAN_POINT ( 'NONE',  ( -5.762030762295200503, 1.899999999999999911, -15.14321757857606343 ) ) ;
#22 = CARTESIAN_POINT ( 'NONE',  ( 0.000000000000000000, 0.3999999999999999667, 20.99999999999999645 ) ) ;
#23 = AXIS2_PLACEMENT_3D ( 'NONE', #355, #2117, #1536 ) ;
#24 = EDGE_CURVE ( 'NONE', #649, #1129, #202, .T. ) ;
#25 = DIRECTION ( 'NONE',  ( -0.000000000000000000, -1.000000000000000000, -0.000000000000000000 ) ) ;
#26 = CIRCLE ( 'NONE', #1488, 1.999999999837694054 ) ;
#27 = CARTESIAN_POINT ( 'NONE',  ( 12.05359839965949931, 0.000000000000000000, -5.842452125817800379 ) ) ;
#28 = EDGE_LOOP ( 'NONE', ( #1316, #1790, #286, #1134 ) ) ;
#29 = DIRECTION ( 'NONE',  ( -0.5861779241341084079, -0.7071067811865461294, -0.3954686349861762373 ) ) ;
#30 = EDGE_CURVE ( 'NONE', #1498, #616, #1800, .T. ) ;
#31 = VERTEX_POINT ( 'NONE', #1625 ) ;
#32 = DIRECTION ( 'NONE',  ( 0.3954686349861762373, 0.7071067811865461294, -0.5861779241341085189 ) ) ;
#33 = VERTEX_POINT ( 'NONE', #39 ) ;
#34 = CARTESIAN_POINT ( 'NONE',  ( -1.532974970854386054, -2.100000000000000089, -3.335148764802480681 ) ) ;
#35 = AXIS2_PLACEMENT_3D ( 'NONE', #281, #1077, #1878 ) ;
#36 = CARTESIAN_POINT ( 'NONE',  ( 7.160026676055671224, 0.000000000000000000, -11.48555096995289126 ) ) ;
#37 = DIRECTION ( 'NONE',  ( 0.000000000000000000, 0.000000000000000000, -1.000000000000000000 ) ) ;
#38 = ORIENTED_EDGE ( 'NONE', *, *, #575, .T. ) ;
#39 = CARTESIAN_POINT ( 'NONE',  ( -5.762032100735225981, -2.100000000000000089, -17.09321755289658995 ) ) ;
#40 = EDGE_CURVE ( 'NONE', #578, #522, #1231, .T. ) ;
#41 = VERTEX_POINT ( 'NONE', #17 ) ;
#42 = CARTESIAN_POINT ( 'NONE',  ( -20.02755869598701111, 0.000000000000000000, 10.25411588966823295 ) ) ;
#43 = EDGE_CURVE ( 'NONE', #2293, #2339, #612, .T. ) ;
#44 = DIRECTION ( 'NONE',  ( -1.000000000000000000, 0.000000000000000000, 0.000000000000000000 ) ) ;
#45 = CARTESIAN_POINT ( 'NONE',  ( -16.19939280283944072, -1.550000000000001821, 0.3126570634691683281 ) ) ;
#46 = DIRECTION ( 'NONE',  ( 0.000000000000000000, 0.000000000000000000, 1.000000000000000000 ) ) ;
#47 = AXIS2_PLACEMENT_3D ( 'NONE', #1276, #83, #874 ) ;
#48 = VERTEX_POINT ( 'NONE', #2429 ) ;
#49 = EDGE_CURVE ( 'NONE', #2028, #378, #444, .T. ) ;
#50 = CARTESIAN_POINT ( 'NONE',  ( 0.9524454127581892804, -1.000000000000000000, 2.916721705714426793 ) ) ;
#51 = EDGE_LOOP ( 'NONE', ( #275, #1898, #1639, #503 ) ) ;
#52 = DIRECTION ( 'NONE',  ( 0.000000000000000000, 1.000000000000000000, 0.000000000000000000 ) ) ;
#53 = DIRECTION ( 'NONE',  ( -0.1907092891479349461, -0.000000000000000000, -0.9816465591202820917 ) ) ;
#54 = VECTOR ( 'NONE', #899, 1000.000000000000000 ) ;
#55 = AXIS2_PLACEMENT_3D ( 'NONE', #2390, #2191, #1193 ) ;
#56 = CIRCLE ( 'NONE', #2542, 1.250000000153083546 ) ;
#57 = CARTESIAN_POINT ( 'NONE',  ( -2.026933408470390940, 0.000000000000000000, 22.40851492085225161 ) ) ;
#58 = AXIS2_PLACEMENT_3D ( 'NONE', #1208, #7, #1835 ) ;
#59 = DIRECTION ( 'NONE',  ( 0.000000000000000000, 1.000000000000000000, 0.000000000000000000 ) ) ;
#60 = ORIENTED_EDGE ( 'NONE', *, *, #438, .T. ) ;
#61 = DIRECTION ( 'NONE',  ( -0.000000000000000000, 1.000000000000000000, -0.000000000000000000 ) ) ;
#62 = ORIENTED_EDGE ( 'NONE', *, *, #967, .T. ) ;
#63 = LINE ( 'NONE', #1640, #1752 ) ;
#64 = CYLINDRICAL_SURFACE ( 'NONE', #2154, 1.250000000075175199 ) ;
#65 = ADVANCED_FACE ( 'NONE', ( #245 ), #1604, .F. ) ;
#66 = EDGE_CURVE ( 'NONE', #2020, #2132, #1842, .T. ) ;
#67 = CARTESIAN_POINT ( 'NONE',  ( -14.10126675725853929, -0.000000000000000000, -2.861146996858344060 ) ) ;
#68 = DIRECTION ( 'NONE',  ( 0.000000000000000000, 0.000000000000000000, -1.000000000000000000 ) ) ;
#69 = AXIS2_PLACEMENT_3D ( 'NONE', #1517, #98, #111 ) ;
#70 = ORIENTED_EDGE ( 'NONE', *, *, #1353, .T. ) ;
#71 = ORIENTED_EDGE ( 'NONE', *, *, #1074, .T. ) ;
#72 = VERTEX_POINT ( 'NONE', #2406 ) ;
#73 = EDGE_CURVE ( 'NONE', #157, #2268, #1442, .T. ) ;
#74 = AXIS2_PLACEMENT_3D ( 'NONE', #871, #92, #1270 ) ;
#75 = CARTESIAN_POINT ( 'NONE',  ( -5.762032100735225981, -2.100000000000000089, -16.39321755289658711 ) ) ;
#76 = ORIENTED_EDGE ( 'NONE', *, *, #2063, .T. ) ;
#77 = DIRECTION ( 'NONE',  ( -0.8015110592011787105, 0.5773502691896242878, 0.1557134825404441758 ) ) ;
#78 = VERTEX_POINT ( 'NONE', #1824 ) ;
#79 = EDGE_LOOP ( 'NONE', ( #572, #1614, #540, #1250, #1924, #758, #2552, #119 ) ) ;
#80 = DIRECTION ( 'NONE',  ( -0.9800303127157595773, 0.000000000000000000, -0.1988481484908787844 ) ) ;
#81 = CARTESIAN_POINT ( 'NONE',  ( 16.19939555383420782, -1.000000000000000000, -3.362653275137760023 ) ) ;
#82 = FACE_OUTER_BOUND ( 'NONE', #1283, .T. ) ;
#83 = DIRECTION ( 'NONE',  ( 0.8289807702741617268, 0.000000000000000000, 0.5592771070906241704 ) ) ;
#84 = CARTESIAN_POINT ( 'NONE',  ( 1.646574351440581285, 1.899999999999999911, 2.781869874122660846 ) ) ;
#85 = ORIENTED_EDGE ( 'NONE', *, *, #2427, .F. ) ;
#86 = EDGE_CURVE ( 'NONE', #484, #662, #2439, .T. ) ;
#87 = CARTESIAN_POINT ( 'NONE',  ( 3.902563847958174570, -1.000000000000000000, 0.3319717946513834339 ) ) ;
#88 = ORIENTED_EDGE ( 'NONE', *, *, #2605, .F. ) ;
#89 = CARTESIAN_POINT ( 'NONE',  ( -1.118484585717304913, 1.399999999999999245, -3.055510211257168152 ) ) ;
#90 = ORIENTED_EDGE ( 'NONE', *, *, #2355, .F. ) ;
#91 = ORIENTED_EDGE ( 'NONE', *, *, #512, .T. ) ;
#92 = DIRECTION ( 'NONE',  ( 0.000000000000000000, 1.000000000000000000, 0.000000000000000000 ) ) ;
#93 = DIRECTION ( 'NONE',  ( 0.8289807702741615048, -0.000000000000000000, 0.5592771070906243924 ) ) ;
#94 = VECTOR ( 'NONE', #1502, 1000.000000000000000 ) ;
#95 = CIRCLE ( 'NONE', #2235, 2.000000000153084212 ) ;
#96 = FACE_OUTER_BOUND ( 'NONE', #362, .T. ) ;
#97 = EDGE_CURVE ( 'NONE', #798, #689, #2452, .T. ) ;
#98 = DIRECTION ( 'NONE',  ( 0.000000000000000000, 1.000000000000000000, 0.000000000000000000 ) ) ;
#99 = AXIS2_PLACEMENT_3D ( 'NONE', #1044, #2033, #1273 ) ;
#100 = ORIENTED_EDGE ( 'NONE', *, *, #30, .F. ) ;
#101 =( NAMED_UNIT ( * ) SI_UNIT ( $, .STERADIAN. ) SOLID_ANGLE_UNIT ( ) );
#102 = DIRECTION ( 'NONE',  ( -0.8289807702741616158, 0.000000000000000000, -0.5592771070906242814 ) ) ;
#103 = EDGE_LOOP ( 'NONE', ( #112, #1181, #1913, #1675 ) ) ;
#104 = CARTESIAN_POINT ( 'NONE',  ( 13.21743956563837230, -1.100000000000000089, -7.709394476393447881 ) ) ;
#105 = ADVANCED_FACE ( 'NONE', ( #1443 ), #2221, .F. ) ;
#106 = ORIENTED_EDGE ( 'NONE', *, *, #812, .T. ) ;
#107 = ORIENTED_EDGE ( 'NONE', *, *, #618, .T. ) ;
#108 = EDGE_CURVE ( 'NONE', #201, #2020, #602, .T. ) ;
#109 = CARTESIAN_POINT ( 'NONE',  ( -5.762032100735225981, -1.550000000000000266, -12.64321755259041957 ) ) ;
#110 = DIRECTION ( 'NONE',  ( 0.000000000000000000, -1.000000000000000000, 0.000000000000000000 ) ) ;
#111 = DIRECTION ( 'NONE',  ( 0.000000000000000000, 0.000000000000000000, 1.000000000000000000 ) ) ;
#112 = ORIENTED_EDGE ( 'NONE', *, *, #1505, .F. ) ;
#113 = CARTESIAN_POINT ( 'NONE',  ( 5.762036646588697408, -1.000000000000000000, 15.14322065821449570 ) ) ;
#114 = AXIS2_PLACEMENT_3D ( 'NONE', #491, #1634, #1089 ) ;
#115 = PLANE ( 'NONE',  #2068 ) ;
#116 = DIRECTION ( 'NONE',  ( 0.000000000000000000, 1.000000000000000000, 0.000000000000000000 ) ) ;
#117 = ORIENTED_EDGE ( 'NONE', *, *, #839, .F. ) ;
#118 = DIRECTION ( 'NONE',  ( 0.000000000000000000, 0.000000000000000000, 1.000000000000000000 ) ) ;
#119 = ORIENTED_EDGE ( 'NONE', *, *, #86, .F. ) ;
#120 = EDGE_LOOP ( 'NONE', ( #2516, #1037, #134, #1221 ) ) ;
#121 = CIRCLE ( 'NONE', #1626, 1.999999999837694054 ) ;
#122 = EDGE_CURVE ( 'NONE', #1370, #41, #421, .T. ) ;
#123 = DIRECTION ( 'NONE',  ( -0.000000000000000000, 1.000000000000000000, -0.000000000000000000 ) ) ;
#124 = ADVANCED_FACE ( 'NONE', ( #1810 ), #583, .T. ) ;
#125 = DIRECTION ( 'NONE',  ( 0.3954686349861745165, -0.7071067811865493491, -0.5861779241341056323 ) ) ;
#126 = CARTESIAN_POINT ( 'NONE',  ( 2.663606788145493022E-15, 1.899999999999999911, -20.99999999999999645 ) ) ;
#127 = VERTEX_POINT ( 'NONE', #1716 ) ;
#128 = DIRECTION ( 'NONE',  ( 0.8380338134254371463, 0.000000000000000000, -0.5456182984061471730 ) ) ;
#129 = LINE ( 'NONE', #546, #2029 ) ;
#130 = VECTOR ( 'NONE', #547, 1000.000000000000000 ) ;
#131 = CARTESIAN_POINT ( 'NONE',  ( 16.19939555384441832, 1.899999999999999911, -0.3126532748388699545 ) ) ;
#132 = ORIENTED_EDGE ( 'NONE', *, *, #364, .F. ) ;
#133 = CARTESIAN_POINT ( 'NONE',  ( -3.374474082234898198, 1.399999999999999245, -0.6056121317858911279 ) ) ;
#134 = ORIENTED_EDGE ( 'NONE', *, *, #2223, .T. ) ;
#135 = CARTESIAN_POINT ( 'NONE',  ( 16.19939555383420782, -2.100000000000000089, -0.3126532750625798940 ) ) ;
#136 = VERTEX_POINT ( 'NONE', #2309 ) ;
#137 = EDGE_CURVE ( 'NONE', #2477, #548, #1306, .T. ) ;
#138 = CONICAL_SURFACE ( 'NONE', #801, 1.949999999837713549, 0.7853981633974403964 ) ;
#139 = ORIENTED_EDGE ( 'NONE', *, *, #1305, .F. ) ;
#140 = DIRECTION ( 'NONE',  ( 0.000000000000000000, 1.000000000000000000, 0.000000000000000000 ) ) ;
#141 = CARTESIAN_POINT ( 'NONE',  ( -0.8388460321719937163, -1.000000000000000000, -3.470000596394247516 ) ) ;
#142 = ORIENTED_EDGE ( 'NONE', *, *, #2260, .T. ) ;
#143 = ORIENTED_EDGE ( 'NONE', *, *, #1465, .F. ) ;
#144 = CONICAL_SURFACE ( 'NONE', #1311, 1.949999999940971174, 0.7853981633974482790 ) ;
#145 = AXIS2_PLACEMENT_3D ( 'NONE', #1213, #1559, #2356 ) ;
#146 = CARTESIAN_POINT ( 'NONE',  ( -20.02755869598701111, -1.000000000000000000, 10.25411588966823295 ) ) ;
#147 = CARTESIAN_POINT ( 'NONE',  ( -1.738658434820352650, 0.000000000000000000, 19.22152613211027727 ) ) ;
#148 = ORIENTED_EDGE ( 'NONE', *, *, #1820, .T. ) ;
#149 = CIRCLE ( 'NONE', #1361, 2.499999999837696496 ) ;
#150 = DIRECTION ( 'NONE',  ( 0.000000000000000000, 0.000000000000000000, 1.000000000000000000 ) ) ;
#151 = VERTEX_POINT ( 'NONE', #75 ) ;
#152 = VECTOR ( 'NONE', #1832, 1000.000000000000000 ) ;
#153 = EDGE_LOOP ( 'NONE', ( #148, #676, #754, #1199 ) ) ;
#154 = CARTESIAN_POINT ( 'NONE',  ( -16.89146169529658081, -1.000000000000000000, 10.89042996483904524 ) ) ;
#155 = CARTESIAN_POINT ( 'NONE',  ( -3.654112635780209839, -0.5000000000000017764, -0.1911217466488111805 ) ) ;
#156 = ORIENTED_EDGE ( 'NONE', *, *, #500, .T. ) ;
#157 = VERTEX_POINT ( 'NONE', #2520 ) ;
#158 = EDGE_CURVE ( 'NONE', #798, #1760, #1466, .T. ) ;
#159 = ADVANCED_FACE ( 'NONE', ( #1052 ), #660, .T. ) ;
#160 = DIRECTION ( 'NONE',  ( 8.659560562354988325E-17, 0.7071067811865431318, -0.7071067811865520136 ) ) ;
#161 = FACE_OUTER_BOUND ( 'NONE', #1151, .T. ) ;
#162 = DIRECTION ( 'NONE',  ( 8.659560562354868763E-17, 0.7071067811865529018, -0.7071067811865422437 ) ) ;
#163 = EDGE_CURVE ( 'NONE', #1747, #31, #121, .T. ) ;
#164 = ORIENTED_EDGE ( 'NONE', *, *, #1169, .T. ) ;
#165 = DIRECTION ( 'NONE',  ( 0.000000000000000000, 1.000000000000000000, 0.000000000000000000 ) ) ;
#166 = DIRECTION ( 'NONE',  ( 0.000000000000000000, 0.000000000000000000, 1.000000000000000000 ) ) ;
#167 = ORIENTED_EDGE ( 'NONE', *, *, #2434, .F. ) ;
#168 = CYLINDRICAL_SURFACE ( 'NONE', #987, 1.999999999940966111 ) ;
#169 = CARTESIAN_POINT ( 'NONE',  ( 5.762036646588697408, -2.100000000000000089, 16.39322065805218998 ) ) ;
#170 = EDGE_CURVE ( 'NONE', #2577, #1396, #829, .T. ) ;
#171 = ORIENTED_EDGE ( 'NONE', *, *, #1153, .T. ) ;
#172 = DIRECTION ( 'NONE',  ( 0.000000000000000000, 0.000000000000000000, -1.000000000000000000 ) ) ;
#173 = CARTESIAN_POINT ( 'NONE',  ( -1.812613524399697251, 1.899999999999999911, -2.920658379665400872 ) ) ;
#174 = EDGE_CURVE ( 'NONE', #926, #1184, #1291, .T. ) ;
#175 = CARTESIAN_POINT ( 'NONE',  ( 5.762036646588697408, -2.100000000000000089, 13.19322065837678259 ) ) ;
#176 = ORIENTED_EDGE ( 'NONE', *, *, #2098, .F. ) ;
#177 = DIRECTION ( 'NONE',  ( -0.000000000000000000, 1.000000000000000000, -0.000000000000000000 ) ) ;
#178 = FACE_OUTER_BOUND ( 'NONE', #1410, .T. ) ;
#179 = ORIENTED_EDGE ( 'NONE', *, *, #2024, .F. ) ;
#180 = AXIS2_PLACEMENT_3D ( 'NONE', #2291, #490, #1888 ) ;
#181 = FACE_OUTER_BOUND ( 'NONE', #1049, .T. ) ;
#182 = FACE_OUTER_BOUND ( 'NONE', #1289, .T. ) ;
#183 = ORIENTED_EDGE ( 'NONE', *, *, #1434, .F. ) ;
#184 = PRODUCT_RELATED_PRODUCT_CATEGORY ( 'part', '', ( #1459 ) ) ;
#185 = DIRECTION ( 'NONE',  ( 0.000000000000000000, 1.000000000000000000, 0.000000000000000000 ) ) ;
#186 = DIRECTION ( 'NONE',  ( 0.000000000000000000, 0.000000000000000000, 1.000000000000000000 ) ) ;
#187 = CARTESIAN_POINT ( 'NONE',  ( -16.19939280283944072, -2.100000000000000089, 1.562657063410135994 ) ) ;
#188 = ORIENTED_EDGE ( 'NONE', *, *, #1043, .F. ) ;
#189 = DIRECTION ( 'NONE',  ( -0.000000000000000000, 1.000000000000000000, -0.000000000000000000 ) ) ;
#190 = LINE ( 'NONE', #1183, #1478 ) ;
#191 = CIRCLE ( 'NONE', #1441, 22.50000000000000000 ) ;
#192 = EDGE_CURVE ( 'NONE', #1645, #2358, #2279, .T. ) ;
#193 = AXIS2_PLACEMENT_3D ( 'NONE', #833, #1616, #1648 ) ;
#194 = ORIENTED_EDGE ( 'NONE', *, *, #1227, .T. ) ;
#195 = CARTESIAN_POINT ( 'NONE',  ( -16.19939280283766436, 1.899999999999999911, 0.3126570632614456002 ) ) ;
#196 = EDGE_CURVE ( 'NONE', #879, #1969, #1080, .T. ) ;
#197 = DIRECTION ( 'NONE',  ( -0.000000000000000000, 1.000000000000000000, -0.000000000000000000 ) ) ;
#198 = CARTESIAN_POINT ( 'NONE',  ( 16.19939555383420782, -1.550000000000011369, -0.3126532750625798940 ) ) ;
#199 = CARTESIAN_POINT ( 'NONE',  ( -5.762032100735225981, -2.100000000000000089, -15.14321755274350423 ) ) ;
#200 = CYLINDRICAL_SURFACE ( 'NONE', #55, 3.199999999999994404 ) ;
#201 = VERTEX_POINT ( 'NONE', #1065 ) ;
#202 = LINE ( 'NONE', #624, #2589 ) ;
#203 = VERTEX_POINT ( 'NONE', #2077 ) ;
#204 = AXIS2_PLACEMENT_3D ( 'NONE', #2315, #1700, #1918 ) ;
#205 = EDGE_CURVE ( 'NONE', #314, #689, #1263, .T. ) ;
#206 = DIRECTION ( 'NONE',  ( 0.000000000000000000, 1.000000000000000000, 0.000000000000000000 ) ) ;
#207 = DIRECTION ( 'NONE',  ( 0.000000000000000000, 0.000000000000000000, -1.000000000000000000 ) ) ;
#208 = DIRECTION ( 'NONE',  ( 0.000000000000000000, 1.000000000000000000, 0.000000000000000000 ) ) ;
#209 = FACE_OUTER_BOUND ( 'NONE', #1701, .T. ) ;
#210 = CARTESIAN_POINT ( 'NONE',  ( 0.000000000000000000, 0.3999999999999999667, 0.000000000000000000 ) ) ;
#211 = ORIENTED_EDGE ( 'NONE', *, *, #367, .T. ) ;
#212 = DIRECTION ( 'NONE',  ( 0.5592771070906242814, 0.000000000000000000, -0.8289807702741615048 ) ) ;
#213 = EDGE_CURVE ( 'NONE', #352, #1844, #256, .T. ) ;
#214 = ORIENTED_EDGE ( 'NONE', *, *, #636, .F. ) ;
#215 = DIRECTION ( 'NONE',  ( 0.000000000000000000, -1.000000000000000000, 0.000000000000000000 ) ) ;
#216 = FACE_OUTER_BOUND ( 'NONE', #763, .T. ) ;
#217 = CARTESIAN_POINT ( 'NONE',  ( 5.762036646393076111, 1.899999999999999911, 17.14322065829920660 ) ) ;
#218 = CARTESIAN_POINT ( 'NONE',  ( 6.439293542825907934E-12, 0.000000000000000000, 1.021405182655144017E-11 ) ) ;
#219 = EDGE_CURVE ( 'NONE', #538, #879, #271, .T. ) ;
#220 = VERTEX_POINT ( 'NONE', #1671 ) ;
#221 = DIRECTION ( 'NONE',  ( -0.9816465591202832019, 0.000000000000000000, 0.1907092891479283681 ) ) ;
#222 = CIRCLE ( 'NONE', #1892, 20.99999999999999645 ) ;
#223 = CIRCLE ( 'NONE', #1014, 1.950000000075169382 ) ;
#224 = ORIENTED_EDGE ( 'NONE', *, *, #1682, .T. ) ;
#225 = CARTESIAN_POINT ( 'NONE',  ( 16.19939555384441832, 1.899999999999999911, -0.3126532748388699545 ) ) ;
#226 = VERTEX_POINT ( 'NONE', #2476 ) ;
#227 = FACE_OUTER_BOUND ( 'NONE', #2489, .T. ) ;
#228 = AXIS2_PLACEMENT_3D ( 'NONE', #2375, #208, #1001 ) ;
#229 = CARTESIAN_POINT ( 'NONE',  ( 16.19939555383420782, -0.1000000000000000472, -0.3126532750625798940 ) ) ;
#230 = AXIS2_PLACEMENT_3D ( 'NONE', #1154, #1728, #1920 ) ;
#231 = CARTESIAN_POINT ( 'NONE',  ( 5.762036646588697408, -0.1000000000000000472, 15.14322065821449570 ) ) ;
#232 = EDGE_CURVE ( 'NONE', #136, #226, #1093, .T. ) ;
#233 = EDGE_LOOP ( 'NONE', ( #394, #884 ) ) ;
#234 = EDGE_CURVE ( 'NONE', #529, #2392, #1479, .T. ) ;
#235 = DIRECTION ( 'NONE',  ( 0.5592771070906241704, 0.000000000000000000, -0.8289807702741617268 ) ) ;
#236 = VECTOR ( 'NONE', #2379, 1000.000000000000000 ) ;
#237 = ORIENTED_EDGE ( 'NONE', *, *, #453, .T. ) ;
#238 = CARTESIAN_POINT ( 'NONE',  ( -3.788964467371977562, 1.899999999999999911, -0.8852506853312023249 ) ) ;
#239 = CARTESIAN_POINT ( 'NONE',  ( 12.05359839965949931, 0.000000000000000000, -5.842452125817800379 ) ) ;
#240 = CIRCLE ( 'NONE', #204, 2.000000000000002220 ) ;
#241 = DIRECTION ( 'NONE',  ( 0.000000000000000000, -1.000000000000000000, 0.000000000000000000 ) ) ;
#242 = ADVANCED_FACE ( 'NONE', ( #2493 ), #2049, .F. ) ;
#243 = CYLINDRICAL_SURFACE ( 'NONE', #1243, 3.200000000000001066 ) ;
#244 = VERTEX_POINT ( 'NONE', #2507 ) ;
#245 = FACE_OUTER_BOUND ( 'NONE', #1772, .T. ) ;
#246 = ORIENTED_EDGE ( 'NONE', *, *, #1415, .T. ) ;
#247 = CARTESIAN_POINT ( 'NONE',  ( 5.762036646393076111, 1.899999999999999911, 15.14322065829920660 ) ) ;
#248 = DIRECTION ( 'NONE',  ( -0.000000000000000000, -1.000000000000000000, -0.000000000000000000 ) ) ;
#249 = VECTOR ( 'NONE', #102, 1000.000000000000114 ) ;
#250 = DIRECTION ( 'NONE',  ( 0.000000000000000000, 0.000000000000000000, -1.000000000000000000 ) ) ;
#251 = DIRECTION ( 'NONE',  ( -0.000000000000000000, 1.000000000000000000, -0.000000000000000000 ) ) ;
#252 = VECTOR ( 'NONE', #1903, 1000.000000000000227 ) ;
#253 = EDGE_CURVE ( 'NONE', #31, #1560, #702, .T. ) ;
#254 = EDGE_LOOP ( 'NONE', ( #510, #1163, #298, #2122 ) ) ;
#255 = VERTEX_POINT ( 'NONE', #2254 ) ;
#256 = LINE ( 'NONE', #2064, #803 ) ;
#257 = ORIENTED_EDGE ( 'NONE', *, *, #158, .T. ) ;
#258 = VECTOR ( 'NONE', #2245, 1000.000000000000000 ) ;
#259 = DIRECTION ( 'NONE',  ( 0.5861779241341085189, 0.7071067811865455743, 0.3954686349861768480 ) ) ;
#260 = EDGE_CURVE ( 'NONE', #48, #955, #455, .T. ) ;
#261 = EDGE_CURVE ( 'NONE', #293, #2091, #1598, .T. ) ;
#262 = CYLINDRICAL_SURFACE ( 'NONE', #2367, 2.200000000000000622 ) ;
#263 = AXIS2_PLACEMENT_3D ( 'NONE', #2311, #2296, #2464 ) ;
#264 = EDGE_CURVE ( 'NONE', #1581, #544, #1938, .T. ) ;
#265 = AXIS2_PLACEMENT_3D ( 'NONE', #545, #760, #2102 ) ;
#266 = CARTESIAN_POINT ( 'NONE',  ( 5.762036646588697408, -0.1000000000000000472, 13.14322065837680142 ) ) ;
#267 = LINE ( 'NONE', #84, #1588 ) ;
#268 = EDGE_LOOP ( 'NONE', ( #2432, #1329, #2143, #2497 ) ) ;
#269 = AXIS2_PLACEMENT_3D ( 'NONE', #199, #2228, #1623 ) ;
#270 = EDGE_LOOP ( 'NONE', ( #1926, #2556, #2328, #2421 ) ) ;
#271 = LINE ( 'NONE', #2090, #915 ) ;
#272 = ORIENTED_EDGE ( 'NONE', *, *, #1555, .T. ) ;
#273 = DIRECTION ( 'NONE',  ( -0.000000000000000000, 1.000000000000000000, -0.000000000000000000 ) ) ;
#274 = ORIENTED_EDGE ( 'NONE', *, *, #232, .T. ) ;
#275 = ORIENTED_EDGE ( 'NONE', *, *, #1040, .T. ) ;
#276 = DIRECTION ( 'NONE',  ( 0.8486101593525686715, 0.000000000000000000, 0.5290187118085785123 ) ) ;
#277 = CARTESIAN_POINT ( 'NONE',  ( -5.762032100735225981, -0.1000000000000000472, -15.14321755274350423 ) ) ;
#278 = EDGE_CURVE ( 'NONE', #2547, #1219, #1387, .T. ) ;
#279 = DIRECTION ( 'NONE',  ( 0.000000000000000000, 0.000000000000000000, 1.000000000000000000 ) ) ;
#280 = CIRCLE ( 'NONE', #1865, 2.000000000323250315 ) ;
#281 = CARTESIAN_POINT ( 'NONE',  ( 16.19939555383420782, -1.000000000000000000, -0.3126532750625798940 ) ) ;
#282 = VERTEX_POINT ( 'NONE', #1580 ) ;
#283 = DIRECTION ( 'NONE',  ( 0.000000000000000000, -1.000000000000000000, 0.000000000000000000 ) ) ;
#284 = ORIENTED_EDGE ( 'NONE', *, *, #1043, .T. ) ;
#285 = DIRECTION ( 'NONE',  ( 0.000000000000000000, 0.000000000000000000, 1.000000000000000000 ) ) ;
#286 = ORIENTED_EDGE ( 'NONE', *, *, #877, .F. ) ;
#287 = ORIENTED_EDGE ( 'NONE', *, *, #1880, .T. ) ;
#288 = FACE_BOUND ( 'NONE', #2067, .T. ) ;
#289 = ADVANCED_FACE ( 'NONE', ( #1745 ), #1759, .T. ) ;
#290 = CARTESIAN_POINT ( 'NONE',  ( -1.532974970854386054, 1.399999999999999245, -3.335148764802480681 ) ) ;
#291 = LINE ( 'NONE', #1298, #252 ) ;
#292 = CARTESIAN_POINT ( 'NONE',  ( -16.19939280283944072, -0.1000000000000000472, -0.9373429364717984491 ) ) ;
#293 = VERTEX_POINT ( 'NONE', #371 ) ;
#294 = PLANE ( 'NONE',  #1056 ) ;
#295 = VECTOR ( 'NONE', #1247, 1000.000000000000227 ) ;
#296 = EDGE_CURVE ( 'NONE', #2547, #72, #762, .T. ) ;
#297 = DIRECTION ( 'NONE',  ( 0.000000000000000000, 0.7071067811865431318, 0.7071067811865520136 ) ) ;
#298 = ORIENTED_EDGE ( 'NONE', *, *, #1590, .F. ) ;
#299 = FACE_OUTER_BOUND ( 'NONE', #1367, .T. ) ;
#300 = ORIENTED_EDGE ( 'NONE', *, *, #163, .T. ) ;
#301 = ORIENTED_EDGE ( 'NONE', *, *, #2298, .F. ) ;
#302 = LINE ( 'NONE', #1500, #1209 ) ;
#303 = LINE ( 'NONE', #1073, #433 ) ;
#304 = LINE ( 'NONE', #1149, #713 ) ;
#305 = CARTESIAN_POINT ( 'NONE',  ( 5.762036646588697408, -0.1000000000000000472, 16.39322065805218998 ) ) ;
#306 = CIRCLE ( 'NONE', #1016, 1.250000000075176310 ) ;
#307 = AXIS2_PLACEMENT_3D ( 'NONE', #1714, #2347, #2535 ) ;
#308 = VERTEX_POINT ( 'NONE', #1565 ) ;
#309 = DIRECTION ( 'NONE',  ( 0.000000000000000000, -0.8114084052956053172, 0.5844795974331717936 ) ) ;
#310 = VECTOR ( 'NONE', #1419, 1000.000000000000114 ) ;
#311 = DIRECTION ( 'NONE',  ( 0.000000000000000000, 0.000000000000000000, 1.000000000000000000 ) ) ;
#312 = ADVANCED_FACE ( 'NONE', ( #2555 ), #1729, .F. ) ;
#313 = CARTESIAN_POINT ( 'NONE',  ( 5.762036646588697408, -0.1000000000000000472, 15.14322065821449570 ) ) ;
#314 = VERTEX_POINT ( 'NONE', #1123 ) ;
#315 = DIRECTION ( 'NONE',  ( 0.000000000000000000, -1.000000000000000000, 0.000000000000000000 ) ) ;
#316 = ORIENTED_EDGE ( 'NONE', *, *, #2404, .T. ) ;
#317 = ORIENTED_EDGE ( 'NONE', *, *, #1961, .T. ) ;
#318 = VECTOR ( 'NONE', #1521, 1000.000000000000000 ) ;
#319 = EDGE_CURVE ( 'NONE', #33, #1581, #1168, .T. ) ;
#320 = CARTESIAN_POINT ( 'NONE',  ( 5.762036646588697408, -2.100000000000000089, 15.14322065821449570 ) ) ;
#321 = CYLINDRICAL_SURFACE ( 'NONE', #922, 3.200000000000001066 ) ;
#322 = AXIS2_PLACEMENT_3D ( 'NONE', #1558, #1372, #2385 ) ;
#323 = DIRECTION ( 'NONE',  ( -0.3954686349861745720, 0.7071067811865489050, 0.5861779241341060764 ) ) ;
#324 = ORIENTED_EDGE ( 'NONE', *, *, #1928, .F. ) ;
#325 = EDGE_CURVE ( 'NONE', #1184, #1370, #1366, .T. ) ;
#326 = PLANE ( 'NONE',  #2413 ) ;
#327 = DIRECTION ( 'NONE',  ( -0.5596440074613913129, 0.000000000000000000, 0.8287331204389952743 ) ) ;
#328 = CARTESIAN_POINT ( 'NONE',  ( 5.762036646588697408, -2.100000000000000089, 15.14322065821449570 ) ) ;
#329 = VERTEX_POINT ( 'NONE', #147 ) ;
#330 = DIRECTION ( 'NONE',  ( 0.000000000000000000, 1.000000000000000000, -0.000000000000000000 ) ) ;
#331 = ORIENTED_EDGE ( 'NONE', *, *, #2298, .T. ) ;
#332 = PLANE ( 'NONE',  #2485 ) ;
#333 = ORIENTED_EDGE ( 'NONE', *, *, #213, .F. ) ;
#334 = CIRCLE ( 'NONE', #1801, 1.249999999837695164 ) ;
#335 = DIRECTION ( 'NONE',  ( -0.000000000000000000, 1.000000000000000000, -0.000000000000000000 ) ) ;
#336 = LINE ( 'NONE', #2502, #12 ) ;
#337 = ORIENTED_EDGE ( 'NONE', *, *, #1075, .T. ) ;
#338 = VERTEX_POINT ( 'NONE', #2322 ) ;
#339 = FILL_AREA_STYLE ('',( #2359 ) ) ;
#340 = CARTESIAN_POINT ( 'NONE',  ( 0.000000000000000000, 0.3999999999999999667, 0.000000000000000000 ) ) ;
#341 = FACE_OUTER_BOUND ( 'NONE', #2081, .T. ) ;
#342 = ORIENTED_EDGE ( 'NONE', *, *, #43, .F. ) ;
#343 = DIRECTION ( 'NONE',  ( 0.000000000000000000, -1.000000000000000000, 0.000000000000000000 ) ) ;
#344 = DIRECTION ( 'NONE',  ( 0.000000000000000000, 1.000000000000000000, 0.000000000000000000 ) ) ;
#345 = VERTEX_POINT ( 'NONE', #175 ) ;
#346 = VECTOR ( 'NONE', #1839, 1000.000000000000114 ) ;
#347 = ADVANCED_FACE ( 'NONE', ( #382 ), #2169, .T. ) ;
#348 = ORIENTED_EDGE ( 'NONE', *, *, #2570, .T. ) ;
#349 = CARTESIAN_POINT ( 'NONE',  ( 0.000000000000000000, 0.000000000000000000, -22.50000000000000000 ) ) ;
#350 = DIRECTION ( 'NONE',  ( -0.8486101593525688935, 0.000000000000000000, -0.5290187118085784013 ) ) ;
#351 = EDGE_CURVE ( 'NONE', #800, #1972, #1017, .T. ) ;
#352 = VERTEX_POINT ( 'NONE', #964 ) ;
#353 = ORIENTED_EDGE ( 'NONE', *, *, #1201, .T. ) ;
#354 = CIRCLE ( 'NONE', #18, 2.499999999940966777 ) ;
#355 = CARTESIAN_POINT ( 'NONE',  ( 6.439293542825907934E-12, -1.000000000000000000, 1.021405182655144017E-11 ) ) ;
#356 = VECTOR ( 'NONE', #594, 1000.000000000000000 ) ;
#357 = DIRECTION ( 'NONE',  ( 0.000000000000000000, 0.7071067811865526798, 0.7071067811865422437 ) ) ;
#358 = FACE_OUTER_BOUND ( 'NONE', #715, .T. ) ;
#359 = ORIENTED_EDGE ( 'NONE', *, *, #1395, .T. ) ;
#360 =( LENGTH_UNIT ( ) NAMED_UNIT ( * ) SI_UNIT ( .MILLI., .METRE. ) );
#361 = CARTESIAN_POINT ( 'NONE',  ( -16.19939280283944072, -2.100000000000000089, 0.3126570634691683281 ) ) ;
#362 = EDGE_LOOP ( 'NONE', ( #1997, #2170, #2065, #2255 ) ) ;
#363 = AXIS2_PLACEMENT_3D ( 'NONE', #2168, #775, #1937 ) ;
#364 = EDGE_CURVE ( 'NONE', #2106, #2147, #1771, .T. ) ;
#365 = CARTESIAN_POINT ( 'NONE',  ( 16.19939555383420782, 1.899999999999999911, -2.312653274838869510 ) ) ;
#366 = DIRECTION ( 'NONE',  ( 0.000000000000000000, 0.000000000000000000, -1.000000000000000000 ) ) ;
#367 = EDGE_CURVE ( 'NONE', #1294, #1827, #979, .T. ) ;
#368 = ORIENTED_EDGE ( 'NONE', *, *, #260, .F. ) ;
#369 = DIRECTION ( 'NONE',  ( 0.000000000000000000, 0.000000000000000000, -1.000000000000000000 ) ) ;
#370 = CARTESIAN_POINT ( 'NONE',  ( 1.366935797895270532, 1.399999999999999245, 3.196360259259739323 ) ) ;
#371 = CARTESIAN_POINT ( 'NONE',  ( 16.19939555383420782, -2.100000000000000089, -2.262653275137749276 ) ) ;
#372 = ORIENTED_EDGE ( 'NONE', *, *, #66, .F. ) ;
#373 = CARTESIAN_POINT ( 'NONE',  ( 16.19939555383420782, -2.100000000000000089, -1.562653275137755093 ) ) ;
#374 = CYLINDRICAL_SURFACE ( 'NONE', #558, 1.250000000153083546 ) ;
#375 = EDGE_LOOP ( 'NONE', ( #470, #1432, #1684, #2299 ) ) ;
#376 = FACE_BOUND ( 'NONE', #2466, .T. ) ;
#377 = DIRECTION ( 'NONE',  ( 0.000000000000000000, -1.000000000000000000, 0.000000000000000000 ) ) ;
#378 = VERTEX_POINT ( 'NONE', #1180 ) ;
#379 = DIRECTION ( 'NONE',  ( -0.000000000000000000, 1.000000000000000000, -0.000000000000000000 ) ) ;
#380 = DIRECTION ( 'NONE',  ( -0.000000000000000000, 1.000000000000000000, -0.000000000000000000 ) ) ;
#381 = EDGE_CURVE ( 'NONE', #1096, #2263, #1538, .T. ) ;
#382 = FACE_OUTER_BOUND ( 'NONE', #821, .T. ) ;
#383 = EDGE_LOOP ( 'NONE', ( #2345, #287, #984, #1321 ) ) ;
#384 = DIRECTION ( 'NONE',  ( 0.000000000000000000, -0.000000000000000000, 1.000000000000000000 ) ) ;
#385 = EDGE_CURVE ( 'NONE', #2316, #524, #659, .T. ) ;
#386 = ORIENTED_EDGE ( 'NONE', *, *, #1198, .T. ) ;
#387 = VECTOR ( 'NONE', #1490, 1000.000000000000000 ) ;
#388 = CARTESIAN_POINT ( 'NONE',  ( -16.19939280283944072, -1.000000000000000000, 0.3126570634691683281 ) ) ;
#389 = DIRECTION ( 'NONE',  ( -0.000000000000000000, 1.000000000000000000, -0.000000000000000000 ) ) ;
#390 = CARTESIAN_POINT ( 'NONE',  ( 6.439293542825907934E-12, 0.000000000000000000, 19.30000000001021121 ) ) ;
#391 = DIRECTION ( 'NONE',  ( 0.000000000000000000, 0.000000000000000000, 1.000000000000000000 ) ) ;
#392 = AXIS2_PLACEMENT_3D ( 'NONE', #1233, #2032, #1845 ) ;
#393 = DIRECTION ( 'NONE',  ( 0.000000000000000000, -1.000000000000000000, 0.000000000000000000 ) ) ;
#394 = ORIENTED_EDGE ( 'NONE', *, *, #2395, .T. ) ;
#395 = DIRECTION ( 'NONE',  ( -0.1907092891479331975, -0.000000000000000000, -0.9816465591202824248 ) ) ;
#396 = AXIS2_PLACEMENT_3D ( 'NONE', #361, #1336, #2543 ) ;
#397 = ADVANCED_FACE ( 'NONE', ( #358 ), #533, .T. ) ;
#398 = AXIS2_PLACEMENT_3D ( 'NONE', #2417, #1994, #1391 ) ;
#399 = DIRECTION ( 'NONE',  ( -0.000000000000000000, 1.000000000000000000, -0.000000000000000000 ) ) ;
#400 = MECHANICAL_DESIGN_GEOMETRIC_PRESENTATION_REPRESENTATION (  '', ( #2062 ), #1945 ) ;
#401 = VECTOR ( 'NONE', #29, 1000.000000000000114 ) ;
#402 = ORIENTED_EDGE ( 'NONE', *, *, #253, .F. ) ;
#403 = DIRECTION ( 'NONE',  ( 0.000000000000000000, -1.000000000000000000, 0.000000000000000000 ) ) ;
#404 = CARTESIAN_POINT ( 'NONE',  ( -5.762032100735225981, -1.550000000000000266, -15.14321755274350423 ) ) ;
#405 = CARTESIAN_POINT ( 'NONE',  ( -1.118484585717304913, -0.4999999999999996669, -3.055510211257168152 ) ) ;
#406 = DIRECTION ( 'NONE',  ( 0.000000000000000000, 1.000000000000000000, 0.000000000000000000 ) ) ;
#407 = ADVANCED_FACE ( 'NONE', ( #341 ), #408, .T. ) ;
#408 = PLANE ( 'NONE',  #1128 ) ;
#409 = ORIENTED_EDGE ( 'NONE', *, *, #1652, .T. ) ;
#410 = AXIS2_PLACEMENT_3D ( 'NONE', #2139, #177, #2557 ) ;
#411 = CARTESIAN_POINT ( 'NONE',  ( -3.239622250643128698, 1.899999999999999911, 0.08851680689650053002 ) ) ;
#412 = EDGE_LOOP ( 'NONE', ( #1986, #446, #1282, #2438 ) ) ;
#413 = AXIS2_PLACEMENT_3D ( 'NONE', #320, #335, #511 ) ;
#414 = LINE ( 'NONE', #617, #615 ) ;
#415 = DIRECTION ( 'NONE',  ( 0.000000000000000000, -1.000000000000000000, 0.000000000000000000 ) ) ;
#416 = AXIS2_PLACEMENT_3D ( 'NONE', #2095, #1695, #486 ) ;
#417 = DIRECTION ( 'NONE',  ( 0.000000000000000000, 0.000000000000000000, 1.000000000000000000 ) ) ;
#418 = CARTESIAN_POINT ( 'NONE',  ( -16.19939280283944072, -1.000000000000000000, 0.3126570634691683281 ) ) ;
#419 = CARTESIAN_POINT ( 'NONE',  ( 1.646574351440581507, -2.100000000000000089, 2.781869874122660846 ) ) ;
#420 = ORIENTED_EDGE ( 'NONE', *, *, #351, .T. ) ;
#421 = LINE ( 'NONE', #411, #1647 ) ;
#422 = EDGE_LOOP ( 'NONE', ( #2337, #1455 ) ) ;
#423 = DIRECTION ( 'NONE',  ( 0.000000000000000000, 0.000000000000000000, 1.000000000000000000 ) ) ;
#424 = ORIENTED_EDGE ( 'NONE', *, *, #729, .T. ) ;
#425 = LINE ( 'NONE', #2433, #2410 ) ;
#426 = EDGE_CURVE ( 'NONE', #691, #2525, #2257, .T. ) ;
#427 = VECTOR ( 'NONE', #1494, 1000.000000000000000 ) ;
#428 = LINE ( 'NONE', #631, #387 ) ;
#429 = EDGE_CURVE ( 'NONE', #201, #522, #1205, .T. ) ;
#430 = CARTESIAN_POINT ( 'NONE',  ( -16.89146169529658081, 0.000000000000000000, 10.89042996483904524 ) ) ;
#431 = ORIENTED_EDGE ( 'NONE', *, *, #1515, .F. ) ;
#432 = CARTESIAN_POINT ( 'NONE',  ( -1.095498629387628320, -1.000000000000000000, -10.26865222530538801 ) ) ;
#433 = VECTOR ( 'NONE', #1102, 999.9999999999998863 ) ;
#434 = AXIS2_PLACEMENT_3D ( 'NONE', #2183, #1983, #384 ) ;
#435 = VERTEX_POINT ( 'NONE', #1798 ) ;
#436 = AXIS2_PLACEMENT_3D ( 'NONE', #1781, #1999, #1175 ) ;
#437 = CARTESIAN_POINT ( 'NONE',  ( 1.366935797895270532, 1.399999999999999245, 3.196360259259739323 ) ) ;
#438 = EDGE_CURVE ( 'NONE', #255, #127, #1337, .T. ) ;
#439 = DIRECTION ( 'NONE',  ( -0.8289807702741615048, 0.000000000000000000, -0.5592771070906243924 ) ) ;
#440 = DIRECTION ( 'NONE',  ( 0.000000000000000000, 1.000000000000000000, 0.000000000000000000 ) ) ;
#441 = VECTOR ( 'NONE', #963, 1000.000000000000000 ) ;
#442 = CARTESIAN_POINT ( 'NONE',  ( 12.05359839965949931, -1.000000000000000000, -5.842452125817800379 ) ) ;
#443 = ORIENTED_EDGE ( 'NONE', *, *, #913, .F. ) ;
#444 = LINE ( 'NONE', #50, #980 ) ;
#445 = AXIS2_PLACEMENT_3D ( 'NONE', #1393, #1158, #1940 ) ;
#446 = ORIENTED_EDGE ( 'NONE', *, *, #2496, .T. ) ;
#447 = CARTESIAN_POINT ( 'NONE',  ( -4.068603020917290536, -1.000000000000000000, -0.4707603001941234599 ) ) ;
#448 = CARTESIAN_POINT ( 'NONE',  ( 5.762036646588697408, -2.100000000000000089, 13.89322065837679965 ) ) ;
#449 = AXIS2_PLACEMENT_3D ( 'NONE', #841, #1237, #2487 ) ;
#450 = CARTESIAN_POINT ( 'NONE',  ( 2.290221126187272027, -1.000000000000000000, -15.69975724516182325 ) ) ;
#451 = DIRECTION ( 'NONE',  ( 0.000000000000000000, 0.000000000000000000, 1.000000000000000000 ) ) ;
#452 = EDGE_LOOP ( 'NONE', ( #1618, #865, #466, #1720 ) ) ;
#453 = EDGE_CURVE ( 'NONE', #1972, #800, #334, .T. ) ;
#454 = EDGE_CURVE ( 'NONE', #995, #1890, #1000, .T. ) ;
#455 = LINE ( 'NONE', #1251, #130 ) ;
#456 = ADVANCED_FACE ( 'NONE', ( #797 ), #200, .F. ) ;
#457 = ORIENTED_EDGE ( 'NONE', *, *, #1708, .T. ) ;
#458 = DIRECTION ( 'NONE',  ( 0.000000000000000000, 0.000000000000000000, 1.000000000000000000 ) ) ;
#459 = CARTESIAN_POINT ( 'NONE',  ( -5.762032100735225981, -0.1000000000000000472, -15.14321755274350423 ) ) ;
#460 = DIRECTION ( 'NONE',  ( 0.000000000000000000, 0.000000000000000000, -1.000000000000000000 ) ) ;
#461 = PLANE ( 'NONE',  #824 ) ;
#462 = ORIENTED_EDGE ( 'NONE', *, *, #623, .T. ) ;
#463 = CIRCLE ( 'NONE', #1429, 3.050000000075180129 ) ;
#464 = ORIENTED_EDGE ( 'NONE', *, *, #1669, .T. ) ;
#465 = CARTESIAN_POINT ( 'NONE',  ( 5.762036646588697408, -1.550000000000009148, 15.14322065821449570 ) ) ;
#466 = ORIENTED_EDGE ( 'NONE', *, *, #500, .F. ) ;
#467 = CARTESIAN_POINT ( 'NONE',  ( 3.073583077684011400, 1.399999999999999245, -0.2273053124392417357 ) ) ;
#468 = ADVANCED_FACE ( 'NONE', ( #5 ), #1853, .T. ) ;
#469 = ORIENTED_EDGE ( 'NONE', *, *, #614, .T. ) ;
#470 = ORIENTED_EDGE ( 'NONE', *, *, #512, .F. ) ;
#471 = AXIS2_PLACEMENT_3D ( 'NONE', #661, #2324, #1111 ) ;
#472 = CARTESIAN_POINT ( 'NONE',  ( -11.43956989573805849, -1.000000000000000000, 16.93996599584606955 ) ) ;
#473 = DIRECTION ( 'NONE',  ( 0.000000000000000000, -1.000000000000000000, 0.000000000000000000 ) ) ;
#474 = VECTOR ( 'NONE', #1597, 1000.000000000000114 ) ;
#475 = AXIS2_PLACEMENT_3D ( 'NONE', #976, #988, #2398 ) ;
#476 = FACE_OUTER_BOUND ( 'NONE', #383, .T. ) ;
#477 = CARTESIAN_POINT ( 'NONE',  ( -16.19939280283944072, -1.000000000000000000, -2.737342936471792498 ) ) ;
#478 = EDGE_LOOP ( 'NONE', ( #673, #856, #409, #994 ) ) ;
#479 = VECTOR ( 'NONE', #380, 1000.000000000000000 ) ;
#480 = ADVANCED_FACE ( 'NONE', ( #1808 ), #809, .T. ) ;
#481 = DIRECTION ( 'NONE',  ( -0.1557134825404419831, -0.5773502691896248429, -0.8015110592011785995 ) ) ;
#482 = EDGE_LOOP ( 'NONE', ( #1693, #2494 ) ) ;
#483 = CARTESIAN_POINT ( 'NONE',  ( 2.571758278209441267E-15, 0.3999999999999999667, -20.99999999999999645 ) ) ;
#484 = VERTEX_POINT ( 'NONE', #154 ) ;
#485 = VERTEX_POINT ( 'NONE', #1974 ) ;
#486 = DIRECTION ( 'NONE',  ( 0.000000000000000000, 0.000000000000000000, 1.000000000000000000 ) ) ;
#487 =( GEOMETRIC_REPRESENTATION_CONTEXT ( 3 ) GLOBAL_UNCERTAINTY_ASSIGNED_CONTEXT ( ( #1535 ) ) GLOBAL_UNIT_ASSIGNED_CONTEXT ( ( #360, #579, #1141 ) ) REPRESENTATION_CONTEXT ( 'NONE', 'WORKASPACE' ) );
#488 = CARTESIAN_POINT ( 'NONE',  ( -3.239622250643128698, -0.5000000000000002220, 0.08851680689650058553 ) ) ;
#489 = VECTOR ( 'NONE', #2292, 999.9999999999998863 ) ;
#490 = DIRECTION ( 'NONE',  ( 0.000000000000000000, 1.000000000000000000, 0.000000000000000000 ) ) ;
#491 = CARTESIAN_POINT ( 'NONE',  ( -5.762032100735225981, -2.100000000000000089, -15.14321755274350423 ) ) ;
#492 = EDGE_CURVE ( 'NONE', #869, #995, #1397, .T. ) ;
#493 = ORIENTED_EDGE ( 'NONE', *, *, #1708, .F. ) ;
#494 = DIRECTION ( 'NONE',  ( 0.000000000000000000, 0.8114084052956042070, -0.5844795974331733479 ) ) ;
#495 = ORIENTED_EDGE ( 'NONE', *, *, #1932, .T. ) ;
#496 = CARTESIAN_POINT ( 'NONE',  ( 16.19939555383420782, -1.550000000000000266, -0.3126532750625798940 ) ) ;
#497 = ORIENTED_EDGE ( 'NONE', *, *, #2369, .T. ) ;
#498 = FACE_BOUND ( 'NONE', #742, .T. ) ;
#499 = DIRECTION ( 'NONE',  ( 0.000000000000000000, 1.000000000000000000, 0.000000000000000000 ) ) ;
#500 = EDGE_CURVE ( 'NONE', #798, #2310, #2354, .T. ) ;
#501 = DIRECTION ( 'NONE',  ( -0.000000000000000000, 1.000000000000000000, -0.000000000000000000 ) ) ;
#502 = LINE ( 'NONE', #1300, #2460 ) ;
#503 = ORIENTED_EDGE ( 'NONE', *, *, #850, .T. ) ;
#504 = EDGE_CURVE ( 'NONE', #2106, #48, #2199, .T. ) ;
#505 = CARTESIAN_POINT ( 'NONE',  ( 16.19939555383420782, -1.000000000000000000, 2.737346725012600235 ) ) ;
#506 = VECTOR ( 'NONE', #851, 1000.000000000000114 ) ;
#507 = DIRECTION ( 'NONE',  ( 8.659560562354872461E-17, 0.7071067811865525687, -0.7071067811865425767 ) ) ;
#508 = ORIENTED_EDGE ( 'NONE', *, *, #1880, .F. ) ;
#509 = CARTESIAN_POINT ( 'NONE',  ( -16.19939280283944072, -2.100000000000000089, 0.3126570634691683281 ) ) ;
#510 = ORIENTED_EDGE ( 'NONE', *, *, #571, .F. ) ;
#512 = EDGE_CURVE ( 'NONE', #2577, #435, #2174, .T. ) ;
#511 = DIRECTION ( 'NONE',  ( 0.000000000000000000, 0.000000000000000000, 1.000000000000000000 ) ) ;
#513 = PLANE ( 'NONE',  #1725 ) ;
#514 = DIRECTION ( 'NONE',  ( 0.000000000000000000, 1.000000000000000000, -0.000000000000000000 ) ) ;
#515 = CIRCLE ( 'NONE', #2278, 2.500000000153084656 ) ;
#516 = ORIENTED_EDGE ( 'NONE', *, *, #1169, .F. ) ;
#517 =( NAMED_UNIT ( * ) PLANE_ANGLE_UNIT ( ) SI_UNIT ( $, .RADIAN. ) );
#518 = PLANE ( 'NONE',  #568 ) ;
#519 = DIRECTION ( 'NONE',  ( 0.000000000000000000, -1.000000000000000000, 0.000000000000000000 ) ) ;
#520 = VERTEX_POINT ( 'NONE', #2161 ) ;
#521 = DIRECTION ( 'NONE',  ( 0.000000000000000000, 1.000000000000000000, 0.000000000000000000 ) ) ;
#522 = VERTEX_POINT ( 'NONE', #2370 ) ;
#523 = DIRECTION ( 'NONE',  ( 0.5592771070906242814, 0.000000000000000000, -0.8289807702741615048 ) ) ;
#524 = VERTEX_POINT ( 'NONE', #365 ) ;
#525 = LINE ( 'NONE', #1297, #1225 ) ;
#526 = CARTESIAN_POINT ( 'NONE',  ( 12.05359839965949931, 0.000000000000000000, -3.642452125817799757 ) ) ;
#527 = ADVANCED_FACE ( 'NONE', ( #584, #985, #2198, #1355, #1411, #1161, #376 ), #781, .T. ) ;
#528 = DIRECTION ( 'NONE',  ( 0.000000000000000000, 0.000000000000000000, 1.000000000000000000 ) ) ;
#529 = VERTEX_POINT ( 'NONE', #1385 ) ;
#530 = CARTESIAN_POINT ( 'NONE',  ( -1.812613524399697251, -0.5000000000000015543, -2.920658379665400872 ) ) ;
#531 = AXIS2_PLACEMENT_3D ( 'NONE', #917, #921, #1954 ) ;
#532 = DIRECTION ( 'NONE',  ( -0.000000000000000000, 1.000000000000000000, -0.000000000000000000 ) ) ;
#533 = PLANE ( 'NONE',  #2468 ) ;
#534 = ORIENTED_EDGE ( 'NONE', *, *, #2240, .F. ) ;
#535 = ADVANCED_FACE ( 'NONE', ( #2394 ), #2602, .T. ) ;
#536 = CARTESIAN_POINT ( 'NONE',  ( -5.762032100735225981, -2.100000000000000089, -13.89321755259042135 ) ) ;
#537 = ADVANCED_FACE ( 'NONE', ( #181 ), #569, .F. ) ;
#538 = VERTEX_POINT ( 'NONE', #2185 ) ;
#539 = ADVANCED_FACE ( 'NONE', ( #1960 ), #168, .F. ) ;
#540 = ORIENTED_EDGE ( 'NONE', *, *, #2491, .T. ) ;
#541 = PLANE ( 'NONE',  #1795 ) ;
#542 = DIRECTION ( 'NONE',  ( -0.000000000000000000, 1.000000000000000000, -0.000000000000000000 ) ) ;
#543 = ORIENTED_EDGE ( 'NONE', *, *, #1899, .T. ) ;
#544 = VERTEX_POINT ( 'NONE', #2562 ) ;
#545 = CARTESIAN_POINT ( 'NONE',  ( -16.19939280283944072, -2.100000000000000089, 0.3126570634691683281 ) ) ;
#546 = CARTESIAN_POINT ( 'NONE',  ( 3.767712016366403738, 1.899999999999999911, -0.3621571440310090706 ) ) ;
#547 = DIRECTION ( 'NONE',  ( -0.000000000000000000, 1.000000000000000000, -0.000000000000000000 ) ) ;
#548 = VERTEX_POINT ( 'NONE', #349 ) ;
#549 = CARTESIAN_POINT ( 'NONE',  ( 1.646574351440581285, -0.5000000000000017764, 2.781869874122660846 ) ) ;
#550 = ORIENTED_EDGE ( 'NONE', *, *, #1197, .F. ) ;
#551 = EDGE_CURVE ( 'NONE', #2477, #1173, #2457, .T. ) ;
#552 = EDGE_LOOP ( 'NONE', ( #2069, #214, #2101, #76 ) ) ;
#553 = DIRECTION ( 'NONE',  ( -0.000000000000000000, 1.000000000000000000, -0.000000000000000000 ) ) ;
#554 = DIRECTION ( 'NONE',  ( -0.8486101593525690046, 0.000000000000000000, -0.5290187118085780682 ) ) ;
#555 = ORIENTED_EDGE ( 'NONE', *, *, #49, .T. ) ;
#556 = VERTEX_POINT ( 'NONE', #1606 ) ;
#557 = CIRCLE ( 'NONE', #2022, 1.250000000168925096 ) ;
#558 = AXIS2_PLACEMENT_3D ( 'NONE', #956, #1942, #150 ) ;
#559 = CARTESIAN_POINT ( 'NONE',  ( -0.8388460321719937163, 1.899999999999999911, -3.470000596394247516 ) ) ;
#560 = CIRCLE ( 'NONE', #638, 2.000000000153084212 ) ;
#561 = CARTESIAN_POINT ( 'NONE',  ( 3.073583077684011400, 1.899999999999999911, -0.2273053124392417912 ) ) ;
#562 = AXIS2_PLACEMENT_3D ( 'NONE', #2336, #1921, #1379 ) ;
#563 = DIRECTION ( 'NONE',  ( 0.000000000000000000, 0.000000000000000000, -1.000000000000000000 ) ) ;
#564 = EDGE_LOOP ( 'NONE', ( #894, #1135, #1506, #1630 ) ) ;
#565 = FACE_OUTER_BOUND ( 'NONE', #882, .T. ) ;
#566 = ORIENTED_EDGE ( 'NONE', *, *, #1741, .T. ) ;
#567 = ADVANCED_FACE ( 'NONE', ( #9 ), #802, .T. ) ;
#568 = AXIS2_PLACEMENT_3D ( 'NONE', #2118, #327, #2190 ) ;
#569 = CYLINDRICAL_SURFACE ( 'NONE', #2598, 2.000000000153084212 ) ;
#570 = LINE ( 'NONE', #585, #1815 ) ;
#571 = EDGE_CURVE ( 'NONE', #345, #1301, #2247, .T. ) ;
#572 = ORIENTED_EDGE ( 'NONE', *, *, #1458, .F. ) ;
#573 = EDGE_LOOP ( 'NONE', ( #1292, #1032, #2075, #1094 ) ) ;
#574 = CARTESIAN_POINT ( 'NONE',  ( 0.000000000000000000, 0.000000000000000000, 0.000000000000000000 ) ) ;
#575 = EDGE_CURVE ( 'NONE', #485, #2225, #2120, .T. ) ;
#576 = CARTESIAN_POINT ( 'NONE',  ( -3.239622250643128698, -0.5000000000000002220, 0.08851680689650058553 ) ) ;
#577 = DIRECTION ( 'NONE',  ( -0.8289807702741615048, 0.000000000000000000, -0.5592771070906245034 ) ) ;
#578 = VERTEX_POINT ( 'NONE', #755 ) ;
#579 =( NAMED_UNIT ( * ) PLANE_ANGLE_UNIT ( ) SI_UNIT ( $, .RADIAN. ) );
#580 = AXIS2_PLACEMENT_3D ( 'NONE', #1851, #1889, #451 ) ;
#581 = CARTESIAN_POINT ( 'NONE',  ( -3.654112635780209839, 1.399999999999999245, -0.1911217466488111805 ) ) ;
#582 = EDGE_LOOP ( 'NONE', ( #1177, #944, #974, #1463 ) ) ;
#583 = CONICAL_SURFACE ( 'NONE', #1964, 1.950000000075169382, 0.7853981633974547183 ) ;
#584 = FACE_OUTER_BOUND ( 'NONE', #1406, .T. ) ;
#585 = CARTESIAN_POINT ( 'NONE',  ( -17.31400611267287815, -1.000000000000000000, 12.97295545295834529 ) ) ;
#586 = EDGE_CURVE ( 'NONE', #520, #1560, #1050, .T. ) ;
#587 = LINE ( 'NONE', #1388, #683 ) ;
#588 = DIRECTION ( 'NONE',  ( 0.8486101593525687825, 0.000000000000000000, 0.5290187118085786233 ) ) ;
#589 = EDGE_CURVE ( 'NONE', #2293, #1576, #2233, .T. ) ;
#590 = ORIENTED_EDGE ( 'NONE', *, *, #1652, .F. ) ;
#591 = VERTEX_POINT ( 'NONE', #664 ) ;
#592 = VECTOR ( 'NONE', #1666, 1000.000000000000000 ) ;
#593 = CARTESIAN_POINT ( 'NONE',  ( 5.762036646588697408, -1.550000000000001821, 12.64322065837679965 ) ) ;
#594 = DIRECTION ( 'NONE',  ( -0.000000000000000000, 1.000000000000000000, -0.000000000000000000 ) ) ;
#595 = ADVANCED_FACE ( 'NONE', ( #1431 ), #1212, .T. ) ;
#596 = DIRECTION ( 'NONE',  ( 0.000000000000000000, -1.000000000000000000, 0.000000000000000000 ) ) ;
#597 = DIRECTION ( 'NONE',  ( 0.000000000000000000, 1.000000000000000000, 0.000000000000000000 ) ) ;
#598 = CIRCLE ( 'NONE', #392, 1.950000000153086166 ) ;
#599 = CARTESIAN_POINT ( 'NONE',  ( -16.19939280283944072, -2.100000000000000089, 0.3126570634691683281 ) ) ;
#600 = ORIENTED_EDGE ( 'NONE', *, *, #1188, .F. ) ;
#601 = AXIS2_PLACEMENT_3D ( 'NONE', #1762, #1541, #1172 ) ;
#602 = LINE ( 'NONE', #1217, #641 ) ;
#603 = CIRCLE ( 'NONE', #936, 22.50000000000000000 ) ;
#604 = ORIENTED_EDGE ( 'NONE', *, *, #694, .F. ) ;
#605 = CARTESIAN_POINT ( 'NONE',  ( 3.488073462821092985, 1.400000000000001910, 0.05233324110607098095 ) ) ;
#606 = VECTOR ( 'NONE', #731, 1000.000000000000114 ) ;
#607 = CARTESIAN_POINT ( 'NONE',  ( -5.762032100735225981, -1.000000000000000000, -17.14321755289658711 ) ) ;
#608 = CARTESIAN_POINT ( 'NONE',  ( 5.762036646588697408, -1.550000000000009148, 15.14322065821449570 ) ) ;
#609 = CARTESIAN_POINT ( 'NONE',  ( 5.762036646588697408, -2.100000000000000089, 17.09322065805221058 ) ) ;
#610 = DIRECTION ( 'NONE',  ( 0.000000000000000000, 0.000000000000000000, 1.000000000000000000 ) ) ;
#611 = EDGE_LOOP ( 'NONE', ( #2499, #898 ) ) ;
#612 = LINE ( 'NONE', #1006, #2201 ) ;
#613 = EDGE_CURVE ( 'NONE', #1173, #2093, #1826, .T. ) ;
#614 = EDGE_CURVE ( 'NONE', #378, #1370, #2053, .T. ) ;
#615 = VECTOR ( 'NONE', #1421, 999.9999999999998863 ) ;
#616 = VERTEX_POINT ( 'NONE', #2431 ) ;
#617 = CARTESIAN_POINT ( 'NONE',  ( -16.19939280283944072, -1.550000000000001821, 2.812657063410135105 ) ) ;
#618 = EDGE_CURVE ( 'NONE', #2392, #1546, #1629, .T. ) ;
#619 = LINE ( 'NONE', #448, #2585 ) ;
#620 = FACE_OUTER_BOUND ( 'NONE', #254, .T. ) ;
#621 = DIRECTION ( 'NONE',  ( 0.000000000000000000, -1.000000000000000000, 0.000000000000000000 ) ) ;
#622 = EDGE_LOOP ( 'NONE', ( #167, #2572, #1507, #38 ) ) ;
#623 = EDGE_CURVE ( 'NONE', #616, #2244, #2008, .T. ) ;
#624 = CARTESIAN_POINT ( 'NONE',  ( -1.947465355991465197, 1.899999999999999911, -3.614787318347791434 ) ) ;
#625 = EDGE_LOOP ( 'NONE', ( #1922, #372, #1649, #1497 ) ) ;
#626 = ADVANCED_FACE ( 'NONE', ( #2441 ), #627, .T. ) ;
#627 = PLANE ( 'NONE',  #929 ) ;
#628 = ORIENTED_EDGE ( 'NONE', *, *, #657, .F. ) ;
#629 = AXIS2_PLACEMENT_3D ( 'NONE', #229, #2446, #862 ) ;
#630 = VECTOR ( 'NONE', #507, 1000.000000000000000 ) ;
#631 = CARTESIAN_POINT ( 'NONE',  ( -0.5664799175790491415, -1.100000000000000089, -11.11726238465795724 ) ) ;
#632 = CYLINDRICAL_SURFACE ( 'NONE', #114, 1.250000000153083546 ) ;
#633 = ORIENTED_EDGE ( 'NONE', *, *, #1742, .F. ) ;
#634 = CARTESIAN_POINT ( 'NONE',  ( 0.6481032833316738850, -1.000000000000000000, 3.336011375636794174 ) ) ;
#635 = AXIS2_PLACEMENT_3D ( 'NONE', #2123, #330, #1308 ) ;
#636 = EDGE_CURVE ( 'NONE', #538, #33, #598, .T. ) ;
#637 = ORIENTED_EDGE ( 'NONE', *, *, #877, .T. ) ;
#638 = AXIS2_PLACEMENT_3D ( 'NONE', #459, #1847, #665 ) ;
#639 = VECTOR ( 'NONE', #2506, 1000.000000000000000 ) ;
#640 = CARTESIAN_POINT ( 'NONE',  ( 1.646574351440581507, 1.400000000000001910, 2.781869874122660846 ) ) ;
#641 = VECTOR ( 'NONE', #2207, 1000.000000000000114 ) ;
#642 = DIRECTION ( 'NONE',  ( -0.000000000000000000, 1.000000000000000000, -0.000000000000000000 ) ) ;
#643 = EDGE_CURVE ( 'NONE', #2293, #2028, #1858, .T. ) ;
#644 = LINE ( 'NONE', #1861, #592 ) ;
#645 = CIRCLE ( 'NONE', #1059, 19.29999999999999716 ) ;
#646 = LINE ( 'NONE', #1450, #861 ) ;
#647 = EDGE_CURVE ( 'NONE', #2428, #1420, #1071, .T. ) ;
#648 = EDGE_LOOP ( 'NONE', ( #2472, #2229, #386, #686 ) ) ;
#649 = VERTEX_POINT ( 'NONE', #238 ) ;
#650 = AXIS2_PLACEMENT_3D ( 'NONE', #1998, #1174, #1778 ) ;
#651 = ORIENTED_EDGE ( 'NONE', *, *, #999, .T. ) ;
#652 = CARTESIAN_POINT ( 'NONE',  ( 3.353221631229322597, 1.899999999999999911, -0.6417956975763213778 ) ) ;
#653 = DIRECTION ( 'NONE',  ( 0.000000000000000000, 0.000000000000000000, 1.000000000000000000 ) ) ;
#654 = CIRCLE ( 'NONE', #902, 3.050000000075180129 ) ;
#655 = LINE ( 'NONE', #1060, #506 ) ;
#656 = DIRECTION ( 'NONE',  ( 0.8015110592011766011, -0.5773502691896272854, -0.1557134825404433431 ) ) ;
#657 = EDGE_CURVE ( 'NONE', #556, #2297, #280, .T. ) ;
#658 = ORIENTED_EDGE ( 'NONE', *, *, #647, .T. ) ;
#659 = CIRCLE ( 'NONE', #4, 1.999999999999999556 ) ;
#660 = PLANE ( 'NONE',  #2387 ) ;
#661 = CARTESIAN_POINT ( 'NONE',  ( 7.689045387864246628, -1.000000000000000000, -12.33416112930546582 ) ) ;
#662 = VERTEX_POINT ( 'NONE', #2256 ) ;
#663 = ORIENTED_EDGE ( 'NONE', *, *, #643, .T. ) ;
#664 = CARTESIAN_POINT ( 'NONE',  ( 16.19939555383420782, -0.1000000000000000472, 0.9373467250125963046 ) ) ;
#665 = DIRECTION ( 'NONE',  ( 0.000000000000000000, 0.000000000000000000, 1.000000000000000000 ) ) ;
#666 = DIRECTION ( 'NONE',  ( -0.000000000000000000, 1.000000000000000000, -0.000000000000000000 ) ) ;
#667 = EDGE_CURVE ( 'NONE', #2392, #338, #1020, .T. ) ;
#668 = DIRECTION ( 'NONE',  ( 0.5844795974331760124, 0.8114084052956024307, 0.000000000000000000 ) ) ;
#669 = EDGE_LOOP ( 'NONE', ( #431, #1896, #749, #2165 ) ) ;
#670 = AXIS2_PLACEMENT_3D ( 'NONE', #1545, #2330, #708 ) ;
#671 = ORIENTED_EDGE ( 'NONE', *, *, #1115, .F. ) ;
#672 = CARTESIAN_POINT ( 'NONE',  ( 16.19939555383420782, -2.100000000000000089, -0.3126532750625798940 ) ) ;
#673 = ORIENTED_EDGE ( 'NONE', *, *, #551, .T. ) ;
#674 = LINE ( 'NONE', #1482, #2103 ) ;
#675 = ORIENTED_EDGE ( 'NONE', *, *, #1353, .F. ) ;
#676 = ORIENTED_EDGE ( 'NONE', *, *, #2019, .T. ) ;
#677 = VECTOR ( 'NONE', #2365, 1000.000000000000000 ) ;
#678 = FACE_BOUND ( 'NONE', #777, .T. ) ;
#679 = EDGE_CURVE ( 'NONE', #529, #220, #1033, .T. ) ;
#680 = CIRCLE ( 'NONE', #2158, 1.249999999940967665 ) ;
#681 = VECTOR ( 'NONE', #1320, 999.9999999999998863 ) ;
#682 = DIRECTION ( 'NONE',  ( 0.000000000000000000, -0.000000000000000000, -1.000000000000000000 ) ) ;
#683 = VECTOR ( 'NONE', #2189, 1000.000000000000000 ) ;
#684 = FACE_OUTER_BOUND ( 'NONE', #375, .T. ) ;
#685 = LINE ( 'NONE', #1491, #489 ) ;
#686 = ORIENTED_EDGE ( 'NONE', *, *, #1873, .T. ) ;
#687 = CIRCLE ( 'NONE', #2163, 1.250000000075175199 ) ;
#688 = CARTESIAN_POINT ( 'NONE',  ( 4.303325632289351610, -1.000000000000000000, -6.903056109449023481 ) ) ;
#689 = VERTEX_POINT ( 'NONE', #1009 ) ;
#690 = DIRECTION ( 'NONE',  ( 0.000000000000000000, -1.000000000000000000, 0.000000000000000000 ) ) ;
#691 = VERTEX_POINT ( 'NONE', #835 ) ;
#692 = ORIENTED_EDGE ( 'NONE', *, *, #2515, .F. ) ;
#693 = LINE ( 'NONE', #472, #753 ) ;
#694 = EDGE_CURVE ( 'NONE', #338, #926, #63, .T. ) ;
#695 = VECTOR ( 'NONE', #764, 1000.000000000000114 ) ;
#696 = CARTESIAN_POINT ( 'NONE',  ( 5.762036646588697408, -1.000000000000000000, 15.14322065821449570 ) ) ;
#697 = EDGE_CURVE ( 'NONE', #484, #1420, #858, .T. ) ;
#698 = AXIS2_PLACEMENT_3D ( 'NONE', #1533, #1504, #1315 ) ;
#699 = FACE_OUTER_BOUND ( 'NONE', #2156, .T. ) ;
#700 = CARTESIAN_POINT ( 'NONE',  ( -0.5664799175790491415, 0.000000000000000000, -11.11726238465795724 ) ) ;
#701 = ORIENTED_EDGE ( 'NONE', *, *, #1079, .T. ) ;
#702 = LINE ( 'NONE', #1509, #2393 ) ;
#703 = EDGE_LOOP ( 'NONE', ( #1260, #1657, #991, #534 ) ) ;
#704 = CARTESIAN_POINT ( 'NONE',  ( 0.9524454127581892804, 1.399999999999999245, 2.916721705714426793 ) ) ;
#705 = EDGE_LOOP ( 'NONE', ( #1310, #965, #2440, #905 ) ) ;
#706 = EDGE_CURVE ( 'NONE', #1995, #1890, #414, .T. ) ;
#707 = DIRECTION ( 'NONE',  ( 0.000000000000000000, 1.000000000000000000, 0.000000000000000000 ) ) ;
#708 = DIRECTION ( 'NONE',  ( 0.000000000000000000, 0.000000000000000000, 1.000000000000000000 ) ) ;
#709 = CARTESIAN_POINT ( 'NONE',  ( 12.05359839965949931, 1.899999999999999911, -5.842452125817800379 ) ) ;
#710 = EDGE_LOOP ( 'NONE', ( #942, #1595, #324, #85, #1451 ) ) ;
#711 = FACE_BOUND ( 'NONE', #422, .T. ) ;
#712 = CARTESIAN_POINT ( 'NONE',  ( 5.762036646588697408, -1.000000000000000000, 13.14322065837680142 ) ) ;
#713 = VECTOR ( 'NONE', #1103, 1000.000000000000000 ) ;
#714 = DIRECTION ( 'NONE',  ( -0.000000000000000000, 1.000000000000000000, -0.000000000000000000 ) ) ;
#715 = EDGE_LOOP ( 'NONE', ( #2568, #1066, #1244, #497 ) ) ;
#716 = FACE_OUTER_BOUND ( 'NONE', #834, .T. ) ;
#717 = EDGE_LOOP ( 'NONE', ( #1662, #117 ) ) ;
#718 = FACE_OUTER_BOUND ( 'NONE', #1265, .T. ) ;
#719 = ORIENTED_EDGE ( 'NONE', *, *, #2012, .F. ) ;
#720 = EDGE_CURVE ( 'NONE', #524, #2316, #2076, .T. ) ;
#721 = VECTOR ( 'NONE', #1220, 1000.000000000000000 ) ;
#722 = LINE ( 'NONE', #739, #745 ) ;
#723 = AXIS2_PLACEMENT_3D ( 'NONE', #467, #77, #2107 ) ;
#724 = CARTESIAN_POINT ( 'NONE',  ( 0.000000000000000000, 1.899999999999999911, 20.99999999999999645 ) ) ;
#725 = AXIS2_PLACEMENT_3D ( 'NONE', #419, #2595, #403 ) ;
#726 = PLANE ( 'NONE',  #531 ) ;
#727 = AXIS2_PLACEMENT_3D ( 'NONE', #2333, #2565, #128 ) ;
#728 = ORIENTED_EDGE ( 'NONE', *, *, #1201, .F. ) ;
#729 = EDGE_CURVE ( 'NONE', #1418, #1603, #1664, .T. ) ;
#730 = VECTOR ( 'NONE', #2030, 999.9999999999998863 ) ;
#731 = DIRECTION ( 'NONE',  ( 0.000000000000000000, 0.7071067811865474617, 0.7071067811865474617 ) ) ;
#732 = ADVANCED_FACE ( 'NONE', ( #2270 ), #1886, .F. ) ;
#733 = CARTESIAN_POINT ( 'NONE',  ( 5.762036646588697408, -2.100000000000000089, 15.14322065821449570 ) ) ;
#734 = ORIENTED_EDGE ( 'NONE', *, *, #260, .T. ) ;
#735 = APPLICATION_PROTOCOL_DEFINITION ( 'draft international standard', 'automotive_design', 1998, #2408 ) ;
#736 = LINE ( 'NONE', #536, #1145 ) ;
#737 = EDGE_LOOP ( 'NONE', ( #1946, #2080 ) ) ;
#738 = EDGE_LOOP ( 'NONE', ( #1799, #1672, #1240, #1919 ) ) ;
#739 = CARTESIAN_POINT ( 'NONE',  ( 1.366935797895270976, -0.5000000000000017764, 3.196360259259739767 ) ) ;
#740 = CARTESIAN_POINT ( 'NONE',  ( -1.738658434820352650, -1.000000000000000000, 19.22152613211027727 ) ) ;
#741 = ORIENTED_EDGE ( 'NONE', *, *, #2573, .F. ) ;
#742 = EDGE_LOOP ( 'NONE', ( #857, #2061 ) ) ;
#743 = VECTOR ( 'NONE', #1254, 1000.000000000000114 ) ;
#744 = FACE_OUTER_BOUND ( 'NONE', #1871, .T. ) ;
#745 = VECTOR ( 'NONE', #1313, 1000.000000000000114 ) ;
#746 = PLANE ( 'NONE',  #363 ) ;
#747 = ADVANCED_FACE ( 'NONE', ( #1471 ), #1070, .F. ) ;
#748 = DIRECTION ( 'NONE',  ( 0.000000000000000000, 0.000000000000000000, 1.000000000000000000 ) ) ;
#749 = ORIENTED_EDGE ( 'NONE', *, *, #1927, .T. ) ;
#750 = CARTESIAN_POINT ( 'NONE',  ( 12.05359839965949931, 0.000000000000000000, -5.842452125817800379 ) ) ;
#751 = CARTESIAN_POINT ( 'NONE',  ( -5.762032100735243745, 1.899999999999999911, -17.14321757889886655 ) ) ;
#752 = ORIENTED_EDGE ( 'NONE', *, *, #1493, .F. ) ;
#753 = VECTOR ( 'NONE', #1284, 999.9999999999998863 ) ;
#754 = ORIENTED_EDGE ( 'NONE', *, *, #1973, .F. ) ;
#755 = CARTESIAN_POINT ( 'NONE',  ( -17.31400611267287815, -0.000000000000000000, 12.97295545295834529 ) ) ;
#756 = CARTESIAN_POINT ( 'NONE',  ( 16.19939555383420782, -0.1000000000000000472, -0.3126532750625798940 ) ) ;
#757 = ORIENTED_EDGE ( 'NONE', *, *, #667, .T. ) ;
#758 = ORIENTED_EDGE ( 'NONE', *, *, #108, .F. ) ;
#759 = EDGE_CURVE ( 'NONE', #16, #127, #302, .T. ) ;
#760 = DIRECTION ( 'NONE',  ( 0.000000000000000000, 1.000000000000000000, 0.000000000000000000 ) ) ;
#761 = DIRECTION ( 'NONE',  ( 0.8289807702741615048, 0.000000000000000000, 0.5592771070906245034 ) ) ;
#762 = LINE ( 'NONE', #1968, #2159 ) ;
#763 = EDGE_LOOP ( 'NONE', ( #1956, #1015, #1518, #1295 ) ) ;
#764 = DIRECTION ( 'NONE',  ( 0.5861779241341057434, -0.7071067811865491270, 0.3954686349861744055 ) ) ;
#765 = CARTESIAN_POINT ( 'NONE',  ( -3.788964467371979339, -1.000000000000000000, -0.8852506853312035462 ) ) ;
#766 = ORIENTED_EDGE ( 'NONE', *, *, #822, .T. ) ;
#767 = DIRECTION ( 'NONE',  ( 8.659560562354872461E-17, 0.7071067811865525687, -0.7071067811865425767 ) ) ;
#768 = ADVANCED_FACE ( 'NONE', ( #1872 ), #1487, .T. ) ;
#769 = CARTESIAN_POINT ( 'NONE',  ( -5.762032100735225981, -2.100000000000000089, -15.14321755274350423 ) ) ;
#770 = ORIENTED_EDGE ( 'NONE', *, *, #2074, .F. ) ;
#771 = AXIS2_PLACEMENT_3D ( 'NONE', #1467, #1293, #118 ) ;
#772 = EDGE_LOOP ( 'NONE', ( #1911, #2265, #1727, #2108, #1863 ) ) ;
#773 = DIRECTION ( 'NONE',  ( 0.9816465591202824248, 0.000000000000000000, -0.1907092891479331975 ) ) ;
#774 = VECTOR ( 'NONE', #2371, 1000.000000000000000 ) ;
#775 = DIRECTION ( 'NONE',  ( 0.000000000000000000, -1.000000000000000000, 0.000000000000000000 ) ) ;
#776 = CARTESIAN_POINT ( 'NONE',  ( -1.253336417309074413, -1.000000000000000000, -3.749639149939559601 ) ) ;
#777 = EDGE_LOOP ( 'NONE', ( #1749, #464 ) ) ;
#778 = CARTESIAN_POINT ( 'NONE',  ( 5.762036646588697408, -1.000000000000000000, 15.14322065821449570 ) ) ;
#779 = ORIENTED_EDGE ( 'NONE', *, *, #66, .T. ) ;
#780 = CIRCLE ( 'NONE', #2451, 2.200000000000000622 ) ;
#781 = PLANE ( 'NONE',  #1401 ) ;
#782 = CARTESIAN_POINT ( 'NONE',  ( -3.772911963370061184, -1.000000000000000000, 19.72680671789085594 ) ) ;
#783 = EDGE_CURVE ( 'NONE', #662, #201, #693, .T. ) ;
#784 = AXIS2_PLACEMENT_3D ( 'NONE', #750, #343, #925 ) ;
#785 = FACE_OUTER_BOUND ( 'NONE', #2504, .T. ) ;
#786 = CARTESIAN_POINT ( 'NONE',  ( -1.095498629387628320, -1.000000000000000000, -10.26865222530538801 ) ) ;
#787 = DIRECTION ( 'NONE',  ( 0.000000000000000000, 0.000000000000000000, -1.000000000000000000 ) ) ;
#788 = ORIENTED_EDGE ( 'NONE', *, *, #504, .F. ) ;
#789 = SHAPE_DEFINITION_REPRESENTATION ( #889, #2527 ) ;
#790 = EDGE_CURVE ( 'NONE', #1084, #1884, #2218, .T. ) ;
#791 = ORIENTED_EDGE ( 'NONE', *, *, #1792, .F. ) ;
#792 = DIRECTION ( 'NONE',  ( 0.000000000000000000, 0.000000000000000000, -1.000000000000000000 ) ) ;
#793 = CARTESIAN_POINT ( 'NONE',  ( -1.118484585717304913, -0.4999999999999996669, -3.055510211257168152 ) ) ;
#794 = VECTOR ( 'NONE', #15, 1000.000000000000000 ) ;
#795 = FACE_OUTER_BOUND ( 'NONE', #2060, .T. ) ;
#796 = DIRECTION ( 'NONE',  ( 0.000000000000000000, -1.000000000000000000, 0.000000000000000000 ) ) ;
#797 = FACE_OUTER_BOUND ( 'NONE', #625, .T. ) ;
#798 = VERTEX_POINT ( 'NONE', #1676 ) ;
#799 = CARTESIAN_POINT ( 'NONE',  ( -5.762032100735225981, -1.550000000000000266, -15.14321755274350423 ) ) ;
#800 = VERTEX_POINT ( 'NONE', #1085 ) ;
#801 = AXIS2_PLACEMENT_3D ( 'NONE', #1425, #2435, #2227 ) ;
#802 = CYLINDRICAL_SURFACE ( 'NONE', #322, 19.29999999999999716 ) ;
#803 = VECTOR ( 'NONE', #61, 1000.000000000000000 ) ;
#804 = FACE_OUTER_BOUND ( 'NONE', #582, .T. ) ;
#805 = CARTESIAN_POINT ( 'NONE',  ( 3.622925294412863817, -1.000000000000000000, 0.7464621797884622989 ) ) ;
#806 = FACE_OUTER_BOUND ( 'NONE', #2353, .T. ) ;
#807 = ADVANCED_FACE ( 'NONE', ( #678, #2082, #288, #498, #1296, #2329, #1916 ), #901, .T. ) ;
#808 = ADVANCED_FACE ( 'NONE', ( #2501 ), #1340, .F. ) ;
#809 = PLANE ( 'NONE',  #725 ) ;
#810 = ORIENTED_EDGE ( 'NONE', *, *, #1682, .F. ) ;
#811 = VECTOR ( 'NONE', #1357, 1000.000000000000114 ) ;
#812 = EDGE_CURVE ( 'NONE', #2263, #1900, #1351, .T. ) ;
#813 = DIRECTION ( 'NONE',  ( 0.000000000000000000, 0.000000000000000000, 1.000000000000000000 ) ) ;
#814 = AXIS2_PLACEMENT_3D ( 'NONE', #198, #2388, #2177 ) ;
#815 = EDGE_LOOP ( 'NONE', ( #1534, #1140 ) ) ;
#816 = DIRECTION ( 'NONE',  ( -0.5592771070906242814, 0.000000000000000000, 0.8289807702741615048 ) ) ;
#817 = CIRCLE ( 'NONE', #1365, 3.199999999999997957 ) ;
#818 = CARTESIAN_POINT ( 'NONE',  ( 12.05359839965949931, -1.100000000000000089, -5.842452125817800379 ) ) ;
#819 = CARTESIAN_POINT ( 'NONE',  ( -1.812613524399697695, -0.4999999999999995559, -2.920658379665400872 ) ) ;
#820 = CARTESIAN_POINT ( 'NONE',  ( 3.353221631229322153, -1.000000000000000000, -0.6417956975763207117 ) ) ;
#821 = EDGE_LOOP ( 'NONE', ( #1557, #1719, #2133, #2418 ) ) ;
#822 = EDGE_CURVE ( 'NONE', #1939, #2196, #525, .T. ) ;
#823 = ORIENTED_EDGE ( 'NONE', *, *, #174, .T. ) ;
#824 = AXIS2_PLACEMENT_3D ( 'NONE', #852, #656, #668 ) ;
#825 = ORIENTED_EDGE ( 'NONE', *, *, #697, .T. ) ;
#826 = DIRECTION ( 'NONE',  ( 0.5592771070906241704, 0.000000000000000000, -0.8289807702741617268 ) ) ;
#827 = ORIENTED_EDGE ( 'NONE', *, *, #679, .T. ) ;
#828 = CARTESIAN_POINT ( 'NONE',  ( -16.19939280283944072, -2.100000000000000089, 0.3126570634691683281 ) ) ;
#829 = CIRCLE ( 'NONE', #2300, 2.499999999837696496 ) ;
#830 = CYLINDRICAL_SURFACE ( 'NONE', #838, 3.199999999999997957 ) ;
#831 = LINE ( 'NONE', #863, #992 ) ;
#832 = ORIENTED_EDGE ( 'NONE', *, *, #759, .T. ) ;
#833 = CARTESIAN_POINT ( 'NONE',  ( -16.19939280283944072, -2.100000000000000089, 0.3126570634691683281 ) ) ;
#834 = EDGE_LOOP ( 'NONE', ( #766, #88, #1803, #142 ) ) ;
#835 = CARTESIAN_POINT ( 'NONE',  ( -16.19939280283944072, -2.100000000000000089, 2.262657063410139280 ) ) ;
#836 = ADVANCED_FACE ( 'NONE', ( #2144 ), #2083, .T. ) ;
#837 = CARTESIAN_POINT ( 'NONE',  ( 0.000000000000000000, 0.3999999999999999667, 0.000000000000000000 ) ) ;
#838 = AXIS2_PLACEMENT_3D ( 'NONE', #2044, #666, #1474 ) ;
#839 = EDGE_CURVE ( 'NONE', #1556, #937, #557, .T. ) ;
#840 = DIRECTION ( 'NONE',  ( -0.000000000000000000, 1.000000000000000000, -0.000000000000000000 ) ) ;
#841 = CARTESIAN_POINT ( 'NONE',  ( -16.19939280283944072, -0.1000000000000000472, 0.3126570634691683281 ) ) ;
#842 = ORIENTED_EDGE ( 'NONE', *, *, #73, .F. ) ;
#843 = DIRECTION ( 'NONE',  ( 0.000000000000000000, 0.000000000000000000, -1.000000000000000000 ) ) ;
#844 = AXIS2_PLACEMENT_3D ( 'NONE', #22, #44, #2423 ) ;
#845 = ORIENTED_EDGE ( 'NONE', *, *, #385, .T. ) ;
#846 = AXIS2_PLACEMENT_3D ( 'NONE', #1978, #185, #279 ) ;
#847 = DIRECTION ( 'NONE',  ( -0.9816465591202832019, -0.000000000000000000, 0.1907092891479283681 ) ) ;
#848 = CLOSED_SHELL ( 'NONE', ( #2511, #1710, #2010, #11, #2604, #1819, #1587, #124, #2482, #896, #978, #2286, #468, #537, #1028, #2, #2530, #1823, #289, #567, #747, #2089, #807, #527, #1470, #2444, #1636, #1436, #105, #1176, #2142, #1165, #1371, #456, #1483, #1272, #1779, #242, #947, #539, #808, #1894, #732, #2475, #768, #2209, #2040, #993, #934, #2212, #1218, #312, #2187, #65, #2251, #971, #1091, #1949, #1285, #1553, #1087, #1501, #1031, #1464, #918, #2373, #1802, #2317, #1248, #2125, #480, #159, #2289, #626, #2038, #1584, #595, #535, #407, #397, #998, #1144, #2419, #347, #1933, #2346, #836, #1617, #1520, #1569 ) ) ;
#849 = DIRECTION ( 'NONE',  ( -0.000000000000000000, 1.000000000000000000, -0.000000000000000000 ) ) ;
#850 = EDGE_CURVE ( 'NONE', #1370, #314, #2097, .T. ) ;
#851 = DIRECTION ( 'NONE',  ( 0.8380338134254371463, 0.000000000000000000, -0.5456182984061472840 ) ) ;
#852 = CARTESIAN_POINT ( 'NONE',  ( -3.374474082234898198, -0.5000000000000015543, -0.6056121317858911279 ) ) ;
#853 = EDGE_LOOP ( 'NONE', ( #493, #2551, #2409, #1267 ) ) ;
#854 = CARTESIAN_POINT ( 'NONE',  ( -1.532974970854386054, 1.399999999999999245, -3.335148764802480681 ) ) ;
#855 = DIRECTION ( 'NONE',  ( 0.000000000000000000, -0.000000000000000000, 1.000000000000000000 ) ) ;
#856 = ORIENTED_EDGE ( 'NONE', *, *, #613, .T. ) ;
#857 = ORIENTED_EDGE ( 'NONE', *, *, #1302, .T. ) ;
#858 = LINE ( 'NONE', #2467, #2560 ) ;
#859 = EDGE_CURVE ( 'NONE', #1184, #2244, #303, .T. ) ;
#860 = CARTESIAN_POINT ( 'NONE',  ( -16.19939280283944072, -2.100000000000000089, 1.562657063410135994 ) ) ;
#861 = VECTOR ( 'NONE', #2036, 1000.000000000000000 ) ;
#862 = DIRECTION ( 'NONE',  ( 0.000000000000000000, 0.000000000000000000, 1.000000000000000000 ) ) ;
#863 = CARTESIAN_POINT ( 'NONE',  ( -3.485432705228429295, 1.899999999999999911, 0.6771320975064147873 ) ) ;
#864 = ORIENTED_EDGE ( 'NONE', *, *, #2302, .T. ) ;
#865 = ORIENTED_EDGE ( 'NONE', *, *, #1848, .T. ) ;
#866 = CARTESIAN_POINT ( 'NONE',  ( -3.374474082234898198, -1.000000000000000000, -0.6056121317858911279 ) ) ;
#867 = VERTEX_POINT ( 'NONE', #1132 ) ;
#868 = FACE_OUTER_BOUND ( 'NONE', #2450, .T. ) ;
#869 = VERTEX_POINT ( 'NONE', #1876 ) ;
#870 = VERTEX_POINT ( 'NONE', #1887 ) ;
#871 = CARTESIAN_POINT ( 'NONE',  ( -16.19939280283944072, -0.1000000000000000472, 0.3126570634691683281 ) ) ;
#872 = DIRECTION ( 'NONE',  ( 0.5861779241341086299, 0.7071067811865457964, 0.3954686349861764594 ) ) ;
#873 = CARTESIAN_POINT ( 'NONE',  ( 16.19939555383420782, -2.100000000000000089, -0.3126532750625798940 ) ) ;
#874 = DIRECTION ( 'NONE',  ( 0.5592771070906241704, 0.000000000000000000, -0.8289807702741617268 ) ) ;
#875 = FACE_OUTER_BOUND ( 'NONE', #1280, .T. ) ;
#876 = ORIENTED_EDGE ( 'NONE', *, *, #839, .T. ) ;
#877 = EDGE_CURVE ( 'NONE', #1884, #1084, #222, .T. ) ;
#878 = DIRECTION ( 'NONE',  ( 0.000000000000000000, 0.000000000000000000, 1.000000000000000000 ) ) ;
#879 = VERTEX_POINT ( 'NONE', #109 ) ;
#880 = DIRECTION ( 'NONE',  ( 0.000000000000000000, -1.000000000000000000, 0.000000000000000000 ) ) ;
#881 = ORIENTED_EDGE ( 'NONE', *, *, #790, .T. ) ;
#882 = EDGE_LOOP ( 'NONE', ( #194, #555, #469, #1334 ) ) ;
#883 = EDGE_CURVE ( 'NONE', #1339, #203, #2130, .T. ) ;
#884 = ORIENTED_EDGE ( 'NONE', *, *, #261, .T. ) ;
#885 = AXIS2_PLACEMENT_3D ( 'NONE', #2288, #707, #2303 ) ;
#886 = VECTOR ( 'NONE', #2066, 1000.000000000000000 ) ;
#887 = CARTESIAN_POINT ( 'NONE',  ( -14.10126675725853929, -1.000000000000000000, -2.861146996858344060 ) ) ;
#888 = VECTOR ( 'NONE', #2213, 1000.000000000000000 ) ;
#889 = PRODUCT_DEFINITION_SHAPE ( 'NONE', 'NONE',  #1384 ) ;
#890 = VECTOR ( 'NONE', #2582, 1000.000000000000000 ) ;
#891 = DIRECTION ( 'NONE',  ( 0.000000000000000000, 0.000000000000000000, 1.000000000000000000 ) ) ;
#892 = CARTESIAN_POINT ( 'NONE',  ( 16.19939555383420782, -0.1000000000000000472, 1.687346725012597082 ) ) ;
#893 = CARTESIAN_POINT ( 'NONE',  ( 5.762036646588697408, -2.100000000000000089, 15.14322065821449570 ) ) ;
#894 = ORIENTED_EDGE ( 'NONE', *, *, #2084, .F. ) ;
#895 = CIRCLE ( 'NONE', #2203, 2.000000000323250315 ) ;
#896 = ADVANCED_FACE ( 'NONE', ( #82 ), #2512, .F. ) ;
#897 = DIRECTION ( 'NONE',  ( -0.5290187118085786233, 0.000000000000000000, 0.8486101593525686715 ) ) ;
#898 = ORIENTED_EDGE ( 'NONE', *, *, #351, .F. ) ;
#899 = DIRECTION ( 'NONE',  ( -0.000000000000000000, 1.000000000000000000, -0.000000000000000000 ) ) ;
#900 = EDGE_LOOP ( 'NONE', ( #211, #176, #462, #2005, #1376, #2172, #257, #910 ) ) ;
#901 = PLANE ( 'NONE',  #2342 ) ;
#902 = AXIS2_PLACEMENT_3D ( 'NONE', #1061, #1862, #68 ) ;
#903 = CARTESIAN_POINT ( 'NONE',  ( -16.19939280283944072, -1.550000000000001821, 0.3126570634691683281 ) ) ;
#904 = CARTESIAN_POINT ( 'NONE',  ( -2.227103909536777060, 1.899999999999999911, -3.200296933210712069 ) ) ;
#905 = ORIENTED_EDGE ( 'NONE', *, *, #170, .F. ) ;
#906 = SURFACE_STYLE_FILL_AREA ( #339 ) ;
#907 = VECTOR ( 'NONE', #1658, 1000.000000000000000 ) ;
#908 = CARTESIAN_POINT ( 'NONE',  ( -3.654112635780209839, -2.100000000000000089, -0.1911217466488111805 ) ) ;
#909 = DIRECTION ( 'NONE',  ( -0.000000000000000000, 1.000000000000000000, -0.000000000000000000 ) ) ;
#910 = ORIENTED_EDGE ( 'NONE', *, *, #2369, .F. ) ;
#911 = PLANE ( 'NONE',  #471 ) ;
#912 = ORIENTED_EDGE ( 'NONE', *, *, #1305, .T. ) ;
#913 = EDGE_CURVE ( 'NONE', #1775, #2310, #722, .T. ) ;
#914 = DIRECTION ( 'NONE',  ( 0.8486101593525686715, 0.000000000000000000, 0.5290187118085785123 ) ) ;
#915 = VECTOR ( 'NONE', #297, 1000.000000000000000 ) ;
#916 = DIRECTION ( 'NONE',  ( -0.000000000000000000, 1.000000000000000000, -0.000000000000000000 ) ) ;
#917 = CARTESIAN_POINT ( 'NONE',  ( -3.239622250643128698, 1.399999999999999245, 0.08851680689650061329 ) ) ;
#918 = ADVANCED_FACE ( 'NONE', ( #2113, #1116 ), #1530, .T. ) ;
#919 = VERTEX_POINT ( 'NONE', #1737 ) ;
#920 =( LENGTH_UNIT ( ) NAMED_UNIT ( * ) SI_UNIT ( .MILLI., .METRE. ) );
#921 = DIRECTION ( 'NONE',  ( 0.8015110592011783774, 0.5773502691896243988, -0.1557134825404447309 ) ) ;
#922 = AXIS2_PLACEMENT_3D ( 'NONE', #1532, #542, #2304 ) ;
#923 = DIRECTION ( 'NONE',  ( 0.000000000000000000, 0.000000000000000000, 1.000000000000000000 ) ) ;
#924 = ORIENTED_EDGE ( 'NONE', *, *, #158, .F. ) ;
#925 = DIRECTION ( 'NONE',  ( 0.000000000000000000, 0.000000000000000000, -1.000000000000000000 ) ) ;
#926 = VERTEX_POINT ( 'NONE', #2548 ) ;
#927 = DIRECTION ( 'NONE',  ( 0.000000000000000000, 1.000000000000000000, 0.000000000000000000 ) ) ;
#928 = ORIENTED_EDGE ( 'NONE', *, *, #1407, .T. ) ;
#929 = AXIS2_PLACEMENT_3D ( 'NONE', #2422, #2042, #826 ) ;
#930 = AXIS2_PLACEMENT_3D ( 'NONE', #581, #872, #523 ) ;
#931 = DIRECTION ( 'NONE',  ( 0.000000000000000000, -0.000000000000000000, 1.000000000000000000 ) ) ;
#932 = VECTOR ( 'NONE', #1774, 1000.000000000000000 ) ;
#933 = DIRECTION ( 'NONE',  ( 0.9816465591202832019, 0.000000000000000000, -0.1907092891479283681 ) ) ;
#934 = ADVANCED_FACE ( 'NONE', ( #2484, #1544 ), #541, .T. ) ;
#935 = EDGE_LOOP ( 'NONE', ( #1228, #60, #2295, #2453 ) ) ;
#936 = AXIS2_PLACEMENT_3D ( 'NONE', #2579, #1, #417 ) ;
#937 = VERTEX_POINT ( 'NONE', #1489 ) ;
#938 = SURFACE_SIDE_STYLE ('',( #906 ) ) ;
#939 = CARTESIAN_POINT ( 'NONE',  ( 2.755455298081543989E-15, 0.3999999999999999667, 22.50000000000000000 ) ) ;
#940 = CONICAL_SURFACE ( 'NONE', #1822, 2.500000000153084656, 0.7853981633974407295 ) ;
#941 = DIRECTION ( 'NONE',  ( -0.000000000000000000, 1.000000000000000000, -0.000000000000000000 ) ) ;
#942 = ORIENTED_EDGE ( 'NONE', *, *, #2019, .F. ) ;
#943 = CARTESIAN_POINT ( 'NONE',  ( 1.646574351440581285, 1.400000000000001910, 2.781869874122660846 ) ) ;
#944 = ORIENTED_EDGE ( 'NONE', *, *, #319, .T. ) ;
#945 = ORIENTED_EDGE ( 'NONE', *, *, #586, .T. ) ;
#947 = ADVANCED_FACE ( 'NONE', ( #2058 ), #243, .F. ) ;
#946 = DIRECTION ( 'NONE',  ( 0.000000000000000000, 1.000000000000000000, 0.000000000000000000 ) ) ;
#948 = CARTESIAN_POINT ( 'NONE',  ( -16.19939280283944072, -2.100000000000000089, 0.3126570634691683281 ) ) ;
#949 = ORIENTED_EDGE ( 'NONE', *, *, #325, .F. ) ;
#950 = ORIENTED_EDGE ( 'NONE', *, *, #504, .T. ) ;
#951 = AXIS2_PLACEMENT_3D ( 'NONE', #225, #2224, #423 ) ;
#952 = SURFACE_STYLE_USAGE ( .BOTH. , #938 ) ;
#953 = DIRECTION ( 'NONE',  ( 0.000000000000000000, 0.000000000000000000, 1.000000000000000000 ) ) ;
#954 = DIRECTION ( 'NONE',  ( -0.000000000000000000, 1.000000000000000000, -0.000000000000000000 ) ) ;
#955 = VERTEX_POINT ( 'NONE', #292 ) ;
#956 = CARTESIAN_POINT ( 'NONE',  ( -5.762032100735225981, -2.100000000000000089, -15.14321755274350423 ) ) ;
#957 = ORIENTED_EDGE ( 'NONE', *, *, #586, .F. ) ;
#958 = EDGE_CURVE ( 'NONE', #649, #226, #831, .T. ) ;
#959 = DIRECTION ( 'NONE',  ( -0.000000000000000000, 1.000000000000000000, -0.000000000000000000 ) ) ;
#960 = DIRECTION ( 'NONE',  ( 0.000000000000000000, 0.000000000000000000, 1.000000000000000000 ) ) ;
#961 = ORIENTED_EDGE ( 'NONE', *, *, #694, .T. ) ;
#962 = DIRECTION ( 'NONE',  ( 0.1907092891479300611, 0.000000000000000000, 0.9816465591202829799 ) ) ;
#963 = DIRECTION ( 'NONE',  ( 0.000000000000000000, 1.000000000000000000, 0.000000000000000000 ) ) ;
#964 = CARTESIAN_POINT ( 'NONE',  ( 1.761202414378695291, 0.000000000000000000, -14.85114708580925402 ) ) ;
#965 = ORIENTED_EDGE ( 'NONE', *, *, #2404, .F. ) ;
#966 = LINE ( 'NONE', #133, #1829 ) ;
#967 = EDGE_CURVE ( 'NONE', #2147, #955, #1327, .T. ) ;
#968 = LINE ( 'NONE', #1925, #932 ) ;
#969 = ORIENTED_EDGE ( 'NONE', *, *, #1776, .T. ) ;
#970 = AXIS2_PLACEMENT_3D ( 'NONE', #1236, #840, #460 ) ;
#971 = ADVANCED_FACE ( 'NONE', ( #2274 ), #1207, .T. ) ;
#972 = DIRECTION ( 'NONE',  ( 0.000000000000000000, 0.000000000000000000, 1.000000000000000000 ) ) ;
#973 = DIRECTION ( 'NONE',  ( 0.000000000000000000, -0.000000000000000000, -1.000000000000000000 ) ) ;
#974 = ORIENTED_EDGE ( 'NONE', *, *, #1505, .T. ) ;
#975 = AXIS2_PLACEMENT_3D ( 'NONE', #837, #2456, #1859 ) ;
#976 = CARTESIAN_POINT ( 'NONE',  ( -5.762032100735225981, -2.100000000000000089, -15.14321755274350423 ) ) ;
#977 = DIRECTION ( 'NONE',  ( 0.000000000000000000, 0.000000000000000000, 1.000000000000000000 ) ) ;
#978 = ADVANCED_FACE ( 'NONE', ( #1249 ), #1047, .F. ) ;
#979 = LINE ( 'NONE', #776, #1230 ) ;
#980 = VECTOR ( 'NONE', #1428, 1000.000000000000000 ) ;
#981 = ORIENTED_EDGE ( 'NONE', *, *, #2549, .F. ) ;
#982 = CARTESIAN_POINT ( 'NONE',  ( 5.762036646588697408, -1.550000000000009148, 12.64322065837679965 ) ) ;
#983 = AXIS2_PLACEMENT_3D ( 'NONE', #231, #406, #977 ) ;
#984 = ORIENTED_EDGE ( 'NONE', *, *, #913, .T. ) ;
#985 = FACE_BOUND ( 'NONE', #2128, .T. ) ;
#986 = FACE_OUTER_BOUND ( 'NONE', #1068, .T. ) ;
#987 = AXIS2_PLACEMENT_3D ( 'NONE', #388, #959, #972 ) ;
#988 = DIRECTION ( 'NONE',  ( 0.000000000000000000, 1.000000000000000000, 0.000000000000000000 ) ) ;
#989 = CARTESIAN_POINT ( 'NONE',  ( 6.439293542825907934E-12, 0.000000000000000000, 1.021405182655144017E-11 ) ) ;
#990 = DIRECTION ( 'NONE',  ( 0.000000000000000000, -1.000000000000000000, 0.000000000000000000 ) ) ;
#991 = ORIENTED_EDGE ( 'NONE', *, *, #720, .T. ) ;
#992 = VECTOR ( 'NONE', #2249, 999.9999999999998863 ) ;
#993 = ADVANCED_FACE ( 'NONE', ( #2045 ), #632, .F. ) ;
#994 = ORIENTED_EDGE ( 'NONE', *, *, #137, .F. ) ;
#995 = VERTEX_POINT ( 'NONE', #477 ) ;
#996 = DIRECTION ( 'NONE',  ( 0.000000000000000000, 0.000000000000000000, 1.000000000000000000 ) ) ;
#997 = LINE ( 'NONE', #10, #356 ) ;
#998 = ADVANCED_FACE ( 'NONE', ( #2436 ), #461, .T. ) ;
#999 = EDGE_CURVE ( 'NONE', #2306, #1645, #1164, .T. ) ;
#1000 = CIRCLE ( 'NONE', #398, 3.049999999940960826 ) ;
#1001 = DIRECTION ( 'NONE',  ( 0.000000000000000000, 0.000000000000000000, 1.000000000000000000 ) ) ;
#1002 = EDGE_CURVE ( 'NONE', #1952, #1523, #2384, .T. ) ;
#1003 = CARTESIAN_POINT ( 'NONE',  ( -5.762030762295200503, 1.899999999999999911, -15.14321757857606343 ) ) ;
#1004 = DIRECTION ( 'NONE',  ( 0.000000000000000000, 0.000000000000000000, -1.000000000000000000 ) ) ;
#1005 = ORIENTED_EDGE ( 'NONE', *, *, #2237, .T. ) ;
#1006 = CARTESIAN_POINT ( 'NONE',  ( 3.488073462821092985, 1.400000000000001910, 0.05233324110607089075 ) ) ;
#1007 = ORIENTED_EDGE ( 'NONE', *, *, #1241, .T. ) ;
#1008 = CONICAL_SURFACE ( 'NONE', #1473, 2.499999999940966777, 0.7853981633974412846 ) ;
#1009 = CARTESIAN_POINT ( 'NONE',  ( 0.6728068592128783054, -1.000000000000000000, 3.331212090851505714 ) ) ;
#1010 = CARTESIAN_POINT ( 'NONE',  ( -5.762032100735225981, -2.100000000000000089, -13.89321755259042135 ) ) ;
#1011 = EDGE_CURVE ( 'NONE', #2310, #2293, #267, .T. ) ;
#1012 = CARTESIAN_POINT ( 'NONE',  ( -1.812613524399697695, -2.100000000000000089, -2.920658379665400872 ) ) ;
#1013 = CARTESIAN_POINT ( 'NONE',  ( 5.762036646588697408, -1.550000000000009148, 17.64322065805218998 ) ) ;
#1014 = AXIS2_PLACEMENT_3D ( 'NONE', #1912, #690, #2281 ) ;
#1015 = ORIENTED_EDGE ( 'NONE', *, *, #278, .T. ) ;
#1016 = AXIS2_PLACEMENT_3D ( 'NONE', #756, #2591, #960 ) ;
#1017 = CIRCLE ( 'NONE', #2026, 1.249999999837695164 ) ;
#1018 = CARTESIAN_POINT ( 'NONE',  ( 6.441657111148262265E-12, 0.000000000000000000, -19.29999999998978311 ) ) ;
#1019 = ORIENTED_EDGE ( 'NONE', *, *, #1227, .F. ) ;
#1020 = LINE ( 'NONE', #2454, #743 ) ;
#1021 = COLOUR_RGB ( '',0.7921568627450980005, 0.8196078431372548767, 0.9333333333333333481 ) ;
#1022 = ORIENTED_EDGE ( 'NONE', *, *, #2302, .F. ) ;
#1023 = PLANE ( 'NONE',  #2275 ) ;
#1024 = EDGE_CURVE ( 'NONE', #1146, #2358, #654, .T. ) ;
#1025 = DIRECTION ( 'NONE',  ( 0.000000000000000000, 1.000000000000000000, 0.000000000000000000 ) ) ;
#1026 = DIRECTION ( 'NONE',  ( 0.000000000000000000, 0.000000000000000000, 1.000000000000000000 ) ) ;
#1027 = ORIENTED_EDGE ( 'NONE', *, *, #264, .F. ) ;
#1028 = ADVANCED_FACE ( 'NONE', ( #1277 ), #2073, .F. ) ;
#1029 = CYLINDRICAL_SURFACE ( 'NONE', #58, 1.999999999837694054 ) ;
#1030 = AXIS2_PLACEMENT_3D ( 'NONE', #1462, #2261, #1437 ) ;
#1031 = ADVANCED_FACE ( 'NONE', ( #875, #1840 ), #1683, .T. ) ;
#1032 = ORIENTED_EDGE ( 'NONE', *, *, #1130, .T. ) ;
#1033 = LINE ( 'NONE', #652, #2214 ) ;
#1034 = FACE_OUTER_BOUND ( 'NONE', #1593, .T. ) ;
#1035 = CARTESIAN_POINT ( 'NONE',  ( 16.19939555383420782, -1.000000000000000000, -0.3126532750625798940 ) ) ;
#1036 = CARTESIAN_POINT ( 'NONE',  ( 16.19939555383420782, -2.100000000000000089, -0.3126532750625798940 ) ) ;
#1037 = ORIENTED_EDGE ( 'NONE', *, *, #1211, .F. ) ;
#1038 = CARTESIAN_POINT ( 'NONE',  ( -1.812613524399697251, -0.5000000000000015543, -2.920658379665400872 ) ) ;
#1039 = AXIS2_PLACEMENT_3D ( 'NONE', #1139, #1955, #1346 ) ;
#1040 = EDGE_CURVE ( 'NONE', #314, #2244, #685, .T. ) ;
#1041 = ORIENTED_EDGE ( 'NONE', *, *, #1275, .F. ) ;
#1042 = DIRECTION ( 'NONE',  ( -0.5592771070906242814, 0.000000000000000000, 0.8289807702741615048 ) ) ;
#1043 = EDGE_CURVE ( 'NONE', #1900, #867, #1644, .T. ) ;
#1044 = CARTESIAN_POINT ( 'NONE',  ( -5.762032100735225981, -2.100000000000000089, -15.14321755274350423 ) ) ;
#1045 = AXIS2_PLACEMENT_3D ( 'NONE', #1076, #1025, #2273 ) ;
#1046 = DIRECTION ( 'NONE',  ( 0.000000000000000000, 1.000000000000000000, 0.000000000000000000 ) ) ;
#1047 = CYLINDRICAL_SURFACE ( 'NONE', #2215, 1.250000000075175199 ) ;
#1048 = ORIENTED_EDGE ( 'NONE', *, *, #2401, .T. ) ;
#1049 = EDGE_LOOP ( 'NONE', ( #90, #1958, #1492, #179 ) ) ;
#1050 = CIRCLE ( 'NONE', #1398, 2.000000000000001776 ) ;
#1051 = EDGE_CURVE ( 'NONE', #1523, #524, #646, .T. ) ;
#1052 = FACE_OUTER_BOUND ( 'NONE', #452, .T. ) ;
#1053 = CIRCLE ( 'NONE', #1734, 2.500000000075176310 ) ;
#1054 = AXIS2_PLACEMENT_3D ( 'NONE', #1572, #2411, #792 ) ;
#1055 = ORIENTED_EDGE ( 'NONE', *, *, #205, .F. ) ;
#1056 = AXIS2_PLACEMENT_3D ( 'NONE', #1092, #1891, #309 ) ;
#1057 = DIRECTION ( 'NONE',  ( 0.3954686349861743500, 0.7071067811865490160, -0.5861779241341061875 ) ) ;
#1058 = CARTESIAN_POINT ( 'NONE',  ( 2.290221126187272027, 0.000000000000000000, -15.69975724516182325 ) ) ;
#1059 = AXIS2_PLACEMENT_3D ( 'NONE', #2416, #796, #1414 ) ;
#1060 = CARTESIAN_POINT ( 'NONE',  ( 7.896821616516575659, 0.000000000000000000, 12.12899851885768321 ) ) ;
#1061 = CARTESIAN_POINT ( 'NONE',  ( 16.19939555383420782, -1.000000000000000000, -0.3126532750625798940 ) ) ;
#1062 = ORIENTED_EDGE ( 'NONE', *, *, #1932, .F. ) ;
#1063 = VERTEX_POINT ( 'NONE', #305 ) ;
#1064 = ORIENTED_EDGE ( 'NONE', *, *, #850, .F. ) ;
#1065 = CARTESIAN_POINT ( 'NONE',  ( -5.575167705385225325, -1.000000000000000000, 20.90020055415103428 ) ) ;
#1066 = ORIENTED_EDGE ( 'NONE', *, *, #2208, .T. ) ;
#1067 = FACE_OUTER_BOUND ( 'NONE', #2094, .T. ) ;
#1068 = EDGE_LOOP ( 'NONE', ( #337, #1055, #1064, #1963 ) ) ;
#1069 = EDGE_LOOP ( 'NONE', ( #143, #543, #359, #981 ) ) ;
#1070 = CYLINDRICAL_SURFACE ( 'NONE', #416, 2.200000000000000622 ) ;
#1071 = CIRCLE ( 'NONE', #2424, 3.200000000000001510 ) ;
#1072 = DIRECTION ( 'NONE',  ( 0.000000000000000000, 0.000000000000000000, 1.000000000000000000 ) ) ;
#1073 = CARTESIAN_POINT ( 'NONE',  ( -3.788964467371979339, -1.000000000000000000, -0.8852506853312035462 ) ) ;
#1074 = EDGE_CURVE ( 'NONE', #1844, #1694, #1915, .T. ) ;
#1075 = EDGE_CURVE ( 'NONE', #378, #689, #2331, .T. ) ;
#1076 = CARTESIAN_POINT ( 'NONE',  ( 5.762036646393076111, 1.899999999999999911, 15.14322065829920660 ) ) ;
#1077 = DIRECTION ( 'NONE',  ( -0.000000000000000000, 1.000000000000000000, -0.000000000000000000 ) ) ;
#1078 = ORIENTED_EDGE ( 'NONE', *, *, #454, .F. ) ;
#1079 = EDGE_CURVE ( 'NONE', #919, #867, #1454, .T. ) ;
#1080 = LINE ( 'NONE', #1453, #427 ) ;
#1081 = ORIENTED_EDGE ( 'NONE', *, *, #1721, .T. ) ;
#1082 = DIRECTION ( 'NONE',  ( 1.224646799147351975E-16, 0.000000000000000000, -1.000000000000000000 ) ) ;
#1083 = EDGE_LOOP ( 'NONE', ( #2241, #2587 ) ) ;
#1084 = VERTEX_POINT ( 'NONE', #126 ) ;
#1085 = CARTESIAN_POINT ( 'NONE',  ( 5.762036646588697408, -2.100000000000000089, 13.89322065837679965 ) ) ;
#1087 = ADVANCED_FACE ( 'NONE', ( #1104 ), #2250, .T. ) ;
#1086 = DIRECTION ( 'NONE',  ( 0.000000000000000000, 0.000000000000000000, 1.000000000000000000 ) ) ;
#1088 = CYLINDRICAL_SURFACE ( 'NONE', #670, 2.000000000075176754 ) ;
#1089 = DIRECTION ( 'NONE',  ( 0.000000000000000000, 0.000000000000000000, 1.000000000000000000 ) ) ;
#1090 = ORIENTED_EDGE ( 'NONE', *, *, #958, .F. ) ;
#1091 = ADVANCED_FACE ( 'NONE', ( #2305 ), #1117, .T. ) ;
#1092 = CARTESIAN_POINT ( 'NONE',  ( -1.812613524399697473, 1.399999999999999245, -2.920658379665400872 ) ) ;
#1093 = LINE ( 'NONE', #1910, #249 ) ;
#1094 = ORIENTED_EDGE ( 'NONE', *, *, #30, .T. ) ;
#1095 = CARTESIAN_POINT ( 'NONE',  ( 5.762036646588697408, -2.100000000000000089, 15.14322065821449570 ) ) ;
#1096 = VERTEX_POINT ( 'NONE', #700 ) ;
#1097 = ORIENTED_EDGE ( 'NONE', *, *, #2253, .T. ) ;
#1098 = CIRCLE ( 'NONE', #1893, 1.500000000000001332 ) ;
#1099 = DIRECTION ( 'NONE',  ( -0.000000000000000000, 1.000000000000000000, -0.000000000000000000 ) ) ;
#1100 = AXIS2_PLACEMENT_3D ( 'NONE', #404, #1186, #207 ) ;
#1101 = VECTOR ( 'NONE', #1413, 1000.000000000000114 ) ;
#1102 = DIRECTION ( 'NONE',  ( -0.5861779241341082969, -0.7071067811865462405, -0.3954686349861761818 ) ) ;
#1103 = DIRECTION ( 'NONE',  ( -0.000000000000000000, 1.000000000000000000, -0.000000000000000000 ) ) ;
#1104 = FACE_OUTER_BOUND ( 'NONE', #2350, .T. ) ;
#1105 = ORIENTED_EDGE ( 'NONE', *, *, #2581, .F. ) ;
#1106 = VECTOR ( 'NONE', #1364, 1000.000000000000114 ) ;
#1107 = CARTESIAN_POINT ( 'NONE',  ( 16.19939555383420782, -0.1000000000000000472, -2.312653275137756648 ) ) ;
#1108 = CARTESIAN_POINT ( 'NONE',  ( -16.19939280283944072, -2.100000000000000089, 2.262657063410139280 ) ) ;
#1109 = CARTESIAN_POINT ( 'NONE',  ( 1.087297244349959557, -1.000000000000000000, 3.610850644396818243 ) ) ;
#1110 = ORIENTED_EDGE ( 'NONE', *, *, #1741, .F. ) ;
#1111 = DIRECTION ( 'NONE',  ( -0.8486101593525690046, 0.000000000000000000, -0.5290187118085780682 ) ) ;
#1112 = VERTEX_POINT ( 'NONE', #2100 ) ;
#1113 = EDGE_CURVE ( 'NONE', #345, #2577, #502, .T. ) ;
#1114 = ORIENTED_EDGE ( 'NONE', *, *, #589, .T. ) ;
#1115 = EDGE_CURVE ( 'NONE', #2225, #485, #240, .T. ) ;
#1116 = FACE_BOUND ( 'NONE', #1905, .T. ) ;
#1117 = CONICAL_SURFACE ( 'NONE', #1375, 1.949999999837713549, 0.7853981633974403964 ) ;
#1118 = DIRECTION ( 'NONE',  ( 0.000000000000000000, 0.7071067811865431318, 0.7071067811865520136 ) ) ;
#1119 = FACE_OUTER_BOUND ( 'NONE', #1481, .T. ) ;
#1120 = EDGE_LOOP ( 'NONE', ( #1380, #2561, #945, #402 ) ) ;
#1121 = FACE_OUTER_BOUND ( 'NONE', #1468, .T. ) ;
#1122 = CARTESIAN_POINT ( 'NONE',  ( 0.5973612483998226308, -1.000000000000000000, -12.98420473523360918 ) ) ;
#1123 = CARTESIAN_POINT ( 'NONE',  ( -3.519260804188439895, -1.000000000000000000, 0.5030071920335800195 ) ) ;
#1124 = EDGE_LOOP ( 'NONE', ( #1309, #71, #1575, #2222 ) ) ;
#1125 = CARTESIAN_POINT ( 'NONE',  ( -16.19939280283944072, -1.000000000000000000, -1.687342936471797783 ) ) ;
#1126 = ORIENTED_EDGE ( 'NONE', *, *, #759, .F. ) ;
#1127 = FACE_OUTER_BOUND ( 'NONE', #669, .T. ) ;
#1128 = AXIS2_PLACEMENT_3D ( 'NONE', #2004, #1417, #393 ) ;
#1129 = VERTEX_POINT ( 'NONE', #904 ) ;
#1130 = EDGE_CURVE ( 'NONE', #1827, #2014, #2115, .T. ) ;
#1131 = ORIENTED_EDGE ( 'NONE', *, *, #575, .F. ) ;
#1132 = CARTESIAN_POINT ( 'NONE',  ( 12.05359839965949931, 1.899999999999999911, -3.642452125817799757 ) ) ;
#1133 = LINE ( 'NONE', #1738, #1767 ) ;
#1134 = ORIENTED_EDGE ( 'NONE', *, *, #2223, .F. ) ;
#1135 = ORIENTED_EDGE ( 'NONE', *, *, #2127, .F. ) ;
#1136 = DIRECTION ( 'NONE',  ( 0.000000000000000000, 1.000000000000000000, 0.000000000000000000 ) ) ;
#1137 = FACE_BOUND ( 'NONE', #611, .T. ) ;
#1138 = AXIS2_PLACEMENT_3D ( 'NONE', #903, #2114, #2529 ) ;
#1139 = CARTESIAN_POINT ( 'NONE',  ( 16.19939555383420782, -2.100000000000000089, -0.3126532750625798940 ) ) ;
#1140 = ORIENTED_EDGE ( 'NONE', *, *, #2335, .T. ) ;
#1141 =( NAMED_UNIT ( * ) SI_UNIT ( $, .STERADIAN. ) SOLID_ANGLE_UNIT ( ) );
#1142 = DIRECTION ( 'NONE',  ( 0.8289807702741616158, 0.000000000000000000, 0.5592771070906242814 ) ) ;
#1143 = ORIENTED_EDGE ( 'NONE', *, *, #2287, .T. ) ;
#1144 = ADVANCED_FACE ( 'NONE', ( #1119 ), #726, .T. ) ;
#1145 = VECTOR ( 'NONE', #1732, 1000.000000000000000 ) ;
#1146 = VERTEX_POINT ( 'NONE', #505 ) ;
#1147 = DIRECTION ( 'NONE',  ( 0.000000000000000000, 0.000000000000000000, 1.000000000000000000 ) ) ;
#1148 = AXIS2_PLACEMENT_3D ( 'NONE', #769, #415, #973 ) ;
#1149 = CARTESIAN_POINT ( 'NONE',  ( -17.17919479255682091, -1.000000000000000000, 8.795752740916888968 ) ) ;
#1150 = AXIS2_PLACEMENT_3D ( 'NONE', #405, #1991, #1203 ) ;
#1151 = EDGE_LOOP ( 'NONE', ( #2430, #1374, #1864, #825 ) ) ;
#1152 = LINE ( 'NONE', #1953, #1736 ) ;
#1153 = EDGE_CURVE ( 'NONE', #1430, #529, #2136, .T. ) ;
#1154 = CARTESIAN_POINT ( 'NONE',  ( 7.160026676055672112, -1.100000000000000089, -11.48555096995289304 ) ) ;
#1155 = AXIS2_PLACEMENT_3D ( 'NONE', #418, #1402, #1601 ) ;
#1156 = DIRECTION ( 'NONE',  ( 0.5844795974331761235, -0.8114084052956022086, 0.000000000000000000 ) ) ;
#1157 = ORIENTED_EDGE ( 'NONE', *, *, #1848, .F. ) ;
#1158 = DIRECTION ( 'NONE',  ( 0.000000000000000000, 0.000000000000000000, 1.000000000000000000 ) ) ;
#1159 = CARTESIAN_POINT ( 'NONE',  ( 6.441657111148262265E-12, -1.000000000000000000, -19.29999999998978311 ) ) ;
#1160 = EDGE_LOOP ( 'NONE', ( #2087, #317, #912, #1476 ) ) ;
#1161 = FACE_BOUND ( 'NONE', #710, .T. ) ;
#1162 = CARTESIAN_POINT ( 'NONE',  ( 16.19939555383420782, -2.100000000000000089, 1.637346725012589488 ) ) ;
#1163 = ORIENTED_EDGE ( 'NONE', *, *, #1113, .T. ) ;
#1164 = CIRCLE ( 'NONE', #1030, 2.500000000075176310 ) ;
#1165 = ADVANCED_FACE ( 'NONE', ( #161 ), #1744, .F. ) ;
#1166 = DIRECTION ( 'NONE',  ( 0.000000000000000000, 1.000000000000000000, 0.000000000000000000 ) ) ;
#1167 = DIRECTION ( 'NONE',  ( 0.000000000000000000, 0.000000000000000000, -1.000000000000000000 ) ) ;
#1168 = LINE ( 'NONE', #2567, #1692 ) ;
#1169 = EDGE_CURVE ( 'NONE', #16, #1733, #2498, .T. ) ;
#1170 = ORIENTED_EDGE ( 'NONE', *, *, #636, .T. ) ;
#1171 = APPLICATION_PROTOCOL_DEFINITION ( 'draft international standard', 'automotive_design', 1998, #1643 ) ;
#1172 = DIRECTION ( 'NONE',  ( 0.000000000000000000, 0.000000000000000000, 1.000000000000000000 ) ) ;
#1173 = VERTEX_POINT ( 'NONE', #939 ) ;
#1174 = DIRECTION ( 'NONE',  ( 0.000000000000000000, -1.000000000000000000, 0.000000000000000000 ) ) ;
#1175 = DIRECTION ( 'NONE',  ( 0.000000000000000000, 0.000000000000000000, 1.000000000000000000 ) ) ;
#1176 = ADVANCED_FACE ( 'NONE', ( #1549 ), #1304, .F. ) ;
#1177 = ORIENTED_EDGE ( 'NONE', *, *, #2129, .F. ) ;
#1178 = DIRECTION ( 'NONE',  ( 0.000000000000000000, 0.000000000000000000, 1.000000000000000000 ) ) ;
#1179 = CARTESIAN_POINT ( 'NONE',  ( -5.762032100735225981, -1.550000000000000266, -15.14321755274350423 ) ) ;
#1180 = CARTESIAN_POINT ( 'NONE',  ( 0.9524454127581892804, -0.5000000000000002220, 2.916721705714426793 ) ) ;
#1181 = ORIENTED_EDGE ( 'NONE', *, *, #264, .T. ) ;
#1182 = DIRECTION ( 'NONE',  ( 0.5861779241341057434, -0.7071067811865491270, 0.3954686349861744055 ) ) ;
#1183 = CARTESIAN_POINT ( 'NONE',  ( 3.488073462821092985, -0.4999999999999996669, 0.05233324110607096014 ) ) ;
#1184 = VERTEX_POINT ( 'NONE', #2150 ) ;
#1185 = DIRECTION ( 'NONE',  ( -0.5861779241341088520, 0.7071067811865454633, -0.3954686349861766259 ) ) ;
#1186 = DIRECTION ( 'NONE',  ( -0.000000000000000000, -1.000000000000000000, -0.000000000000000000 ) ) ;
#1187 = TOROIDAL_SURFACE ( 'NONE', #975, 20.99999999999999645, 1.500000000000000000 ) ;
#1188 = EDGE_CURVE ( 'NONE', #1396, #78, #2537, .T. ) ;
#1189 = PLANE ( 'NONE',  #1150 ) ;
#1190 = VECTOR ( 'NONE', #1185, 1000.000000000000000 ) ;
#1191 = DIRECTION ( 'NONE',  ( 0.000000000000000000, 0.7071067811865525687, 0.7071067811865425767 ) ) ;
#1192 = CIRCLE ( 'NONE', #307, 3.200000000000001510 ) ;
#1193 = DIRECTION ( 'NONE',  ( 0.000000000000000000, 0.000000000000000000, 1.000000000000000000 ) ) ;
#1194 = ORIENTED_EDGE ( 'NONE', *, *, #1531, .F. ) ;
#1195 = CARTESIAN_POINT ( 'NONE',  ( 5.762036646588697408, -1.550000000000001821, 15.14322065821449570 ) ) ;
#1196 = DIRECTION ( 'NONE',  ( 0.000000000000000000, 0.000000000000000000, 1.000000000000000000 ) ) ;
#1197 = EDGE_CURVE ( 'NONE', #1546, #220, #129, .T. ) ;
#1198 = EDGE_CURVE ( 'NONE', #691, #1995, #2104, .T. ) ;
#1199 = ORIENTED_EDGE ( 'NONE', *, *, #381, .F. ) ;
#1200 = DIRECTION ( 'NONE',  ( -0.5861779241341056323, 0.7071067811865494601, -0.3954686349861741834 ) ) ;
#1201 = EDGE_CURVE ( 'NONE', #1360, #220, #1318, .T. ) ;
#1202 = LINE ( 'NONE', #1794, #811 ) ;
#1203 = DIRECTION ( 'NONE',  ( 0.000000000000000000, -0.8114084052956046511, -0.5844795974331729038 ) ) ;
#1204 = DIRECTION ( 'NONE',  ( 0.000000000000000000, 1.000000000000000000, 0.000000000000000000 ) ) ;
#1205 = LINE ( 'NONE', #1602, #794 ) ;
#1206 = EDGE_LOOP ( 'NONE', ( #2600, #1870, #1439, #1914 ) ) ;
#1207 = CONICAL_SURFACE ( 'NONE', #1959, 2.500000000075176310, 0.7853981633974412846 ) ;
#1208 = CARTESIAN_POINT ( 'NONE',  ( 5.762036646588697408, -1.000000000000000000, 15.14322065821449570 ) ) ;
#1209 = VECTOR ( 'NONE', #276, 1000.000000000000114 ) ;
#1210 = ORIENTED_EDGE ( 'NONE', *, *, #2321, .T. ) ;
#1211 = EDGE_CURVE ( 'NONE', #1173, #2477, #1234, .T. ) ;
#1212 = PLANE ( 'NONE',  #2055 ) ;
#1213 = CARTESIAN_POINT ( 'NONE',  ( 0.000000000000000000, 1.899999999999999911, 0.000000000000000000 ) ) ;
#1214 = FACE_OUTER_BOUND ( 'NONE', #573, .T. ) ;
#1215 = LINE ( 'NONE', #1378, #1274 ) ;
#1216 = EDGE_LOOP ( 'NONE', ( #1114, #770, #741, #342 ) ) ;
#1217 = CARTESIAN_POINT ( 'NONE',  ( 7.896821616516575659, -1.000000000000000000, 12.12899851885768321 ) ) ;
#1218 = ADVANCED_FACE ( 'NONE', ( #2334, #1137 ), #746, .T. ) ;
#1219 = VERTEX_POINT ( 'NONE', #2554 ) ;
#1220 = DIRECTION ( 'NONE',  ( 0.3954686349861744610, 0.7071067811865492381, -0.5861779241341058544 ) ) ;
#1221 = ORIENTED_EDGE ( 'NONE', *, *, #790, .F. ) ;
#1222 = FACE_BOUND ( 'NONE', #2391, .T. ) ;
#1223 = FACE_OUTER_BOUND ( 'NONE', #1935, .T. ) ;
#1224 = CARTESIAN_POINT ( 'NONE',  ( -16.19939280283944072, -1.000000000000000000, 2.312657063410134217 ) ) ;
#1225 = VECTOR ( 'NONE', #2528, 1000.000000000000114 ) ;
#1226 = AXIS2_PLACEMENT_3D ( 'NONE', #1095, #880, #1923 ) ;
#1227 = EDGE_CURVE ( 'NONE', #41, #2028, #2348, .T. ) ;
#1228 = ORIENTED_EDGE ( 'NONE', *, *, #1846, .F. ) ;
#1229 = CIRCLE ( 'NONE', #2588, 3.200000000000001510 ) ;
#1230 = VECTOR ( 'NONE', #577, 1000.000000000000114 ) ;
#1231 = LINE ( 'NONE', #2039, #730 ) ;
#1232 = EDGE_LOOP ( 'NONE', ( #675, #284, #1836, #1841 ) ) ;
#1233 = CARTESIAN_POINT ( 'NONE',  ( -5.762032100735225981, -2.100000000000000089, -15.14321755274350423 ) ) ;
#1234 = CIRCLE ( 'NONE', #1739, 22.50000000000000000 ) ;
#1235 = CARTESIAN_POINT ( 'NONE',  ( -3.772911963370061184, 0.000000000000000000, 19.72680671789085594 ) ) ;
#1236 = CARTESIAN_POINT ( 'NONE',  ( -5.762032100735225981, -1.000000000000000000, -15.14321755274350423 ) ) ;
#1237 = DIRECTION ( 'NONE',  ( 0.000000000000000000, 1.000000000000000000, 0.000000000000000000 ) ) ;
#1238 = EDGE_CURVE ( 'NONE', #1339, #2196, #817, .T. ) ;
#1239 = AXIS2_PLACEMENT_3D ( 'NONE', #1195, #165, #2363 ) ;
#1240 = ORIENTED_EDGE ( 'NONE', *, *, #1746, .T. ) ;
#1241 = EDGE_CURVE ( 'NONE', #1498, #338, #1966, .T. ) ;
#1242 = FACE_OUTER_BOUND ( 'NONE', #103, .T. ) ;
#1243 = AXIS2_PLACEMENT_3D ( 'NONE', #442, #251, #1655 ) ;
#1244 = ORIENTED_EDGE ( 'NONE', *, *, #1967, .F. ) ;
#1245 = DIRECTION ( 'NONE',  ( -0.8289807702741616158, 0.000000000000000000, -0.5592771070906242814 ) ) ;
#1246 = DIRECTION ( 'NONE',  ( -0.000000000000000000, 1.000000000000000000, -0.000000000000000000 ) ) ;
#1247 = DIRECTION ( 'NONE',  ( 0.5592771070906242814, 0.000000000000000000, -0.8289807702741615048 ) ) ;
#1248 = ADVANCED_FACE ( 'NONE', ( #1770 ), #115, .F. ) ;
#1249 = FACE_OUTER_BOUND ( 'NONE', #738, .T. ) ;
#1250 = ORIENTED_EDGE ( 'NONE', *, *, #1465, .T. ) ;
#1251 = CARTESIAN_POINT ( 'NONE',  ( -16.19939280283944072, -2.100000000000000089, -0.9373429364717992263 ) ) ;
#1252 = VECTOR ( 'NONE', #1881, 1000.000000000000114 ) ;
#1253 = ORIENTED_EDGE ( 'NONE', *, *, #1424, .F. ) ;
#1254 = DIRECTION ( 'NONE',  ( -0.9816465591202829799, 0.000000000000000000, 0.1907092891479300611 ) ) ;
#1255 = CARTESIAN_POINT ( 'NONE',  ( 3.073583077684011400, 1.399999999999999245, -0.2273053124392421520 ) ) ;
#1256 = AXIS2_PLACEMENT_3D ( 'NONE', #1460, #440, #2072 ) ;
#1257 = CARTESIAN_POINT ( 'NONE',  ( -0.5664799175790491415, 1.899999999999999911, -11.11726238465795724 ) ) ;
#1258 = DIRECTION ( 'NONE',  ( 0.000000000000000000, 1.000000000000000000, 0.000000000000000000 ) ) ;
#1259 = ORIENTED_EDGE ( 'NONE', *, *, #1653, .T. ) ;
#1260 = ORIENTED_EDGE ( 'NONE', *, *, #1656, .F. ) ;
#1261 = ORIENTED_EDGE ( 'NONE', *, *, #2129, .T. ) ;
#1262 = VECTOR ( 'NONE', #2478, 1000.000000000000000 ) ;
#1263 = LINE ( 'NONE', #1109, #2015 ) ;
#1264 = VECTOR ( 'NONE', #1472, 1000.000000000000114 ) ;
#1265 = EDGE_LOOP ( 'NONE', ( #2232, #1338 ) ) ;
#1266 = DIRECTION ( 'NONE',  ( 0.8289807702741615048, 0.000000000000000000, 0.5592771070906243924 ) ) ;
#1267 = ORIENTED_EDGE ( 'NONE', *, *, #1984, .T. ) ;
#1268 = ORIENTED_EDGE ( 'NONE', *, *, #1115, .T. ) ;
#1269 = AXIS2_PLACEMENT_3D ( 'NONE', #1012, #962, #596 ) ;
#1270 = DIRECTION ( 'NONE',  ( 0.000000000000000000, 0.000000000000000000, 1.000000000000000000 ) ) ;
#1271 = EDGE_CURVE ( 'NONE', #1747, #520, #2518, .T. ) ;
#1272 = ADVANCED_FACE ( 'NONE', ( #2320 ), #518, .T. ) ;
#1273 = DIRECTION ( 'NONE',  ( 0.000000000000000000, 0.000000000000000000, -1.000000000000000000 ) ) ;
#1274 = VECTOR ( 'NONE', #1191, 1000.000000000000000 ) ;
#1275 = EDGE_CURVE ( 'NONE', #2428, #8, #2372, .T. ) ;
#1276 = CARTESIAN_POINT ( 'NONE',  ( 3.488073462821092985, -2.100000000000000089, 0.05233324110607098095 ) ) ;
#1277 = FACE_OUTER_BOUND ( 'NONE', #703, .T. ) ;
#1278 = ORIENTED_EDGE ( 'NONE', *, *, #2180, .T. ) ;
#1279 = DIRECTION ( 'NONE',  ( 0.000000000000000000, 0.000000000000000000, -1.000000000000000000 ) ) ;
#1280 = EDGE_LOOP ( 'NONE', ( #1668, #424 ) ) ;
#1281 = LINE ( 'NONE', #1125, #886 ) ;
#1282 = ORIENTED_EDGE ( 'NONE', *, *, #1390, .T. ) ;
#1283 = EDGE_LOOP ( 'NONE', ( #237, #1005, #1097, #2124 ) ) ;
#1284 = DIRECTION ( 'NONE',  ( 0.8287331204389951633, 0.000000000000000000, 0.5596440074613914240 ) ) ;
#1285 = ADVANCED_FACE ( 'NONE', ( #209 ), #940, .T. ) ;
#1286 = DIRECTION ( 'NONE',  ( 0.000000000000000000, 1.000000000000000000, 0.000000000000000000 ) ) ;
#1287 = CARTESIAN_POINT ( 'NONE',  ( -16.19939280283944072, -1.000000000000000000, 3.362657063410129155 ) ) ;
#1288 = DIRECTION ( 'NONE',  ( -0.000000000000000000, 1.000000000000000000, -0.000000000000000000 ) ) ;
#1289 = EDGE_LOOP ( 'NONE', ( #1170, #1261 ) ) ;
#1290 = FACE_OUTER_BOUND ( 'NONE', #1717, .T. ) ;
#1291 = LINE ( 'NONE', #866, #1677 ) ;
#1292 = ORIENTED_EDGE ( 'NONE', *, *, #2098, .T. ) ;
#1293 = DIRECTION ( 'NONE',  ( -0.000000000000000000, 1.000000000000000000, -0.000000000000000000 ) ) ;
#1294 = VERTEX_POINT ( 'NONE', #820 ) ;
#1295 = ORIENTED_EDGE ( 'NONE', *, *, #2012, .T. ) ;
#1296 = FACE_BOUND ( 'NONE', #2017, .T. ) ;
#1297 = CARTESIAN_POINT ( 'NONE',  ( 7.689045387864246628, -0.000000000000000000, -12.33416112930546582 ) ) ;
#1298 = CARTESIAN_POINT ( 'NONE',  ( 1.646574351440581507, -0.5000000000000002220, 2.781869874122660846 ) ) ;
#1299 = CONICAL_SURFACE ( 'NONE', #180, 2.499999999837694720, 0.7853981633974408405 ) ;
#1300 = CARTESIAN_POINT ( 'NONE',  ( 5.762036646588697408, -2.100000000000000089, 13.19322065837678259 ) ) ;
#1301 = VERTEX_POINT ( 'NONE', #609 ) ;
#1302 = EDGE_CURVE ( 'NONE', #1890, #995, #1786, .T. ) ;
#1303 = DIRECTION ( 'NONE',  ( 0.000000000000000000, -0.000000000000000000, 1.000000000000000000 ) ) ;
#1304 = PLANE ( 'NONE',  #230 ) ;
#1305 = EDGE_CURVE ( 'NONE', #8, #1605, #645, .T. ) ;
#1306 = LINE ( 'NONE', #1895, #1381 ) ;
#1307 = ORIENTED_EDGE ( 'NONE', *, *, #1776, .F. ) ;
#1308 = DIRECTION ( 'NONE',  ( 0.000000000000000000, 0.000000000000000000, 1.000000000000000000 ) ) ;
#1309 = ORIENTED_EDGE ( 'NONE', *, *, #213, .T. ) ;
#1310 = ORIENTED_EDGE ( 'NONE', *, *, #1113, .F. ) ;
#1311 = AXIS2_PLACEMENT_3D ( 'NONE', #509, #1982, #2569 ) ;
#1312 = VECTOR ( 'NONE', #1400, 1000.000000000000114 ) ;
#1313 = DIRECTION ( 'NONE',  ( -0.5592771070906241704, 0.000000000000000000, 0.8289807702741617268 ) ) ;
#1314 = DIRECTION ( 'NONE',  ( 0.5861779241341060764, -0.7071067811865489050, 0.3954686349861746830 ) ) ;
#1315 = DIRECTION ( 'NONE',  ( 0.000000000000000000, 0.000000000000000000, 1.000000000000000000 ) ) ;
#1316 = ORIENTED_EDGE ( 'NONE', *, *, #551, .F. ) ;
#1317 = CIRCLE ( 'NONE', #269, 1.250000000153083546 ) ;
#1318 = LINE ( 'NONE', #1563, #1446 ) ;
#1319 = EDGE_CURVE ( 'NONE', #2297, #556, #895, .T. ) ;
#1320 = DIRECTION ( 'NONE',  ( 0.8486101593525687825, -0.000000000000000000, 0.5290187118085786233 ) ) ;
#1321 = ORIENTED_EDGE ( 'NONE', *, *, #1011, .T. ) ;
#1322 = LINE ( 'NONE', #104, #54 ) ;
#1323 = ORIENTED_EDGE ( 'NONE', *, *, #2570, .F. ) ;
#1324 = DIRECTION ( 'NONE',  ( 0.1907092891479349461, 0.000000000000000000, 0.9816465591202820917 ) ) ;
#1325 = ORIENTED_EDGE ( 'NONE', *, *, #122, .F. ) ;
#1326 = DIRECTION ( 'NONE',  ( -0.3954686349861763484, 0.7071067811865459074, 0.5861779241341085189 ) ) ;
#1327 = CIRCLE ( 'NONE', #580, 1.249999999940966777 ) ;
#1328 = CARTESIAN_POINT ( 'NONE',  ( 12.05359839965949931, -1.000000000000000000, -2.642452125817799313 ) ) ;
#1329 = ORIENTED_EDGE ( 'NONE', *, *, #1211, .T. ) ;
#1330 = EDGE_CURVE ( 'NONE', #31, #1747, #26, .T. ) ;
#1331 = DIRECTION ( 'NONE',  ( -0.000000000000000000, -1.000000000000000000, -0.000000000000000000 ) ) ;
#1332 = DIRECTION ( 'NONE',  ( 0.000000000000000000, -1.000000000000000000, 0.000000000000000000 ) ) ;
#1333 = DIRECTION ( 'NONE',  ( -0.8015110592011763790, -0.5773502691896273964, 0.1557134825404442036 ) ) ;
#1334 = ORIENTED_EDGE ( 'NONE', *, *, #122, .T. ) ;
#1335 = CARTESIAN_POINT ( 'NONE',  ( -1.738658434820352650, -1.000000000000000000, 19.22152613211027727 ) ) ;
#1336 = DIRECTION ( 'NONE',  ( 0.000000000000000000, -1.000000000000000000, 0.000000000000000000 ) ) ;
#1337 = CIRCLE ( 'NONE', #2135, 3.200000000000001510 ) ;
#1338 = ORIENTED_EDGE ( 'NONE', *, *, #2355, .T. ) ;
#1339 = VERTEX_POINT ( 'NONE', #2426 ) ;
#1340 = CYLINDRICAL_SURFACE ( 'NONE', #1570, 1.999999999837694054 ) ;
#1341 = LINE ( 'NONE', #2550, #1638 ) ;
#1342 = ORIENTED_EDGE ( 'NONE', *, *, #438, .F. ) ;
#1343 = ORIENTED_EDGE ( 'NONE', *, *, #1153, .F. ) ;
#1344 = CARTESIAN_POINT ( 'NONE',  ( -5.762032100735225981, -1.550000000000000266, -15.14321755274350423 ) ) ;
#1345 = DIRECTION ( 'NONE',  ( 0.000000000000000000, 0.000000000000000000, -1.000000000000000000 ) ) ;
#1346 = DIRECTION ( 'NONE',  ( 0.000000000000000000, 0.000000000000000000, -1.000000000000000000 ) ) ;
#1347 = ORIENTED_EDGE ( 'NONE', *, *, #706, .T. ) ;
#1348 = CARTESIAN_POINT ( 'NONE',  ( -2.227103909536777060, 1.899999999999999911, -3.200296933210712069 ) ) ;
#1349 = DIRECTION ( 'NONE',  ( -0.1557134825404424272, 0.5773502691896278405, -0.8015110592011763790 ) ) ;
#1350 = EDGE_LOOP ( 'NONE', ( #1259, #1583, #106, #70, #224 ) ) ;
#1351 = CIRCLE ( 'NONE', #885, 2.200000000000000622 ) ;
#1352 = AXIS2_PLACEMENT_3D ( 'NONE', #1496, #521, #285 ) ;
#1353 = EDGE_CURVE ( 'NONE', #1900, #2481, #780, .T. ) ;
#1354 = ORIENTED_EDGE ( 'NONE', *, *, #1928, .T. ) ;
#1355 = FACE_BOUND ( 'NONE', #2578, .T. ) ;
#1356 = VECTOR ( 'NONE', #1989, 1000.000000000000000 ) ;
#1357 = DIRECTION ( 'NONE',  ( -0.3954686349861742389, 0.7071067811865492381, 0.5861779241341057434 ) ) ;
#1358 = AXIS2_PLACEMENT_3D ( 'NONE', #328, #941, #748 ) ;
#1359 = EDGE_CURVE ( 'NONE', #2020, #1857, #1579, .T. ) ;
#1360 = VERTEX_POINT ( 'NONE', #2002 ) ;
#1361 = AXIS2_PLACEMENT_3D ( 'NONE', #608, #1166, #1600 ) ;
#1362 = ORIENTED_EDGE ( 'NONE', *, *, #883, .T. ) ;
#1363 = DIRECTION ( 'NONE',  ( 0.000000000000000000, 0.000000000000000000, -1.000000000000000000 ) ) ;
#1364 = DIRECTION ( 'NONE',  ( 0.8289807702741616158, 0.000000000000000000, 0.5592771070906242814 ) ) ;
#1365 = AXIS2_PLACEMENT_3D ( 'NONE', #1757, #2360, #1167 ) ;
#1366 = LINE ( 'NONE', #1522, #2490 ) ;
#1367 = EDGE_LOOP ( 'NONE', ( #1022, #1081, #2280, #2192 ) ) ;
#1368 = FACE_OUTER_BOUND ( 'NONE', #2374, .T. ) ;
#1369 = CARTESIAN_POINT ( 'NONE',  ( 1.366935797895270532, -2.100000000000000089, 3.196360259259739323 ) ) ;
#1370 = VERTEX_POINT ( 'NONE', #576 ) ;
#1371 = ADVANCED_FACE ( 'NONE', ( #806 ), #1992, .T. ) ;
#1372 = DIRECTION ( 'NONE',  ( -0.000000000000000000, 1.000000000000000000, -0.000000000000000000 ) ) ;
#1373 = CARTESIAN_POINT ( 'NONE',  ( 1.366935797895270532, -0.4999999999999995559, 3.196360259259739323 ) ) ;
#1374 = ORIENTED_EDGE ( 'NONE', *, *, #1831, .F. ) ;
#1375 = AXIS2_PLACEMENT_3D ( 'NONE', #893, #2514, #2531 ) ;
#1376 = ORIENTED_EDGE ( 'NONE', *, *, #205, .T. ) ;
#1377 = DIRECTION ( 'NONE',  ( 0.000000000000000000, 1.000000000000000000, 0.000000000000000000 ) ) ;
#1378 = CARTESIAN_POINT ( 'NONE',  ( 16.19939555383420782, -1.550000000000011369, 2.187346725012596416 ) ) ;
#1379 = DIRECTION ( 'NONE',  ( -0.8289807702741615048, 0.000000000000000000, -0.5592771070906243924 ) ) ;
#1380 = ORIENTED_EDGE ( 'NONE', *, *, #163, .F. ) ;
#1381 = VECTOR ( 'NONE', #1856, 1000.000000000000000 ) ;
#1382 = PLANE ( 'NONE',  #434 ) ;
#1383 = EDGE_LOOP ( 'NONE', ( #1157, #1934, #1976, #2078 ) ) ;
#1385 = CARTESIAN_POINT ( 'NONE',  ( 3.073583077684011400, 1.399999999999999245, -0.2273053124392417634 ) ) ;
#1384 = PRODUCT_DEFINITION ( 'UNKNOWN', '', #1621, #2134 ) ;
#1386 = FACE_BOUND ( 'NONE', #737, .T. ) ;
#1387 = CIRCLE ( 'NONE', #1722, 1.250000000075175199 ) ;
#1388 = CARTESIAN_POINT ( 'NONE',  ( 5.762036646588697408, -2.100000000000000089, 16.39322065805218998 ) ) ;
#1389 = CARTESIAN_POINT ( 'NONE',  ( 16.19939555383420782, -2.100000000000000089, -0.3126532750625798940 ) ) ;
#1390 = EDGE_CURVE ( 'NONE', #2306, #1146, #1215, .T. ) ;
#1391 = DIRECTION ( 'NONE',  ( 0.000000000000000000, 0.000000000000000000, -1.000000000000000000 ) ) ;
#1392 = ORIENTED_EDGE ( 'NONE', *, *, #492, .T. ) ;
#1393 = CARTESIAN_POINT ( 'NONE',  ( 0.000000000000000000, 0.000000000000000000, 0.000000000000000000 ) ) ;
#1394 = VECTOR ( 'NONE', #933, 1000.000000000000227 ) ;
#1395 = EDGE_CURVE ( 'NONE', #1605, #329, #2242, .T. ) ;
#1396 = VERTEX_POINT ( 'NONE', #1013 ) ;
#1397 = LINE ( 'NONE', #1988, #1735 ) ;
#1398 = AXIS2_PLACEMENT_3D ( 'NONE', #247, #52, #458 ) ;
#1399 = LINE ( 'NONE', #1975, #474 ) ;
#1400 = DIRECTION ( 'NONE',  ( 0.9816465591202829799, 0.000000000000000000, -0.1907092891479300611 ) ) ;
#1401 = AXIS2_PLACEMENT_3D ( 'NONE', #1947, #206, #1793 ) ;
#1402 = DIRECTION ( 'NONE',  ( -0.000000000000000000, 1.000000000000000000, -0.000000000000000000 ) ) ;
#1403 = CIRCLE ( 'NONE', #23, 19.29999999999999716 ) ;
#1404 = DIRECTION ( 'NONE',  ( 0.000000000000000000, -1.000000000000000000, 0.000000000000000000 ) ) ;
#1405 = AXIS2_PLACEMENT_3D ( 'NONE', #799, #2230, #813 ) ;
#1406 = EDGE_LOOP ( 'NONE', ( #637, #881 ) ) ;
#1407 = EDGE_CURVE ( 'NONE', #1063, #1112, #2415, .T. ) ;
#1408 = AXIS2_PLACEMENT_3D ( 'NONE', #2013, #2204, #37 ) ;
#1409 = DIRECTION ( 'NONE',  ( 0.000000000000000000, -1.000000000000000000, 0.000000000000000000 ) ) ;
#1410 = EDGE_LOOP ( 'NONE', ( #1834, #663, #2138, #2110 ) ) ;
#1411 = FACE_BOUND ( 'NONE', #1083, .T. ) ;
#1412 = CYLINDRICAL_SURFACE ( 'NONE', #145, 22.50000000000000000 ) ;
#1413 = DIRECTION ( 'NONE',  ( -0.5861779241341087410, 0.7071067811865459074, -0.3954686349861760153 ) ) ;
#1414 = DIRECTION ( 'NONE',  ( 0.000000000000000000, 0.000000000000000000, -1.000000000000000000 ) ) ;
#1415 = EDGE_CURVE ( 'NONE', #2164, #151, #1317, .T. ) ;
#1416 = VECTOR ( 'NONE', #847, 1000.000000000000227 ) ;
#1417 = DIRECTION ( 'NONE',  ( -0.9816465591202820917, 0.000000000000000000, 0.1907092891479349461 ) ) ;
#1418 = VERTEX_POINT ( 'NONE', #2178 ) ;
#1419 = DIRECTION ( 'NONE',  ( -0.1988481484908787567, 0.000000000000000000, 0.9800303127157594663 ) ) ;
#1420 = VERTEX_POINT ( 'NONE', #430 ) ;
#1421 = DIRECTION ( 'NONE',  ( 0.000000000000000000, 0.7071067811865525687, 0.7071067811865425767 ) ) ;
#1422 = ORIENTED_EDGE ( 'NONE', *, *, #1993, .F. ) ;
#1423 = CARTESIAN_POINT ( 'NONE',  ( 16.19939555383420782, -1.000000000000000000, 1.687346725012597082 ) ) ;
#1424 = EDGE_CURVE ( 'NONE', #1603, #485, #2217, .T. ) ;
#1425 = CARTESIAN_POINT ( 'NONE',  ( 5.762036646588697408, -2.100000000000000089, 15.14322065821449570 ) ) ;
#1426 = DIRECTION ( 'NONE',  ( 0.000000000000000000, -1.000000000000000000, 0.000000000000000000 ) ) ;
#1427 = EDGE_LOOP ( 'NONE', ( #156, #443, #1854, #924 ) ) ;
#1428 = DIRECTION ( 'NONE',  ( 0.000000000000000000, -1.000000000000000000, 0.000000000000000000 ) ) ;
#1429 = AXIS2_PLACEMENT_3D ( 'NONE', #1035, #2035, #1449 ) ;
#1430 = VERTEX_POINT ( 'NONE', #2027 ) ;
#1431 = FACE_OUTER_BOUND ( 'NONE', #2325, .T. ) ;
#1432 = ORIENTED_EDGE ( 'NONE', *, *, #170, .T. ) ;
#1433 = CARTESIAN_POINT ( 'NONE',  ( -0.6801246071656945613, -1.000000000000000000, -3.500836185694967018 ) ) ;
#1434 = EDGE_CURVE ( 'NONE', #16, #1339, #2594, .T. ) ;
#1435 = LINE ( 'NONE', #67, #346 ) ;
#1436 = ADVANCED_FACE ( 'NONE', ( #1578 ), #1979, .F. ) ;
#1437 = DIRECTION ( 'NONE',  ( 0.000000000000000000, 0.000000000000000000, -1.000000000000000000 ) ) ;
#1438 = VECTOR ( 'NONE', #2558, 1000.000000000000000 ) ;
#1439 = ORIENTED_EDGE ( 'NONE', *, *, #783, .T. ) ;
#1440 = CONICAL_SURFACE ( 'NONE', #436, 1.950000000153086166, 0.7853981633974547183 ) ;
#1441 = AXIS2_PLACEMENT_3D ( 'NONE', #574, #1377, #1178 ) ;
#1442 = CIRCLE ( 'NONE', #2111, 19.29999999999999716 ) ;
#1443 = FACE_OUTER_BOUND ( 'NONE', #1124, .T. ) ;
#1444 = ORIENTED_EDGE ( 'NONE', *, *, #261, .F. ) ;
#1445 = DIRECTION ( 'NONE',  ( -0.8289807702741616158, 0.000000000000000000, -0.5592771070906242814 ) ) ;
#1446 = VECTOR ( 'NONE', #1537, 1000.000000000000114 ) ;
#1447 = EDGE_CURVE ( 'NONE', #1219, #2547, #687, .T. ) ;
#1448 = CARTESIAN_POINT ( 'NONE',  ( -16.19939280283944072, -1.550000000000001821, 0.3126570634691683281 ) ) ;
#1449 = DIRECTION ( 'NONE',  ( 0.000000000000000000, 0.000000000000000000, -1.000000000000000000 ) ) ;
#1450 = CARTESIAN_POINT ( 'NONE',  ( 16.19939555383420782, -1.000000000000000000, -2.312653275137756648 ) ) ;
#1451 = ORIENTED_EDGE ( 'NONE', *, *, #1079, .F. ) ;
#1452 = MANIFOLD_SOLID_BREP ( 'Chamfer3', #848 ) ;
#1453 = CARTESIAN_POINT ( 'NONE',  ( -5.762032100735225981, -1.550000000000000266, -12.64321755259041957 ) ) ;
#1454 = CIRCLE ( 'NONE', #1867, 2.200000000000000622 ) ;
#1455 = ORIENTED_EDGE ( 'NONE', *, *, #2253, .F. ) ;
#1456 = DIRECTION ( 'NONE',  ( 0.000000000000000000, 1.000000000000000000, 0.000000000000000000 ) ) ;
#1457 = PLANE ( 'NONE',  #20 ) ;
#1458 = EDGE_CURVE ( 'NONE', #157, #484, #1192, .T. ) ;
#1459 = PRODUCT ( 'Watch Top', 'Watch Top', '', ( #1540 ) ) ;
#1460 = CARTESIAN_POINT ( 'NONE',  ( 16.19939555383420782, -0.1000000000000000472, -0.3126532750625798940 ) ) ;
#1461 = AXIS2_PLACEMENT_3D ( 'NONE', #599, #990, #787 ) ;
#1462 = CARTESIAN_POINT ( 'NONE',  ( 16.19939555383420782, -1.550000000000000266, -0.3126532750625798940 ) ) ;
#1463 = ORIENTED_EDGE ( 'NONE', *, *, #219, .F. ) ;
#1464 = ADVANCED_FACE ( 'NONE', ( #744, #711 ), #2517, .T. ) ;
#1465 = EDGE_CURVE ( 'NONE', #1731, #1857, #1403, .T. ) ;
#1466 = LINE ( 'NONE', #87, #907 ) ;
#1467 = CARTESIAN_POINT ( 'NONE',  ( -16.19939280283944072, -2.100000000000000089, 0.3126570634691683281 ) ) ;
#1468 = EDGE_LOOP ( 'NONE', ( #1110, #1706, #2276, #779 ) ) ;
#1469 = EDGE_LOOP ( 'NONE', ( #348, #604, #1105, #1525 ) ) ;
#1470 = ADVANCED_FACE ( 'NONE', ( #1907, #1936 ), #326, .F. ) ;
#1471 = FACE_OUTER_BOUND ( 'NONE', #1232, .T. ) ;
#1472 = DIRECTION ( 'NONE',  ( 0.1907092891479349461, -0.000000000000000000, 0.9816465591202820917 ) ) ;
#1473 = AXIS2_PLACEMENT_3D ( 'NONE', #45, #1046, #2259 ) ;
#1474 = DIRECTION ( 'NONE',  ( 0.000000000000000000, 0.000000000000000000, 1.000000000000000000 ) ) ;
#1475 = DIRECTION ( 'NONE',  ( -0.000000000000000000, 1.000000000000000000, -0.000000000000000000 ) ) ;
#1476 = ORIENTED_EDGE ( 'NONE', *, *, #1899, .F. ) ;
#1477 = ORIENTED_EDGE ( 'NONE', *, *, #1395, .F. ) ;
#1478 = VECTOR ( 'NONE', #1266, 1000.000000000000114 ) ;
#1479 = LINE ( 'NONE', #854, #1252 ) ;
#1480 = VECTOR ( 'NONE', #53, 1000.000000000000114 ) ;
#1481 = EDGE_LOOP ( 'NONE', ( #495, #2037, #1323, #1670 ) ) ;
#1482 = CARTESIAN_POINT ( 'NONE',  ( -1.118484585717304913, -1.000000000000000000, -3.055510211257168152 ) ) ;
#1483 = ADVANCED_FACE ( 'NONE', ( #1121 ), #1743, .T. ) ;
#1484 = EDGE_LOOP ( 'NONE', ( #628, #2465 ) ) ;
#1485 = ORIENTED_EDGE ( 'NONE', *, *, #1973, .T. ) ;
#1486 = CIRCLE ( 'NONE', #228, 1.999999999940966111 ) ;
#1487 = PLANE ( 'NONE',  #1547 ) ;
#1488 = AXIS2_PLACEMENT_3D ( 'NONE', #1817, #1204, #391 ) ;
#1489 = CARTESIAN_POINT ( 'NONE',  ( -5.762032100735225981, -0.1000000000000000472, -13.89321755257457980 ) ) ;
#1490 = DIRECTION ( 'NONE',  ( -0.000000000000000000, 1.000000000000000000, -0.000000000000000000 ) ) ;
#1491 = CARTESIAN_POINT ( 'NONE',  ( -3.485432705228429739, -1.000000000000000000, 0.6771320975064148984 ) ) ;
#1492 = ORIENTED_EDGE ( 'NONE', *, *, #1319, .T. ) ;
#1493 = EDGE_CURVE ( 'NONE', #1546, #1129, #2553, .T. ) ;
#1494 = DIRECTION ( 'NONE',  ( 0.000000000000000000, 0.7071067811865529018, 0.7071067811865422437 ) ) ;
#1495 = ORIENTED_EDGE ( 'NONE', *, *, #2321, .F. ) ;
#1496 = CARTESIAN_POINT ( 'NONE',  ( -16.19939280283944072, -0.1000000000000000472, 0.3126570634691683281 ) ) ;
#1497 = ORIENTED_EDGE ( 'NONE', *, *, #2549, .T. ) ;
#1498 = VERTEX_POINT ( 'NONE', #530 ) ;
#1499 = VECTOR ( 'NONE', #1288, 1000.000000000000000 ) ;
#1500 = CARTESIAN_POINT ( 'NONE',  ( 4.303325632289351610, -1.000000000000000000, -6.903056109449023481 ) ) ;
#1501 = ADVANCED_FACE ( 'NONE', ( #1508 ), #2109, .T. ) ;
#1502 = DIRECTION ( 'NONE',  ( -0.3954686349861748496, -0.7071067811865485719, 0.5861779241341064095 ) ) ;
#1503 = CARTESIAN_POINT ( 'NONE',  ( 6.441657111148262265E-12, -1.000000000000000000, -19.29999999998978311 ) ) ;
#1504 = DIRECTION ( 'NONE',  ( 0.000000000000000000, 1.000000000000000000, -0.000000000000000000 ) ) ;
#1505 = EDGE_CURVE ( 'NONE', #1581, #879, #515, .T. ) ;
#1506 = ORIENTED_EDGE ( 'NONE', *, *, #2024, .T. ) ;
#1507 = ORIENTED_EDGE ( 'NONE', *, *, #1424, .T. ) ;
#1508 = FACE_OUTER_BOUND ( 'NONE', #648, .T. ) ;
#1509 = CARTESIAN_POINT ( 'NONE',  ( 5.762036646588697408, -1.000000000000000000, 17.14322065805218998 ) ) ;
#1510 = ORIENTED_EDGE ( 'NONE', *, *, #1696, .T. ) ;
#1511 = CARTESIAN_POINT ( 'NONE',  ( 13.21743956563837408, 0.000000000000000000, -7.709394476393450546 ) ) ;
#1512 = ORIENTED_EDGE ( 'NONE', *, *, #1302, .F. ) ;
#1513 = DIRECTION ( 'NONE',  ( 0.000000000000000000, -0.000000000000000000, -1.000000000000000000 ) ) ;
#1514 = CARTESIAN_POINT ( 'NONE',  ( 7.160026676055672112, 1.899999999999999911, -11.48555096995289304 ) ) ;
#1515 = EDGE_CURVE ( 'NONE', #293, #1645, #1152, .T. ) ;
#1516 = VECTOR ( 'NONE', #1850, 1000.000000000000114 ) ;
#1517 = CARTESIAN_POINT ( 'NONE',  ( -16.19939280283944072, -1.550000000000001821, 0.3126570634691683281 ) ) ;
#1518 = ORIENTED_EDGE ( 'NONE', *, *, #2167, .T. ) ;
#1519 = DIRECTION ( 'NONE',  ( 0.000000000000000000, -0.000000000000000000, 1.000000000000000000 ) ) ;
#1520 = ADVANCED_FACE ( 'NONE', ( #1290 ), #294, .T. ) ;
#1521 = DIRECTION ( 'NONE',  ( -0.000000000000000000, 1.000000000000000000, -0.000000000000000000 ) ) ;
#1522 = CARTESIAN_POINT ( 'NONE',  ( -3.239622250643128698, -0.5000000000000013323, 0.08851680689650086309 ) ) ;
#1523 = VERTEX_POINT ( 'NONE', #1107 ) ;
#1524 = FACE_BOUND ( 'NONE', #2252, .T. ) ;
#1525 = ORIENTED_EDGE ( 'NONE', *, *, #24, .F. ) ;
#1526 = DIRECTION ( 'NONE',  ( 0.000000000000000000, 0.000000000000000000, 1.000000000000000000 ) ) ;
#1527 = EDGE_LOOP ( 'NONE', ( #1542, #2357 ) ) ;
#1528 = CIRCLE ( 'NONE', #844, 1.500000000000001332 ) ;
#1529 = AXIS2_PLACEMENT_3D ( 'NONE', #210, #2402, #610 ) ;
#1531 = EDGE_CURVE ( 'NONE', #78, #435, #2160, .T. ) ;
#1530 = PLANE ( 'NONE',  #1833 ) ;
#1532 = CARTESIAN_POINT ( 'NONE',  ( 12.05359839965949931, -1.000000000000000000, -5.842452125817800379 ) ) ;
#1533 = CARTESIAN_POINT ( 'NONE',  ( 0.5973612483998226308, 1.899999999999999911, -12.98420473523360918 ) ) ;
#1534 = ORIENTED_EDGE ( 'NONE', *, *, #1531, .T. ) ;
#1535 = UNCERTAINTY_MEASURE_WITH_UNIT (LENGTH_MEASURE( 1.000000000000000082E-05 ), #360, 'distance_accuracy_value', 'NONE');
#1536 = DIRECTION ( 'NONE',  ( 0.000000000000000000, 0.000000000000000000, -1.000000000000000000 ) ) ;
#1537 = DIRECTION ( 'NONE',  ( -0.1907092891479349461, 0.000000000000000000, -0.9816465591202820917 ) ) ;
#1538 = LINE ( 'NONE', #1980, #681 ) ;
#1539 = ORIENTED_EDGE ( 'NONE', *, *, #2063, .F. ) ;
#1540 = PRODUCT_CONTEXT ( 'NONE', #2408, 'mechanical' ) ;
#1541 = DIRECTION ( 'NONE',  ( 0.000000000000000000, 1.000000000000000000, 0.000000000000000000 ) ) ;
#1542 = ORIENTED_EDGE ( 'NONE', *, *, #1447, .F. ) ;
#1543 = ORIENTED_EDGE ( 'NONE', *, *, #24, .T. ) ;
#1544 = FACE_BOUND ( 'NONE', #1527, .T. ) ;
#1545 = CARTESIAN_POINT ( 'NONE',  ( 16.19939555383420782, -1.000000000000000000, -0.3126532750625798940 ) ) ;
#1546 = VERTEX_POINT ( 'NONE', #559 ) ;
#1547 = AXIS2_PLACEMENT_3D ( 'NONE', #887, #80, #1901 ) ;
#1548 = PRESENTATION_STYLE_ASSIGNMENT (( #952 ) ) ;
#1549 = FACE_OUTER_BOUND ( 'NONE', #2047, .T. ) ;
#1550 = CARTESIAN_POINT ( 'NONE',  ( -5.762032100735225981, -1.550000000000000266, -17.64321755289658711 ) ) ;
#1551 = ORIENTED_EDGE ( 'NONE', *, *, #618, .F. ) ;
#1552 = LINE ( 'NONE', #2182, #2443 ) ;
#1553 = ADVANCED_FACE ( 'NONE', ( #1610 ), #1818, .T. ) ;
#1554 = DIRECTION ( 'NONE',  ( 0.000000000000000000, 0.000000000000000000, -1.000000000000000000 ) ) ;
#1555 = EDGE_CURVE ( 'NONE', #151, #2164, #56, .T. ) ;
#1556 = VERTEX_POINT ( 'NONE', #1796 ) ;
#1557 = ORIENTED_EDGE ( 'NONE', *, *, #1967, .T. ) ;
#1558 = CARTESIAN_POINT ( 'NONE',  ( 6.439293542825907934E-12, -1.000000000000000000, 1.021405182655144017E-11 ) ) ;
#1559 = DIRECTION ( 'NONE',  ( -0.000000000000000000, -1.000000000000000000, -0.000000000000000000 ) ) ;
#1560 = VERTEX_POINT ( 'NONE', #217 ) ;
#1561 = EDGE_LOOP ( 'NONE', ( #827, #550, #1551, #1766 ) ) ;
#1562 = CARTESIAN_POINT ( 'NONE',  ( 5.762036646588697408, -0.1000000000000000472, 15.14322065821449570 ) ) ;
#1563 = CARTESIAN_POINT ( 'NONE',  ( 3.351414856103326123, 1.899999999999999911, -0.6510957929909871877 ) ) ;
#1564 = EDGE_CURVE ( 'NONE', #548, #2093, #603, .T. ) ;
#1565 = CARTESIAN_POINT ( 'NONE',  ( 12.05359839965949931, 0.000000000000000000, -2.642452125817799313 ) ) ;
#1566 = ORIENTED_EDGE ( 'NONE', *, *, #1390, .F. ) ;
#1567 = CARTESIAN_POINT ( 'NONE',  ( 16.19939555383420782, -1.550000000000000266, 2.187346725012596416 ) ) ;
#1568 = EDGE_LOOP ( 'NONE', ( #950, #734, #1713, #132 ) ) ;
#1569 = ADVANCED_FACE ( 'NONE', ( #785 ), #2202, .T. ) ;
#1570 = AXIS2_PLACEMENT_3D ( 'NONE', #696, #123, #1086 ) ;
#1571 = AXIS2_PLACEMENT_3D ( 'NONE', #2509, #1883, #855 ) ;
#1572 = CARTESIAN_POINT ( 'NONE',  ( -16.19939280283944072, -2.100000000000000089, 0.3126570634691683281 ) ) ;
#1573 = VECTOR ( 'NONE', #2234, 1000.000000000000000 ) ;
#1574 = LINE ( 'NONE', #1586, #774 ) ;
#1575 = ORIENTED_EDGE ( 'NONE', *, *, #1820, .F. ) ;
#1576 = VERTEX_POINT ( 'NONE', #1769 ) ;
#1577 = DIRECTION ( 'NONE',  ( 0.000000000000000000, -1.000000000000000000, 0.000000000000000000 ) ) ;
#1578 = FACE_OUTER_BOUND ( 'NONE', #153, .T. ) ;
#1579 = CIRCLE ( 'NONE', #1408, 3.199999999999994404 ) ;
#1580 = CARTESIAN_POINT ( 'NONE',  ( 13.74645827744695303, -1.000000000000000000, -8.558004635746019773 ) ) ;
#1581 = VERTEX_POINT ( 'NONE', #1806 ) ;
#1582 = CARTESIAN_POINT ( 'NONE',  ( 16.19939555384441832, 1.899999999999999911, 1.687346725161129601 ) ) ;
#1583 = ORIENTED_EDGE ( 'NONE', *, *, #381, .T. ) ;
#1584 = ADVANCED_FACE ( 'NONE', ( #795 ), #2593, .T. ) ;
#1585 = CARTESIAN_POINT ( 'NONE',  ( -5.762032100735225981, -1.000000000000000000, -15.14321755274350423 ) ) ;
#1586 = CARTESIAN_POINT ( 'NONE',  ( -5.762032100735225981, -1.000000000000000000, -13.14321755259041957 ) ) ;
#1587 = ADVANCED_FACE ( 'NONE', ( #1589 ), #2445, .T. ) ;
#1588 = VECTOR ( 'NONE', #2086, 1000.000000000000000 ) ;
#1589 = FACE_OUTER_BOUND ( 'NONE', #2181, .T. ) ;
#1590 = EDGE_CURVE ( 'NONE', #1396, #2577, #149, .T. ) ;
#1591 = CARTESIAN_POINT ( 'NONE',  ( 4.832344344097932343, -1.100000000000000089, -7.751666268801591819 ) ) ;
#1592 = CARTESIAN_POINT ( 'NONE',  ( 12.05359839965949931, -1.000000000000000000, -5.842452125817800379 ) ) ;
#1593 = EDGE_LOOP ( 'NONE', ( #2184, #864 ) ) ;
#1594 = FACE_OUTER_BOUND ( 'NONE', #1882, .T. ) ;
#1595 = ORIENTED_EDGE ( 'NONE', *, *, #1074, .F. ) ;
#1596 = DIRECTION ( 'NONE',  ( -0.5592771070906241704, 0.000000000000000000, 0.8289807702741617268 ) ) ;
#1597 = DIRECTION ( 'NONE',  ( 0.8486101593525686715, 0.000000000000000000, 0.5290187118085786233 ) ) ;
#1598 = CIRCLE ( 'NONE', #1039, 1.950000000075169382 ) ;
#1599 = EDGE_CURVE ( 'NONE', #1972, #1063, #587, .T. ) ;
#1600 = DIRECTION ( 'NONE',  ( 0.000000000000000000, 0.000000000000000000, -1.000000000000000000 ) ) ;
#1601 = DIRECTION ( 'NONE',  ( 0.000000000000000000, 0.000000000000000000, -1.000000000000000000 ) ) ;
#1602 = CARTESIAN_POINT ( 'NONE',  ( -5.575167705385225325, -1.000000000000000000, 20.90020055415103428 ) ) ;
#1603 = VERTEX_POINT ( 'NONE', #2414 ) ;
#1604 = CYLINDRICAL_SURFACE ( 'NONE', #193, 1.249999999940967665 ) ;
#1605 = VERTEX_POINT ( 'NONE', #390 ) ;
#1606 = CARTESIAN_POINT ( 'NONE',  ( -5.762030762295200503, 1.899999999999999911, -13.14321757825281267 ) ) ;
#1607 = CARTESIAN_POINT ( 'NONE',  ( 1.781426183032352561, 1.899999999999999911, 3.475998812805051852 ) ) ;
#1608 = EDGE_CURVE ( 'NONE', #1498, #2014, #2166, .T. ) ;
#1609 = CIRCLE ( 'NONE', #1100, 2.500000000153084656 ) ;
#1610 = FACE_OUTER_BOUND ( 'NONE', #552, .T. ) ;
#1611 = DIRECTION ( 'NONE',  ( -0.000000000000000000, 1.000000000000000000, -0.000000000000000000 ) ) ;
#1612 = AXIS2_PLACEMENT_3D ( 'NONE', #2001, #773, #1577 ) ;
#1613 = CARTESIAN_POINT ( 'NONE',  ( 5.762036646588697408, -2.100000000000000089, 15.14322065821449570 ) ) ;
#1614 = ORIENTED_EDGE ( 'NONE', *, *, #73, .T. ) ;
#1615 = AXIS2_PLACEMENT_3D ( 'NONE', #218, #621, #14 ) ;
#1616 = DIRECTION ( 'NONE',  ( -0.000000000000000000, 1.000000000000000000, -0.000000000000000000 ) ) ;
#1617 = ADVANCED_FACE ( 'NONE', ( #1214 ), #1189, .T. ) ;
#1618 = ORIENTED_EDGE ( 'NONE', *, *, #1075, .F. ) ;
#1619 = CARTESIAN_POINT ( 'NONE',  ( -1.118484585717304913, 1.399999999999999245, -3.055510211257168152 ) ) ;
#1620 = CARTESIAN_POINT ( 'NONE',  ( 3.073583077684011400, -0.5000000000000017764, -0.2273053124392421520 ) ) ;
#1621 = PRODUCT_DEFINITION_FORMATION_WITH_SPECIFIED_SOURCE ( 'ANY', '', #1459, .NOT_KNOWN. ) ;
#1622 = CARTESIAN_POINT ( 'NONE',  ( -5.762032100735225981, -2.100000000000000089, -15.14321755274350423 ) ) ;
#1623 = DIRECTION ( 'NONE',  ( 0.000000000000000000, 0.000000000000000000, -1.000000000000000000 ) ) ;
#1624 = ORIENTED_EDGE ( 'NONE', *, *, #2400, .F. ) ;
#1625 = CARTESIAN_POINT ( 'NONE',  ( 5.762036646588697408, -0.1000000000000000472, 17.14322065805218998 ) ) ;
#1626 = AXIS2_PLACEMENT_3D ( 'NONE', #313, #116, #878 ) ;
#1627 = EDGE_CURVE ( 'NONE', #1603, #1418, #1486, .T. ) ;
#1628 = ORIENTED_EDGE ( 'NONE', *, *, #1742, .T. ) ;
#1629 = LINE ( 'NONE', #1619, #721 ) ;
#1630 = ORIENTED_EDGE ( 'NONE', *, *, #657, .T. ) ;
#1631 = EDGE_CURVE ( 'NONE', #1760, #1775, #13, .T. ) ;
#1632 = DIRECTION ( 'NONE',  ( 0.000000000000000000, -0.000000000000000000, -1.000000000000000000 ) ) ;
#1633 = PLANE ( 'NONE',  #47 ) ;
#1634 = DIRECTION ( 'NONE',  ( -0.000000000000000000, 1.000000000000000000, -0.000000000000000000 ) ) ;
#1635 = ORIENTED_EDGE ( 'NONE', *, *, #2581, .T. ) ;
#1636 = ADVANCED_FACE ( 'NONE', ( #2216 ), #2011, .T. ) ;
#1637 = CARTESIAN_POINT ( 'NONE',  ( -3.772911963370061184, -1.000000000000000000, 19.72680671789085594 ) ) ;
#1638 = VECTOR ( 'NONE', #1118, 1000.000000000000000 ) ;
#1639 = ORIENTED_EDGE ( 'NONE', *, *, #325, .T. ) ;
#1640 = CARTESIAN_POINT ( 'NONE',  ( -3.654112635780209839, 1.399999999999999245, -0.1911217466488112637 ) ) ;
#1641 = CARTESIAN_POINT ( 'NONE',  ( -16.19939280283944072, 1.899999999999999911, -1.687342936738557064 ) ) ;
#1642 = LINE ( 'NONE', #36, #2397 ) ;
#1643 = APPLICATION_CONTEXT ( 'automotive_design' ) ;
#1644 = LINE ( 'NONE', #2449, #1499 ) ;
#1645 = VERTEX_POINT ( 'NONE', #1965 ) ;
#1646 = CIRCLE ( 'NONE', #846, 2.199999999999998845 ) ;
#1647 = VECTOR ( 'NONE', #2006, 1000.000000000000000 ) ;
#1648 = DIRECTION ( 'NONE',  ( 0.000000000000000000, 0.000000000000000000, 1.000000000000000000 ) ) ;
#1649 = ORIENTED_EDGE ( 'NONE', *, *, #1359, .T. ) ;
#1650 = DIRECTION ( 'NONE',  ( 0.000000000000000000, 0.000000000000000000, -1.000000000000000000 ) ) ;
#1651 = LINE ( 'NONE', #1423, #677 ) ;
#1652 = EDGE_CURVE ( 'NONE', #2093, #548, #191, .T. ) ;
#1653 = EDGE_CURVE ( 'NONE', #352, #1096, #1646, .T. ) ;
#1654 = LINE ( 'NONE', #2470, #295 ) ;
#1655 = DIRECTION ( 'NONE',  ( 0.000000000000000000, 0.000000000000000000, 1.000000000000000000 ) ) ;
#1656 = EDGE_CURVE ( 'NONE', #1523, #1952, #2051, .T. ) ;
#1657 = ORIENTED_EDGE ( 'NONE', *, *, #1051, .T. ) ;
#1658 = DIRECTION ( 'NONE',  ( 0.5592771070906240594, 0.000000000000000000, -0.8289807702741617268 ) ) ;
#1659 = VECTOR ( 'NONE', #323, 1000.000000000000114 ) ;
#1660 = CARTESIAN_POINT ( 'NONE',  ( 0.000000000000000000, 0.3999999999999999667, -22.50000000000000000 ) ) ;
#1661 = ORIENTED_EDGE ( 'NONE', *, *, #1434, .T. ) ;
#1662 = ORIENTED_EDGE ( 'NONE', *, *, #2287, .F. ) ;
#1663 = DIRECTION ( 'NONE',  ( 0.000000000000000000, 0.000000000000000000, 1.000000000000000000 ) ) ;
#1664 = CIRCLE ( 'NONE', #74, 1.999999999940966111 ) ;
#1665 = CARTESIAN_POINT ( 'NONE',  ( 16.19939555383420782, -2.100000000000000089, -0.3126532750625798940 ) ) ;
#1666 = DIRECTION ( 'NONE',  ( 0.000000000000000000, 0.7071067811865531239, 0.7071067811865419106 ) ) ;
#1667 = CARTESIAN_POINT ( 'NONE',  ( 16.19939555383420782, -1.550000000000011369, -0.3126532750625798940 ) ) ;
#1668 = ORIENTED_EDGE ( 'NONE', *, *, #1627, .T. ) ;
#1669 = EDGE_CURVE ( 'NONE', #2358, #1146, #463, .T. ) ;
#1670 = ORIENTED_EDGE ( 'NONE', *, *, #958, .T. ) ;
#1671 = CARTESIAN_POINT ( 'NONE',  ( 3.353221631229322597, 1.899999999999999911, -0.6417956975763213778 ) ) ;
#1672 = ORIENTED_EDGE ( 'NONE', *, *, #296, .T. ) ;
#1673 = PLANE ( 'NONE',  #1571 ) ;
#1674 = ORIENTED_EDGE ( 'NONE', *, *, #1564, .F. ) ;
#1675 = ORIENTED_EDGE ( 'NONE', *, *, #196, .F. ) ;
#1676 = CARTESIAN_POINT ( 'NONE',  ( 2.061064736577662870, -1.000000000000000000, 3.061508427667973820 ) ) ;
#1677 = VECTOR ( 'NONE', #283, 1000.000000000000000 ) ;
#1678 = LINE ( 'NONE', #2524, #2364 ) ;
#1679 = VECTOR ( 'NONE', #916, 1000.000000000000000 ) ;
#1680 = DIRECTION ( 'NONE',  ( 0.000000000000000000, -1.000000000000000000, 0.000000000000000000 ) ) ;
#1681 = DIRECTION ( 'NONE',  ( -0.5592771070906242814, 0.000000000000000000, 0.8289807702741615048 ) ) ;
#1682 = EDGE_CURVE ( 'NONE', #2481, #352, #1642, .T. ) ;
#1683 = PLANE ( 'NONE',  #449 ) ;
#1684 = ORIENTED_EDGE ( 'NONE', *, *, #1188, .T. ) ;
#1685 = AXIS2_PLACEMENT_3D ( 'NONE', #290, #1326, #93 ) ;
#1686 = CIRCLE ( 'NONE', #601, 1.249999999837693387 ) ;
#1687 = CARTESIAN_POINT ( 'NONE',  ( 16.19939555383420782, -1.550000000000011369, -2.812653275137756204 ) ) ;
#1688 = CIRCLE ( 'NONE', #99, 1.950000000153086166 ) ;
#1689 = ORIENTED_EDGE ( 'NONE', *, *, #2447, .T. ) ;
#1690 = FACE_OUTER_BOUND ( 'NONE', #1568, .T. ) ;
#1691 = EDGE_LOOP ( 'NONE', ( #2206, #19, #2048, #171 ) ) ;
#1692 = VECTOR ( 'NONE', #2377, 1000.000000000000000 ) ;
#1693 = ORIENTED_EDGE ( 'NONE', *, *, #1002, .T. ) ;
#1694 = VERTEX_POINT ( 'NONE', #1257 ) ;
#1695 = DIRECTION ( 'NONE',  ( -0.000000000000000000, 1.000000000000000000, -0.000000000000000000 ) ) ;
#1696 = EDGE_CURVE ( 'NONE', #2132, #329, #2526, .T. ) ;
#1697 = VECTOR ( 'NONE', #357, 1000.000000000000114 ) ;
#1698 = CARTESIAN_POINT ( 'NONE',  ( 0.000000000000000000, -1.000000000000000000, 0.000000000000000000 ) ) ;
#1699 = LINE ( 'NONE', #1503, #2437 ) ;
#1700 = DIRECTION ( 'NONE',  ( 0.000000000000000000, 1.000000000000000000, 0.000000000000000000 ) ) ;
#1701 = EDGE_LOOP ( 'NONE', ( #1027, #1539, #2344, #633 ) ) ;
#1702 = CARTESIAN_POINT ( 'NONE',  ( 0.000000000000000000, 0.000000000000000000, 0.000000000000000000 ) ) ;
#1703 = DIRECTION ( 'NONE',  ( 0.8486101593525686715, 0.000000000000000000, 0.5290187118085786233 ) ) ;
#1704 = EDGE_LOOP ( 'NONE', ( #1444, #1811, #1868, #2007 ) ) ;
#1705 = LINE ( 'NONE', #2266, #1814 ) ;
#1706 = ORIENTED_EDGE ( 'NONE', *, *, #429, .F. ) ;
#1707 = AXIS2_PLACEMENT_3D ( 'NONE', #2239, #1258, #46 ) ;
#1708 = EDGE_CURVE ( 'NONE', #1420, #578, #1435, .T. ) ;
#1709 = CARTESIAN_POINT ( 'NONE',  ( 4.303325632289351610, 0.000000000000000000, -6.903056109449023481 ) ) ;
#1710 = ADVANCED_FACE ( 'NONE', ( #1223 ), #1008, .T. ) ;
#1711 = DIRECTION ( 'NONE',  ( 0.000000000000000000, -1.000000000000000000, 0.000000000000000000 ) ) ;
#1712 = CARTESIAN_POINT ( 'NONE',  ( -0.8388460321719937163, -1.000000000000000000, -3.470000596394247516 ) ) ;
#1713 = ORIENTED_EDGE ( 'NONE', *, *, #2400, .T. ) ;
#1714 = CARTESIAN_POINT ( 'NONE',  ( -20.02755869598701111, -1.000000000000000000, 10.25411588966823295 ) ) ;
#1715 = DIRECTION ( 'NONE',  ( -0.8289807702741616158, 0.000000000000000000, -0.5592771070906243924 ) ) ;
#1716 = CARTESIAN_POINT ( 'NONE',  ( 10.36073852187205091, -1.000000000000000000, -3.126899615889576545 ) ) ;
#1717 = EDGE_LOOP ( 'NONE', ( #1981, #1635, #2284, #107 ) ) ;
#1718 = CYLINDRICAL_SURFACE ( 'NONE', #771, 1.249999999940967665 ) ;
#1719 = ORIENTED_EDGE ( 'NONE', *, *, #2383, .F. ) ;
#1720 = ORIENTED_EDGE ( 'NONE', *, *, #97, .T. ) ;
#1721 = EDGE_CURVE ( 'NONE', #2525, #869, #1877, .T. ) ;
#1722 = AXIS2_PLACEMENT_3D ( 'NONE', #2137, #519, #2349 ) ;
#1723 = DIRECTION ( 'NONE',  ( 0.000000000000000000, 0.000000000000000000, 1.000000000000000000 ) ) ;
#1724 = CARTESIAN_POINT ( 'NONE',  ( 12.05359839965949931, -1.000000000000000000, -5.842452125817800379 ) ) ;
#1725 = AXIS2_PLACEMENT_3D ( 'NONE', #155, #1314, #1681 ) ;
#1726 = DIRECTION ( 'NONE',  ( -0.3954686349861746275, -0.7071067811865489050, 0.5861779241341059654 ) ) ;
#1727 = ORIENTED_EDGE ( 'NONE', *, *, #822, .F. ) ;
#1728 = DIRECTION ( 'NONE',  ( 0.5290187118085784013, 0.000000000000000000, -0.8486101593525688935 ) ) ;
#1729 = CYLINDRICAL_SURFACE ( 'NONE', #1358, 1.249999999837693387 ) ;
#1730 = VECTOR ( 'NONE', #1042, 1000.000000000000227 ) ;
#1731 = VERTEX_POINT ( 'NONE', #2458 ) ;
#1732 = DIRECTION ( 'NONE',  ( -0.000000000000000000, 1.000000000000000000, -0.000000000000000000 ) ) ;
#1733 = VERTEX_POINT ( 'NONE', #450 ) ;
#1734 = AXIS2_PLACEMENT_3D ( 'NONE', #496, #2522, #2092 ) ;
#1735 = VECTOR ( 'NONE', #767, 999.9999999999998863 ) ;
#1736 = VECTOR ( 'NONE', #160, 1000.000000000000000 ) ;
#1737 = CARTESIAN_POINT ( 'NONE',  ( 10.88975723368062631, 1.899999999999999911, -3.975509775242147548 ) ) ;
#1738 = CARTESIAN_POINT ( 'NONE',  ( 3.208434909275782232, -1.000000000000000000, 0.4668236262431499362 ) ) ;
#1739 = AXIS2_PLACEMENT_3D ( 'NONE', #340, #1908, #953 ) ;
#1740 = ORIENTED_EDGE ( 'NONE', *, *, #1051, .F. ) ;
#1741 = EDGE_CURVE ( 'NONE', #522, #2132, #655, .T. ) ;
#1742 = EDGE_CURVE ( 'NONE', #544, #1969, #2479, .T. ) ;
#1743 = PLANE ( 'NONE',  #727 ) ;
#1744 = CYLINDRICAL_SURFACE ( 'NONE', #2592, 3.200000000000001510 ) ;
#1745 = FACE_OUTER_BOUND ( 'NONE', #1160, .T. ) ;
#1746 = EDGE_CURVE ( 'NONE', #72, #591, #2574, .T. ) ;
#1747 = VERTEX_POINT ( 'NONE', #266 ) ;
#1748 = CARTESIAN_POINT ( 'NONE',  ( 1.646574351440581285, 1.400000000000001910, 2.781869874122660846 ) ) ;
#1749 = ORIENTED_EDGE ( 'NONE', *, *, #1024, .T. ) ;
#1750 = ORIENTED_EDGE ( 'NONE', *, *, #1197, .T. ) ;
#1751 = DIRECTION ( 'NONE',  ( 0.000000000000000000, 0.000000000000000000, 1.000000000000000000 ) ) ;
#1752 = VECTOR ( 'NONE', #816, 1000.000000000000227 ) ;
#1753 = DIRECTION ( 'NONE',  ( 0.3954686349861764039, -0.7071067811865456854, -0.5861779241341087410 ) ) ;
#1754 = ORIENTED_EDGE ( 'NONE', *, *, #1590, .T. ) ;
#1755 = EDGE_LOOP ( 'NONE', ( #2210, #183, #164, #2152 ) ) ;
#1756 = DIRECTION ( 'NONE',  ( 0.000000000000000000, 0.000000000000000000, -1.000000000000000000 ) ) ;
#1757 = CARTESIAN_POINT ( 'NONE',  ( 0.5973612483998226308, 0.000000000000000000, -12.98420473523360918 ) ) ;
#1758 = EDGE_CURVE ( 'NONE', #1301, #1396, #644, .T. ) ;
#1759 = CYLINDRICAL_SURFACE ( 'NONE', #2368, 19.29999999999999716 ) ;
#1760 = VERTEX_POINT ( 'NONE', #2025 ) ;
#1761 = LINE ( 'NONE', #1348, #695 ) ;
#1762 = CARTESIAN_POINT ( 'NONE',  ( 5.762036646588697408, -0.1000000000000000472, 15.14322065821449570 ) ) ;
#1763 = ORIENTED_EDGE ( 'NONE', *, *, #192, .T. ) ;
#1764 = CARTESIAN_POINT ( 'NONE',  ( 0.000000000000000000, 0.3999999999999999667, 0.000000000000000000 ) ) ;
#1765 = DIRECTION ( 'NONE',  ( 0.8289807702741616158, 0.000000000000000000, 0.5592771070906242814 ) ) ;
#1766 = ORIENTED_EDGE ( 'NONE', *, *, #234, .F. ) ;
#1767 = VECTOR ( 'NONE', #1711, 1000.000000000000000 ) ;
#1768 = ORIENTED_EDGE ( 'NONE', *, *, #40, .T. ) ;
#1769 = CARTESIAN_POINT ( 'NONE',  ( 2.061064736577662426, 1.899999999999999911, 3.061508427667973820 ) ) ;
#1770 = FACE_OUTER_BOUND ( 'NONE', #1879, .T. ) ;
#1771 = LINE ( 'NONE', #187, #890 ) ;
#1772 = EDGE_LOOP ( 'NONE', ( #368, #2031, #2362, #62 ) ) ;
#1773 = DIRECTION ( 'NONE',  ( 0.5861779241341088520, 0.7071067811865456854, 0.3954686349861760708 ) ) ;
#1774 = DIRECTION ( 'NONE',  ( -0.000000000000000000, 1.000000000000000000, -0.000000000000000000 ) ) ;
#1775 = VERTEX_POINT ( 'NONE', #2248 ) ;
#1776 = EDGE_CURVE ( 'NONE', #1184, #1498, #1654, .T. ) ;
#1777 = CIRCLE ( 'NONE', #263, 19.29999999999999716 ) ;
#1778 = DIRECTION ( 'NONE',  ( 0.000000000000000000, 0.000000000000000000, -1.000000000000000000 ) ) ;
#1779 = ADVANCED_FACE ( 'NONE', ( #2238 ), #830, .F. ) ;
#1780 = CIRCLE ( 'NONE', #1944, 3.050000000153076041 ) ;
#1781 = CARTESIAN_POINT ( 'NONE',  ( -5.762032100735225981, -2.100000000000000089, -15.14321755274350423 ) ) ;
#1782 = AXIS2_PLACEMENT_3D ( 'NONE', #1816, #25, #369 ) ;
#1783 = VECTOR ( 'NONE', #221, 1000.000000000000227 ) ;
#1784 = DIRECTION ( 'NONE',  ( 0.000000000000000000, -1.000000000000000000, 0.000000000000000000 ) ) ;
#1785 = DIRECTION ( 'NONE',  ( 0.000000000000000000, 0.000000000000000000, 1.000000000000000000 ) ) ;
#1786 = CIRCLE ( 'NONE', #1155, 3.049999999940960826 ) ;
#1787 = DIRECTION ( 'NONE',  ( 0.000000000000000000, -1.000000000000000000, 0.000000000000000000 ) ) ;
#1788 = ORIENTED_EDGE ( 'NONE', *, *, #812, .F. ) ;
#1789 = LINE ( 'NONE', #2597, #236 ) ;
#1790 = ORIENTED_EDGE ( 'NONE', *, *, #2474, .T. ) ;
#1791 = AXIS2_PLACEMENT_3D ( 'NONE', #605, #1200, #1596 ) ;
#1792 = EDGE_CURVE ( 'NONE', #1560, #520, #1931, .T. ) ;
#1793 = DIRECTION ( 'NONE',  ( 0.000000000000000000, -0.000000000000000000, 1.000000000000000000 ) ) ;
#1794 = CARTESIAN_POINT ( 'NONE',  ( 3.073583077684011400, -0.4999999999999996669, -0.2273053124392416802 ) ) ;
#1795 = AXIS2_PLACEMENT_3D ( 'NONE', #873, #1680, #682 ) ;
#1796 = CARTESIAN_POINT ( 'NONE',  ( -5.762032100735225981, -0.1000000000000000472, -16.39321755291242866 ) ) ;
#1797 = DIRECTION ( 'NONE',  ( 0.000000000000000000, 1.000000000000000000, 0.000000000000000000 ) ) ;
#1798 = CARTESIAN_POINT ( 'NONE',  ( 5.762036646588697408, -1.000000000000000000, 12.09322065837680604 ) ) ;
#1799 = ORIENTED_EDGE ( 'NONE', *, *, #1447, .T. ) ;
#1800 = LINE ( 'NONE', #1038, #401 ) ;
#1801 = AXIS2_PLACEMENT_3D ( 'NONE', #1613, #2219, #1004 ) ;
#1802 = ADVANCED_FACE ( 'NONE', ( #476 ), #1633, .F. ) ;
#1803 = ORIENTED_EDGE ( 'NONE', *, *, #1985, .F. ) ;
#1804 = DIRECTION ( 'NONE',  ( 8.659560562354867531E-17, 0.7071067811865526798, -0.7071067811865422437 ) ) ;
#1805 = LINE ( 'NONE', #1607, #1356 ) ;
#1806 = CARTESIAN_POINT ( 'NONE',  ( -5.762032100735225981, -1.550000000000000266, -17.64321755289658711 ) ) ;
#1807 = CARTESIAN_POINT ( 'NONE',  ( 6.439293542825907934E-12, -1.000000000000000000, 1.021405182655144017E-11 ) ) ;
#1808 = FACE_OUTER_BOUND ( 'NONE', #1383, .T. ) ;
#1809 = VERTEX_POINT ( 'NONE', #2425 ) ;
#1810 = FACE_OUTER_BOUND ( 'NONE', #1704, .T. ) ;
#1811 = ORIENTED_EDGE ( 'NONE', *, *, #1515, .T. ) ;
#1812 = CARTESIAN_POINT ( 'NONE',  ( 2.061064736577662426, 1.899999999999999911, 3.061508427667973820 ) ) ;
#1813 = LINE ( 'NONE', #1255, #1264 ) ;
#1814 = VECTOR ( 'NONE', #273, 1000.000000000000000 ) ;
#1815 = VECTOR ( 'NONE', #197, 1000.000000000000000 ) ;
#1816 = CARTESIAN_POINT ( 'NONE',  ( 0.000000000000000000, 1.899999999999999911, 0.000000000000000000 ) ) ;
#1817 = CARTESIAN_POINT ( 'NONE',  ( 5.762036646588697408, -0.1000000000000000472, 15.14322065821449570 ) ) ;
#1818 = CONICAL_SURFACE ( 'NONE', #475, 1.950000000153086166, 0.7853981633974547183 ) ;
#1819 = ADVANCED_FACE ( 'NONE', ( #620 ), #138, .T. ) ;
#1820 = EDGE_CURVE ( 'NONE', #1096, #1694, #428, .T. ) ;
#1821 = ORIENTED_EDGE ( 'NONE', *, *, #1906, .F. ) ;
#1822 = AXIS2_PLACEMENT_3D ( 'NONE', #1179, #1797, #2399 ) ;
#1823 = ADVANCED_FACE ( 'NONE', ( #96 ), #321, .F. ) ;
#1824 = CARTESIAN_POINT ( 'NONE',  ( 5.762036646588697408, -1.000000000000000000, 18.19322065805218358 ) ) ;
#1825 = ORIENTED_EDGE ( 'NONE', *, *, #1599, .T. ) ;
#1826 = LINE ( 'NONE', #1837, #258 ) ;
#1827 = VERTEX_POINT ( 'NONE', #141 ) ;
#1828 = LINE ( 'NONE', #1433, #1573 ) ;
#1829 = VECTOR ( 'NONE', #1182, 1000.000000000000114 ) ;
#1830 = DIRECTION ( 'NONE',  ( -0.8486101593525688935, 0.000000000000000000, -0.5290187118085784013 ) ) ;
#1831 = EDGE_CURVE ( 'NONE', #157, #2428, #304, .T. ) ;
#1832 = DIRECTION ( 'NONE',  ( -0.000000000000000000, 1.000000000000000000, -0.000000000000000000 ) ) ;
#1833 = AXIS2_PLACEMENT_3D ( 'NONE', #1929, #140, #931 ) ;
#1834 = ORIENTED_EDGE ( 'NONE', *, *, #589, .F. ) ;
#1835 = DIRECTION ( 'NONE',  ( 0.000000000000000000, 0.000000000000000000, 1.000000000000000000 ) ) ;
#1836 = ORIENTED_EDGE ( 'NONE', *, *, #2427, .T. ) ;
#1837 = CARTESIAN_POINT ( 'NONE',  ( 2.755455298081543989E-15, 1.899999999999999911, 22.50000000000000000 ) ) ;
#1838 = LINE ( 'NONE', #1620, #1480 ) ;
#1839 = DIRECTION ( 'NONE',  ( -0.1988481484908787567, 0.000000000000000000, 0.9800303127157594663 ) ) ;
#1840 = FACE_BOUND ( 'NONE', #2220, .T. ) ;
#1841 = ORIENTED_EDGE ( 'NONE', *, *, #2401, .F. ) ;
#1842 = LINE ( 'NONE', #1637, #2545 ) ;
#1843 = VECTOR ( 'NONE', #125, 1000.000000000000000 ) ;
#1844 = VERTEX_POINT ( 'NONE', #1917 ) ;
#1845 = DIRECTION ( 'NONE',  ( 0.000000000000000000, 0.000000000000000000, -1.000000000000000000 ) ) ;
#1846 = EDGE_CURVE ( 'NONE', #255, #308, #2099, .T. ) ;
#1847 = DIRECTION ( 'NONE',  ( 0.000000000000000000, 1.000000000000000000, 0.000000000000000000 ) ) ;
#1848 = EDGE_CURVE ( 'NONE', #378, #2310, #291, .T. ) ;
#1849 = AXIS2_PLACEMENT_3D ( 'NONE', #195, #946, #1751 ) ;
#1850 = DIRECTION ( 'NONE',  ( 8.659560562354932858E-17, 0.7071067811865474617, -0.7071067811865474617 ) ) ;
#1851 = CARTESIAN_POINT ( 'NONE',  ( -16.19939280283944072, -0.1000000000000000472, 0.3126570634691683281 ) ) ;
#1852 = CIRCLE ( 'NONE', #1226, 1.949999999837713549 ) ;
#1853 = TOROIDAL_SURFACE ( 'NONE', #1529, 20.99999999999999645, 1.500000000000000000 ) ;
#1854 = ORIENTED_EDGE ( 'NONE', *, *, #1631, .F. ) ;
#1855 = CONICAL_SURFACE ( 'NONE', #1405, 2.500000000153084656, 0.7853981633974407295 ) ;
#1856 = DIRECTION ( 'NONE',  ( -0.000000000000000000, -1.000000000000000000, -0.000000000000000000 ) ) ;
#1857 = VERTEX_POINT ( 'NONE', #740 ) ;
#1858 = LINE ( 'NONE', #640, #1416 ) ;
#1859 = DIRECTION ( 'NONE',  ( 0.000000000000000000, 0.000000000000000000, 1.000000000000000000 ) ) ;
#1860 = EDGE_CURVE ( 'NONE', #282, #255, #1977, .T. ) ;
#1861 = CARTESIAN_POINT ( 'NONE',  ( 5.762036646588697408, -2.100000000000000089, 17.09322065805221058 ) ) ;
#1862 = DIRECTION ( 'NONE',  ( -0.000000000000000000, 1.000000000000000000, -0.000000000000000000 ) ) ;
#1863 = ORIENTED_EDGE ( 'NONE', *, *, #2157, .T. ) ;
#1864 = ORIENTED_EDGE ( 'NONE', *, *, #1458, .T. ) ;
#1865 = AXIS2_PLACEMENT_3D ( 'NONE', #21, #1456, #1663 ) ;
#1866 = DIRECTION ( 'NONE',  ( 0.000000000000000000, 0.000000000000000000, 1.000000000000000000 ) ) ;
#1867 = AXIS2_PLACEMENT_3D ( 'NONE', #709, #514, #528 ) ;
#1868 = ORIENTED_EDGE ( 'NONE', *, *, #999, .F. ) ;
#1869 = PLANE ( 'NONE',  #723 ) ;
#1870 = ORIENTED_EDGE ( 'NONE', *, *, #1984, .F. ) ;
#1871 = EDGE_LOOP ( 'NONE', ( #2540, #300 ) ) ;
#1872 = FACE_OUTER_BOUND ( 'NONE', #853, .T. ) ;
#1873 = EDGE_CURVE ( 'NONE', #1995, #869, #2267, .T. ) ;
#1874 = AXIS2_PLACEMENT_3D ( 'NONE', #2483, #1099, #2500 ) ;
#1875 = DIRECTION ( 'NONE',  ( -0.000000000000000000, 1.000000000000000000, -0.000000000000000000 ) ) ;
#1876 = CARTESIAN_POINT ( 'NONE',  ( -16.19939280283944072, -1.550000000000001821, -2.187342936471798449 ) ) ;
#1877 = LINE ( 'NONE', #2057, #1516 ) ;
#1878 = DIRECTION ( 'NONE',  ( 0.000000000000000000, 0.000000000000000000, 1.000000000000000000 ) ) ;
#1879 = EDGE_LOOP ( 'NONE', ( #969, #1007, #961, #823 ) ) ;
#1880 = EDGE_CURVE ( 'NONE', #2339, #1775, #1133, .T. ) ;
#1881 = DIRECTION ( 'NONE',  ( -0.8289807702741615048, 0.000000000000000000, -0.5592771070906243924 ) ) ;
#1882 = EDGE_LOOP ( 'NONE', ( #2176, #2041, #1268, #1253 ) ) ;
#1883 = DIRECTION ( 'NONE',  ( 0.000000000000000000, 1.000000000000000000, 0.000000000000000000 ) ) ;
#1884 = VERTEX_POINT ( 'NONE', #724 ) ;
#1885 = ORIENTED_EDGE ( 'NONE', *, *, #2573, .T. ) ;
#1886 = CYLINDRICAL_SURFACE ( 'NONE', #1874, 2.000000000153084212 ) ;
#1887 = CARTESIAN_POINT ( 'NONE',  ( 13.21743956563837230, 1.899999999999999911, -7.709394476393447881 ) ) ;
#1888 = DIRECTION ( 'NONE',  ( 0.000000000000000000, 0.000000000000000000, 1.000000000000000000 ) ) ;
#1889 = DIRECTION ( 'NONE',  ( 0.000000000000000000, 1.000000000000000000, 0.000000000000000000 ) ) ;
#1890 = VERTEX_POINT ( 'NONE', #1287 ) ;
#1891 = DIRECTION ( 'NONE',  ( 0.1557134825404423439, 0.5773502691896232886, 0.8015110592011797097 ) ) ;
#1892 = AXIS2_PLACEMENT_3D ( 'NONE', #1902, #1286, #1723 ) ;
#1893 = AXIS2_PLACEMENT_3D ( 'NONE', #483, #2079, #1082 ) ;
#1894 = ADVANCED_FACE ( 'NONE', ( #2513 ), #1088, .F. ) ;
#1895 = CARTESIAN_POINT ( 'NONE',  ( 0.000000000000000000, 1.899999999999999911, -22.50000000000000000 ) ) ;
#1896 = ORIENTED_EDGE ( 'NONE', *, *, #2395, .F. ) ;
#1897 = LINE ( 'NONE', #704, #1262 ) ;
#1898 = ORIENTED_EDGE ( 'NONE', *, *, #859, .F. ) ;
#1899 = EDGE_CURVE ( 'NONE', #1731, #1605, #336, .T. ) ;
#1900 = VERTEX_POINT ( 'NONE', #526 ) ;
#1901 = DIRECTION ( 'NONE',  ( -0.1988481484908787567, 0.000000000000000000, 0.9800303127157594663 ) ) ;
#1902 = CARTESIAN_POINT ( 'NONE',  ( 0.000000000000000000, 1.899999999999999911, 0.000000000000000000 ) ) ;
#1903 = DIRECTION ( 'NONE',  ( 0.9816465591202832019, -0.000000000000000000, -0.1907092891479283681 ) ) ;
#1904 = DIRECTION ( 'NONE',  ( 8.659560562354863833E-17, 0.7071067811865531239, -0.7071067811865419106 ) ) ;
#1905 = EDGE_LOOP ( 'NONE', ( #719, #2533 ) ) ;
#1906 = EDGE_CURVE ( 'NONE', #136, #1576, #1930, .T. ) ;
#1907 = FACE_BOUND ( 'NONE', #1350, .T. ) ;
#1908 = DIRECTION ( 'NONE',  ( -0.000000000000000000, -1.000000000000000000, -0.000000000000000000 ) ) ;
#1909 = AXIS2_PLACEMENT_3D ( 'NONE', #1764, #2575, #1147 ) ;
#1910 = CARTESIAN_POINT ( 'NONE',  ( -3.933751189325520592, 1.899999999999999911, 0.2233686384882676568 ) ) ;
#1911 = ORIENTED_EDGE ( 'NONE', *, *, #883, .F. ) ;
#1912 = CARTESIAN_POINT ( 'NONE',  ( 16.19939555383420782, -2.100000000000000089, -0.3126532750625798940 ) ) ;
#1913 = ORIENTED_EDGE ( 'NONE', *, *, #2050, .F. ) ;
#1914 = ORIENTED_EDGE ( 'NONE', *, *, #429, .T. ) ;
#1915 = CIRCLE ( 'NONE', #698, 2.199999999999998845 ) ;
#1916 = FACE_BOUND ( 'NONE', #900, .T. ) ;
#1917 = CARTESIAN_POINT ( 'NONE',  ( 1.761202414378695291, 1.899999999999999911, -14.85114708580925402 ) ) ;
#1918 = DIRECTION ( 'NONE',  ( 0.000000000000000000, 0.000000000000000000, 1.000000000000000000 ) ) ;
#1919 = ORIENTED_EDGE ( 'NONE', *, *, #2167, .F. ) ;
#1920 = DIRECTION ( 'NONE',  ( -0.8486101593525688935, 0.000000000000000000, -0.5290187118085784013 ) ) ;
#1921 = DIRECTION ( 'NONE',  ( -0.3954686349861762928, -0.7071067811865462405, 0.5861779241341084079 ) ) ;
#1922 = ORIENTED_EDGE ( 'NONE', *, *, #1696, .F. ) ;
#1923 = DIRECTION ( 'NONE',  ( 0.000000000000000000, 0.000000000000000000, -1.000000000000000000 ) ) ;
#1924 = ORIENTED_EDGE ( 'NONE', *, *, #1359, .F. ) ;
#1925 = CARTESIAN_POINT ( 'NONE',  ( -5.762032100735225981, -2.100000000000000089, -16.39321755289658711 ) ) ;
#1926 = ORIENTED_EDGE ( 'NONE', *, *, #1271, .F. ) ;
#1927 = EDGE_CURVE ( 'NONE', #2091, #2306, #1341, .T. ) ;
#1928 = EDGE_CURVE ( 'NONE', #870, #1844, #2343, .T. ) ;
#1929 = CARTESIAN_POINT ( 'NONE',  ( 16.19939555383420782, -0.1000000000000000472, -0.3126532750625798940 ) ) ;
#1930 = LINE ( 'NONE', #2131, #1394 ) ;
#1931 = CIRCLE ( 'NONE', #1045, 2.000000000000001776 ) ;
#1932 = EDGE_CURVE ( 'NONE', #226, #41, #2314, .T. ) ;
#1933 = ADVANCED_FACE ( 'NONE', ( #699 ), #513, .T. ) ;
#1934 = ORIENTED_EDGE ( 'NONE', *, *, #49, .F. ) ;
#1935 = EDGE_LOOP ( 'NONE', ( #1951, #1392, #1512, #2596 ) ) ;
#1936 = FACE_OUTER_BOUND ( 'NONE', #772, .T. ) ;
#1937 = DIRECTION ( 'NONE',  ( 0.000000000000000000, -0.000000000000000000, -1.000000000000000000 ) ) ;
#1938 = LINE ( 'NONE', #1550, #2519 ) ;
#1939 = VERTEX_POINT ( 'NONE', #2486 ) ;
#1940 = DIRECTION ( 'NONE',  ( 1.000000000000000000, 0.000000000000000000, 0.000000000000000000 ) ) ;
#1941 = AXIS2_PLACEMENT_3D ( 'NONE', #135, #344, #1526 ) ;
#1942 = DIRECTION ( 'NONE',  ( -0.000000000000000000, 1.000000000000000000, -0.000000000000000000 ) ) ;
#1943 = ORIENTED_EDGE ( 'NONE', *, *, #174, .F. ) ;
#1944 = AXIS2_PLACEMENT_3D ( 'NONE', #2186, #389, #366 ) ;
#1945 =( GEOMETRIC_REPRESENTATION_CONTEXT ( 3 ) GLOBAL_UNCERTAINTY_ASSIGNED_CONTEXT ( ( #2534 ) ) GLOBAL_UNIT_ASSIGNED_CONTEXT ( ( #920, #517, #101 ) ) REPRESENTATION_CONTEXT ( 'NONE', 'WORKASPACE' ) );
#1946 = ORIENTED_EDGE ( 'NONE', *, *, #1415, .F. ) ;
#1947 = CARTESIAN_POINT ( 'NONE',  ( 0.000000000000000000, 1.899999999999999911, 0.000000000000000000 ) ) ;
#1948 = DIRECTION ( 'NONE',  ( -0.000000000000000000, 1.000000000000000000, -0.000000000000000000 ) ) ;
#1949 = ADVANCED_FACE ( 'NONE', ( #684 ), #1299, .T. ) ;
#1950 = AXIS2_PLACEMENT_3D ( 'NONE', #1591, #2389, #588 ) ;
#1951 = ORIENTED_EDGE ( 'NONE', *, *, #2231, .F. ) ;
#1952 = VERTEX_POINT ( 'NONE', #892 ) ;
#1953 = CARTESIAN_POINT ( 'NONE',  ( 16.19939555383420782, -2.100000000000000089, -2.262653275137749276 ) ) ;
#1954 = DIRECTION ( 'NONE',  ( -0.5844795974331732369, 0.8114084052956043180, 0.000000000000000000 ) ) ;
#1955 = DIRECTION ( 'NONE',  ( 0.000000000000000000, -1.000000000000000000, 0.000000000000000000 ) ) ;
#1956 = ORIENTED_EDGE ( 'NONE', *, *, #296, .F. ) ;
#1957 = DIRECTION ( 'NONE',  ( -0.5592771070906242814, 0.000000000000000000, 0.8289807702741616158 ) ) ;
#1958 = ORIENTED_EDGE ( 'NONE', *, *, #2084, .T. ) ;
#1959 = AXIS2_PLACEMENT_3D ( 'NONE', #1667, #59, #2471 ) ;
#1961 = EDGE_CURVE ( 'NONE', #2268, #8, #1699, .T. ) ;
#1960 = FACE_OUTER_BOUND ( 'NONE', #622, .T. ) ;
#1962 = CARTESIAN_POINT ( 'NONE',  ( 2.755455298081543989E-15, 0.000000000000000000, 22.50000000000000000 ) ) ;
#1963 = ORIENTED_EDGE ( 'NONE', *, *, #614, .F. ) ;
#1964 = AXIS2_PLACEMENT_3D ( 'NONE', #672, #2294, #1866 ) ;
#1965 = CARTESIAN_POINT ( 'NONE',  ( 16.19939555383420782, -1.550000000000000266, -2.812653275137756204 ) ) ;
#1966 = LINE ( 'NONE', #173, #441 ) ;
#1967 = EDGE_CURVE ( 'NONE', #1294, #1430, #1202, .T. ) ;
#1968 = CARTESIAN_POINT ( 'NONE',  ( 16.19939555383420782, -2.100000000000000089, -1.562653275137755093 ) ) ;
#1969 = VERTEX_POINT ( 'NONE', #2009 ) ;
#1970 = LINE ( 'NONE', #2193, #2034 ) ;
#1971 = FACE_OUTER_BOUND ( 'NONE', #2505, .T. ) ;
#1972 = VERTEX_POINT ( 'NONE', #169 ) ;
#1973 = EDGE_CURVE ( 'NONE', #2263, #919, #997, .T. ) ;
#1974 = CARTESIAN_POINT ( 'NONE',  ( -16.19939280283766436, 1.899999999999999911, 2.312657063261447821 ) ) ;
#1975 = CARTESIAN_POINT ( 'NONE',  ( 4.832344344097932343, 1.899999999999999911, -7.751666268801591819 ) ) ;
#1976 = ORIENTED_EDGE ( 'NONE', *, *, #643, .F. ) ;
#1977 = CIRCLE ( 'NONE', #2188, 3.200000000000001510 ) ;
#1978 = CARTESIAN_POINT ( 'NONE',  ( 0.5973612483998226308, 0.000000000000000000, -12.98420473523360918 ) ) ;
#1979 = PLANE ( 'NONE',  #1950 ) ;
#1980 = CARTESIAN_POINT ( 'NONE',  ( 4.832344344097930566, 0.000000000000000000, -7.751666268801590931 ) ) ;
#1981 = ORIENTED_EDGE ( 'NONE', *, *, #1493, .T. ) ;
#1982 = DIRECTION ( 'NONE',  ( 0.000000000000000000, 1.000000000000000000, 0.000000000000000000 ) ) ;
#1983 = DIRECTION ( 'NONE',  ( 0.000000000000000000, 1.000000000000000000, 0.000000000000000000 ) ) ;
#1984 = EDGE_CURVE ( 'NONE', #662, #578, #570, .T. ) ;
#1985 = EDGE_CURVE ( 'NONE', #282, #1733, #2175, .T. ) ;
#1986 = ORIENTED_EDGE ( 'NONE', *, *, #192, .F. ) ;
#1987 = CIRCLE ( 'NONE', #1352, 1.249999999940966777 ) ;
#1988 = CARTESIAN_POINT ( 'NONE',  ( -16.19939280283944072, -1.550000000000001821, -2.187342936471798449 ) ) ;
#1989 = DIRECTION ( 'NONE',  ( -0.5592771070906240594, 0.000000000000000000, 0.8289807702741617268 ) ) ;
#1990 = AXIS2_PLACEMENT_3D ( 'NONE', #1562, #1136, #1519 ) ;
#1991 = DIRECTION ( 'NONE',  ( 0.1557134825404437317, -0.5773502691896241767, 0.8015110592011788215 ) ) ;
#1992 = CYLINDRICAL_SURFACE ( 'NONE', #2112, 19.29999999999999716 ) ;
#1993 = EDGE_CURVE ( 'NONE', #48, #2106, #680, .T. ) ;
#1994 = DIRECTION ( 'NONE',  ( -0.000000000000000000, 1.000000000000000000, -0.000000000000000000 ) ) ;
#1995 = VERTEX_POINT ( 'NONE', #2603 ) ;
#1996 = FACE_OUTER_BOUND ( 'NONE', #1120, .T. ) ;
#1997 = ORIENTED_EDGE ( 'NONE', *, *, #1860, .T. ) ;
#1998 = CARTESIAN_POINT ( 'NONE',  ( 5.762036646588697408, -2.100000000000000089, 15.14322065821449570 ) ) ;
#1999 = DIRECTION ( 'NONE',  ( 0.000000000000000000, 1.000000000000000000, 0.000000000000000000 ) ) ;
#2000 = VECTOR ( 'NONE', #2308, 1000.000000000000000 ) ;
#2001 = CARTESIAN_POINT ( 'NONE',  ( -3.239622250643128698, -2.100000000000000089, 0.08851680689650086309 ) ) ;
#2002 = CARTESIAN_POINT ( 'NONE',  ( 3.622925294412863817, 1.899999999999999911, 0.7464621797884622989 ) ) ;
#2003 = AXIS2_PLACEMENT_3D ( 'NONE', #2285, #2070, #2301 ) ;
#2004 = CARTESIAN_POINT ( 'NONE',  ( 3.073583077684011400, -2.100000000000000089, -0.2273053124392421520 ) ) ;
#2005 = ORIENTED_EDGE ( 'NONE', *, *, #1040, .F. ) ;
#2006 = DIRECTION ( 'NONE',  ( 0.000000000000000000, 1.000000000000000000, 0.000000000000000000 ) ) ;
#2007 = ORIENTED_EDGE ( 'NONE', *, *, #1927, .F. ) ;
#2008 = LINE ( 'NONE', #447, #1730 ) ;
#2009 = CARTESIAN_POINT ( 'NONE',  ( -5.762032100735225981, -1.000000000000000000, -12.09321755259042774 ) ) ;
#2010 = ADVANCED_FACE ( 'NONE', ( #804 ), #1440, .T. ) ;
#2011 = CYLINDRICAL_SURFACE ( 'NONE', #1782, 22.50000000000000000 ) ;
#2012 = EDGE_CURVE ( 'NONE', #591, #72, #306, .T. ) ;
#2013 = CARTESIAN_POINT ( 'NONE',  ( -2.026933408470390940, -1.000000000000000000, 22.40851492085225161 ) ) ;
#2014 = VERTEX_POINT ( 'NONE', #793 ) ;
#2015 = VECTOR ( 'NONE', #2463, 1000.000000000000114 ) ;
#2016 = DIRECTION ( 'NONE',  ( -0.000000000000000000, 1.000000000000000000, -0.000000000000000000 ) ) ;
#2017 = EDGE_LOOP ( 'NONE', ( #516, #832, #1342, #2282, #2559 ) ) ;
#2018 = CARTESIAN_POINT ( 'NONE',  ( -3.654112635780209395, -0.5000000000000002220, -0.1911217466488111250 ) ) ;
#2019 = EDGE_CURVE ( 'NONE', #1694, #919, #1399, .T. ) ;
#2020 = VERTEX_POINT ( 'NONE', #782 ) ;
#2021 = CARTESIAN_POINT ( 'NONE',  ( -16.19939280283944072, -0.1000000000000000472, 1.562657063410135105 ) ) ;
#2022 = AXIS2_PLACEMENT_3D ( 'NONE', #2313, #499, #891 ) ;
#2023 = CIRCLE ( 'NONE', #2056, 3.049999999837689657 ) ;
#2024 = EDGE_CURVE ( 'NONE', #1809, #556, #1574, .T. ) ;
#2025 = CARTESIAN_POINT ( 'NONE',  ( 3.622925294412863817, -1.000000000000000000, 0.7464621797884622989 ) ) ;
#2026 = AXIS2_PLACEMENT_3D ( 'NONE', #733, #1787, #563 ) ;
#2027 = CARTESIAN_POINT ( 'NONE',  ( 3.073583077684011400, -0.4999999999999996669, -0.2273053124392416802 ) ) ;
#2028 = VERTEX_POINT ( 'NONE', #2576 ) ;
#2029 = VECTOR ( 'NONE', #761, 1000.000000000000114 ) ;
#2030 = DIRECTION ( 'NONE',  ( 0.8287331204389951633, 0.000000000000000000, 0.5596440074613914240 ) ) ;
#2031 = ORIENTED_EDGE ( 'NONE', *, *, #1993, .T. ) ;
#2032 = DIRECTION ( 'NONE',  ( 0.000000000000000000, -1.000000000000000000, 0.000000000000000000 ) ) ;
#2033 = DIRECTION ( 'NONE',  ( 0.000000000000000000, -1.000000000000000000, 0.000000000000000000 ) ) ;
#2034 = VECTOR ( 'NONE', #1773, 1000.000000000000114 ) ;
#2035 = DIRECTION ( 'NONE',  ( -0.000000000000000000, 1.000000000000000000, -0.000000000000000000 ) ) ;
#2036 = DIRECTION ( 'NONE',  ( -0.000000000000000000, 1.000000000000000000, -0.000000000000000000 ) ) ;
#2037 = ORIENTED_EDGE ( 'NONE', *, *, #2515, .T. ) ;
#2038 = ADVANCED_FACE ( 'NONE', ( #986 ), #2386, .T. ) ;
#2039 = CARTESIAN_POINT ( 'NONE',  ( -11.43956989573805849, -0.000000000000000000, 16.93996599584606955 ) ) ;
#2040 = ADVANCED_FACE ( 'NONE', ( #182, #1386 ), #2200, .T. ) ;
#2041 = ORIENTED_EDGE ( 'NONE', *, *, #2434, .T. ) ;
#2042 = DIRECTION ( 'NONE',  ( -0.5861779241341058544, -0.7071067811865492381, -0.3954686349861743500 ) ) ;
#2043 = DIRECTION ( 'NONE',  ( -0.000000000000000000, 1.000000000000000000, -0.000000000000000000 ) ) ;
#2044 = CARTESIAN_POINT ( 'NONE',  ( 0.5973612483998226308, -1.000000000000000000, -12.98420473523360918 ) ) ;
#2045 = FACE_OUTER_BOUND ( 'NONE', #2262, .T. ) ;
#2046 = AXIS2_PLACEMENT_3D ( 'NONE', #688, #897, #1703 ) ;
#2047 = EDGE_LOOP ( 'NONE', ( #1048, #1354, #333, #810 ) ) ;
#2048 = ORIENTED_EDGE ( 'NONE', *, *, #2383, .T. ) ;
#2049 = PLANE ( 'NONE',  #2046 ) ;
#2050 = EDGE_CURVE ( 'NONE', #1969, #544, #1780, .T. ) ;
#2051 = CIRCLE ( 'NONE', #1256, 2.000000000075176754 ) ;
#2052 = ORIENTED_EDGE ( 'NONE', *, *, #2208, .F. ) ;
#2053 = LINE ( 'NONE', #2018, #2194 ) ;
#2054 = FACE_OUTER_BOUND ( 'NONE', #120, .T. ) ;
#2055 = AXIS2_PLACEMENT_3D ( 'NONE', #437, #32, #1445 ) ;
#2056 = AXIS2_PLACEMENT_3D ( 'NONE', #778, #1875, #1554 ) ;
#2057 = CARTESIAN_POINT ( 'NONE',  ( -16.19939280283944072, -2.100000000000000089, -1.637342936471802846 ) ) ;
#2058 = FACE_OUTER_BOUND ( 'NONE', #935, .T. ) ;
#2059 = CIRCLE ( 'NONE', #2197, 1.250000000168925096 ) ;
#2060 = EDGE_LOOP ( 'NONE', ( #692, #1325, #949, #1943 ) ) ;
#2061 = ORIENTED_EDGE ( 'NONE', *, *, #454, .T. ) ;
#2062 = STYLED_ITEM ( 'NONE', ( #1548 ), #1452 ) ;
#2063 = EDGE_CURVE ( 'NONE', #879, #1581, #1609, .T. ) ;
#2064 = CARTESIAN_POINT ( 'NONE',  ( 1.761202414378695291, -1.100000000000000089, -14.85114708580925402 ) ) ;
#2065 = ORIENTED_EDGE ( 'NONE', *, *, #2599, .F. ) ;
#2066 = DIRECTION ( 'NONE',  ( -0.000000000000000000, 1.000000000000000000, -0.000000000000000000 ) ) ;
#2067 = EDGE_LOOP ( 'NONE', ( #2508, #1628 ) ) ;
#2068 = AXIS2_PLACEMENT_3D ( 'NONE', #908, #1715, #2580 ) ;
#2069 = ORIENTED_EDGE ( 'NONE', *, *, #319, .F. ) ;
#2070 = DIRECTION ( 'NONE',  ( 0.000000000000000000, 1.000000000000000000, 0.000000000000000000 ) ) ;
#2071 = DIRECTION ( 'NONE',  ( 0.000000000000000000, 1.000000000000000000, 0.000000000000000000 ) ) ;
#2072 = DIRECTION ( 'NONE',  ( 0.000000000000000000, 0.000000000000000000, 1.000000000000000000 ) ) ;
#2073 = CYLINDRICAL_SURFACE ( 'NONE', #35, 2.000000000075176754 ) ;
#2074 = EDGE_CURVE ( 'NONE', #1360, #1576, #1805, .T. ) ;
#2075 = ORIENTED_EDGE ( 'NONE', *, *, #1608, .F. ) ;
#2076 = CIRCLE ( 'NONE', #951, 1.999999999999999556 ) ;
#2077 = CARTESIAN_POINT ( 'NONE',  ( 10.36073852187205091, 0.000000000000000000, -3.126899615889576545 ) ) ;
#2078 = ORIENTED_EDGE ( 'NONE', *, *, #1011, .F. ) ;
#2079 = DIRECTION ( 'NONE',  ( 1.000000000000000000, -0.000000000000000000, 1.224646799147353207E-16 ) ) ;
#2080 = ORIENTED_EDGE ( 'NONE', *, *, #1555, .F. ) ;
#2081 = EDGE_LOOP ( 'NONE', ( #2052, #508, #2473, #1343 ) ) ;
#2082 = FACE_BOUND ( 'NONE', #815, .T. ) ;
#2083 = PLANE ( 'NONE',  #1685 ) ;
#2084 = EDGE_CURVE ( 'NONE', #244, #2297, #2412, .T. ) ;
#2085 = CARTESIAN_POINT ( 'NONE',  ( -3.519260804188439895, 1.899999999999999911, 0.5030071920335797975 ) ) ;
#2086 = DIRECTION ( 'NONE',  ( 0.000000000000000000, 1.000000000000000000, 0.000000000000000000 ) ) ;
#2087 = ORIENTED_EDGE ( 'NONE', *, *, #2491, .F. ) ;
#2088 = CARTESIAN_POINT ( 'NONE',  ( -0.6801246071656942283, 1.899999999999999911, -3.500836185694965685 ) ) ;
#2089 = ADVANCED_FACE ( 'NONE', ( #2563 ), #1412, .T. ) ;
#2090 = CARTESIAN_POINT ( 'NONE',  ( -5.762032100735225981, -2.100000000000000089, -13.19321755259041851 ) ) ;
#2091 = VERTEX_POINT ( 'NONE', #1162 ) ;
#2092 = DIRECTION ( 'NONE',  ( 0.000000000000000000, 0.000000000000000000, -1.000000000000000000 ) ) ;
#2093 = VERTEX_POINT ( 'NONE', #1962 ) ;
#2094 = EDGE_LOOP ( 'NONE', ( #353, #2116, #1278, #1885 ) ) ;
#2095 = CARTESIAN_POINT ( 'NONE',  ( 12.05359839965949931, -1.100000000000000089, -5.842452125817800379 ) ) ;
#2096 = AXIS2_PLACEMENT_3D ( 'NONE', #57, #241, #250 ) ;
#2098 = EDGE_CURVE ( 'NONE', #616, #1827, #1828, .T. ) ;
#2097 = LINE ( 'NONE', #488, #94 ) ;
#2099 = LINE ( 'NONE', #1328, #1679 ) ;
#2100 = CARTESIAN_POINT ( 'NONE',  ( 5.762036646588697408, -0.1000000000000000472, 13.89322065837679965 ) ) ;
#2101 = ORIENTED_EDGE ( 'NONE', *, *, #219, .T. ) ;
#2102 = DIRECTION ( 'NONE',  ( 0.000000000000000000, 0.000000000000000000, 1.000000000000000000 ) ) ;
#2103 = VECTOR ( 'NONE', #315, 1000.000000000000000 ) ;
#2104 = LINE ( 'NONE', #1108, #606 ) ;
#2105 = CARTESIAN_POINT ( 'NONE',  ( 0.9524454127581892804, -0.5000000000000002220, 2.916721705714426793 ) ) ;
#2106 = VERTEX_POINT ( 'NONE', #860 ) ;
#2107 = DIRECTION ( 'NONE',  ( -0.5844795974331730148, -0.8114084052956045401, 0.000000000000000000 ) ) ;
#2108 = ORIENTED_EDGE ( 'NONE', *, *, #2599, .T. ) ;
#2109 = CONICAL_SURFACE ( 'NONE', #265, 1.949999999940971174, 0.7853981633974482790 ) ;
#2110 = ORIENTED_EDGE ( 'NONE', *, *, #1906, .T. ) ;
#2111 = AXIS2_PLACEMENT_3D ( 'NONE', #2195, #1409, #843 ) ;
#2112 = AXIS2_PLACEMENT_3D ( 'NONE', #1807, #1611, #1026 ) ;
#2113 = FACE_OUTER_BOUND ( 'NONE', #482, .T. ) ;
#2114 = DIRECTION ( 'NONE',  ( -0.000000000000000000, -1.000000000000000000, -0.000000000000000000 ) ) ;
#2115 = LINE ( 'NONE', #1712, #1659 ) ;
#2116 = ORIENTED_EDGE ( 'NONE', *, *, #679, .F. ) ;
#2117 = DIRECTION ( 'NONE',  ( 0.000000000000000000, -1.000000000000000000, 0.000000000000000000 ) ) ;
#2118 = CARTESIAN_POINT ( 'NONE',  ( -11.43956989573805849, -1.000000000000000000, 16.93996599584606955 ) ) ;
#2119 = CIRCLE ( 'NONE', #784, 3.200000000000001510 ) ;
#2120 = CIRCLE ( 'NONE', #1849, 2.000000000000002220 ) ;
#2121 = DIRECTION ( 'NONE',  ( 0.000000000000000000, 0.000000000000000000, 1.000000000000000000 ) ) ;
#2122 = ORIENTED_EDGE ( 'NONE', *, *, #1758, .F. ) ;
#2123 = CARTESIAN_POINT ( 'NONE',  ( 12.05359839965949931, 1.899999999999999911, -5.842452125817800379 ) ) ;
#2124 = ORIENTED_EDGE ( 'NONE', *, *, #1599, .F. ) ;
#2125 = ADVANCED_FACE ( 'NONE', ( #2442 ), #1457, .F. ) ;
#2126 = FACE_BOUND ( 'NONE', #717, .T. ) ;
#2127 = EDGE_CURVE ( 'NONE', #1809, #244, #560, .T. ) ;
#2128 = EDGE_LOOP ( 'NONE', ( #1131, #671 ) ) ;
#2129 = EDGE_CURVE ( 'NONE', #33, #538, #1688, .T. ) ;
#2130 = LINE ( 'NONE', #1709, #2601 ) ;
#2131 = CARTESIAN_POINT ( 'NONE',  ( 0.6481032833316738850, 1.899999999999999911, 3.336011375636794174 ) ) ;
#2132 = VERTEX_POINT ( 'NONE', #1235 ) ;
#2133 = ORIENTED_EDGE ( 'NONE', *, *, #1130, .F. ) ;
#2134 = PRODUCT_DEFINITION_CONTEXT ( 'detailed design', #1643, 'design' ) ;
#2135 = AXIS2_PLACEMENT_3D ( 'NONE', #1592, #1404, #2205 ) ;
#2136 = LINE ( 'NONE', #561, #2000 ) ;
#2137 = CARTESIAN_POINT ( 'NONE',  ( 16.19939555383420782, -2.100000000000000089, -0.3126532750625798940 ) ) ;
#2138 = ORIENTED_EDGE ( 'NONE', *, *, #2447, .F. ) ;
#2139 = CARTESIAN_POINT ( 'NONE',  ( -16.19939280283944072, -1.000000000000000000, 0.3126570634691683281 ) ) ;
#2140 = PLANE ( 'NONE',  #2272 ) ;
#2141 = ORIENTED_EDGE ( 'NONE', *, *, #2074, .T. ) ;
#2142 = ADVANCED_FACE ( 'NONE', ( #227 ), #262, .F. ) ;
#2143 = ORIENTED_EDGE ( 'NONE', *, *, #137, .T. ) ;
#2144 = FACE_OUTER_BOUND ( 'NONE', #1561, .T. ) ;
#2145 = DIRECTION ( 'NONE',  ( 0.000000000000000000, 0.000000000000000000, -1.000000000000000000 ) ) ;
#2146 = VECTOR ( 'NONE', #350, 999.9999999999998863 ) ;
#2147 = VERTEX_POINT ( 'NONE', #2021 ) ;
#2148 = ORIENTED_EDGE ( 'NONE', *, *, #1002, .F. ) ;
#2149 = DIRECTION ( 'NONE',  ( 0.000000000000000000, 0.000000000000000000, -1.000000000000000000 ) ) ;
#2150 = CARTESIAN_POINT ( 'NONE',  ( -3.374474082234898198, -0.5000000000000015543, -0.6056121317858911279 ) ) ;
#2151 = DIRECTION ( 'NONE',  ( 0.000000000000000000, 1.000000000000000000, 0.000000000000000000 ) ) ;
#2152 = ORIENTED_EDGE ( 'NONE', *, *, #2605, .T. ) ;
#2153 = CYLINDRICAL_SURFACE ( 'NONE', #410, 1.999999999940966111 ) ;
#2154 = AXIS2_PLACEMENT_3D ( 'NONE', #1665, #849, #2469 ) ;
#2155 = DIRECTION ( 'NONE',  ( 0.000000000000000000, 0.8114084052956019866, 0.5844795974331764565 ) ) ;
#2156 = EDGE_LOOP ( 'NONE', ( #2523, #2366, #100, #1307 ) ) ;
#2157 = EDGE_CURVE ( 'NONE', #308, #203, #1229, .T. ) ;
#2158 = AXIS2_PLACEMENT_3D ( 'NONE', #948, #377, #2162 ) ;
#2159 = VECTOR ( 'NONE', #714, 1000.000000000000000 ) ;
#2160 = CIRCLE ( 'NONE', #2492, 3.049999999837689657 ) ;
#2161 = CARTESIAN_POINT ( 'NONE',  ( 5.762036646588697408, 1.899999999999999911, 13.14322065829920483 ) ) ;
#2162 = DIRECTION ( 'NONE',  ( 0.000000000000000000, 0.000000000000000000, -1.000000000000000000 ) ) ;
#2163 = AXIS2_PLACEMENT_3D ( 'NONE', #1389, #2318, #1756 ) ;
#2164 = VERTEX_POINT ( 'NONE', #1010 ) ;
#2165 = ORIENTED_EDGE ( 'NONE', *, *, #2496, .F. ) ;
#2166 = LINE ( 'NONE', #819, #1312 ) ;
#2167 = EDGE_CURVE ( 'NONE', #1219, #591, #425, .T. ) ;
#2168 = CARTESIAN_POINT ( 'NONE',  ( 5.762036646588697408, -2.100000000000000089, 15.14322065821449570 ) ) ;
#2169 = PLANE ( 'NONE',  #562 ) ;
#2170 = ORIENTED_EDGE ( 'NONE', *, *, #1846, .T. ) ;
#2171 = LINE ( 'NONE', #2338, #1438 ) ;
#2172 = ORIENTED_EDGE ( 'NONE', *, *, #97, .F. ) ;
#2173 = VECTOR ( 'NONE', #1726, 1000.000000000000114 ) ;
#2174 = LINE ( 'NONE', #593, #2538 ) ;
#2175 = LINE ( 'NONE', #2396, #2488 ) ;
#2176 = ORIENTED_EDGE ( 'NONE', *, *, #729, .F. ) ;
#2177 = DIRECTION ( 'NONE',  ( 0.000000000000000000, 0.000000000000000000, 1.000000000000000000 ) ) ;
#2178 = CARTESIAN_POINT ( 'NONE',  ( -16.19939280283944072, -0.1000000000000000472, -1.687342936471797783 ) ) ;
#2179 = CARTESIAN_POINT ( 'NONE',  ( 6.439293542825907934E-12, -1.000000000000000000, 1.021405182655144017E-11 ) ) ;
#2180 = EDGE_CURVE ( 'NONE', #529, #2339, #1813, .T. ) ;
#2181 = EDGE_LOOP ( 'NONE', ( #651, #1763, #2332, #1566 ) ) ;
#2182 = CARTESIAN_POINT ( 'NONE',  ( -3.239622250643128698, 1.399999999999999245, 0.08851680689650086309 ) ) ;
#2183 = CARTESIAN_POINT ( 'NONE',  ( -5.762032100735225981, -0.1000000000000000472, -15.14321755274350423 ) ) ;
#2184 = ORIENTED_EDGE ( 'NONE', *, *, #426, .T. ) ;
#2185 = CARTESIAN_POINT ( 'NONE',  ( -5.762032100735225981, -2.100000000000000089, -13.19321755259041851 ) ) ;
#2186 = CARTESIAN_POINT ( 'NONE',  ( -5.762032100735225981, -1.000000000000000000, -15.14321755274350423 ) ) ;
#2187 = ADVANCED_FACE ( 'NONE', ( #1034, #1222 ), #1023, .T. ) ;
#2188 = AXIS2_PLACEMENT_3D ( 'NONE', #1724, #110, #2145 ) ;
#2189 = DIRECTION ( 'NONE',  ( -0.000000000000000000, 1.000000000000000000, -0.000000000000000000 ) ) ;
#2190 = DIRECTION ( 'NONE',  ( 0.8287331204389952743, 0.000000000000000000, 0.5596440074613913129 ) ) ;
#2191 = DIRECTION ( 'NONE',  ( -0.000000000000000000, 1.000000000000000000, -0.000000000000000000 ) ) ;
#2192 = ORIENTED_EDGE ( 'NONE', *, *, #1198, .F. ) ;
#2193 = CARTESIAN_POINT ( 'NONE',  ( 3.208434909275782232, 1.400000000000001910, 0.4668236262431499362 ) ) ;
#2194 = VECTOR ( 'NONE', #1245, 1000.000000000000114 ) ;
#2195 = CARTESIAN_POINT ( 'NONE',  ( 6.439293542825907934E-12, -1.000000000000000000, 1.021405182655144017E-11 ) ) ;
#2196 = VERTEX_POINT ( 'NONE', #1058 ) ;
#2197 = AXIS2_PLACEMENT_3D ( 'NONE', #2571, #927, #166 ) ;
#2198 = FACE_BOUND ( 'NONE', #1484, .T. ) ;
#2199 = CIRCLE ( 'NONE', #1054, 1.249999999940967665 ) ;
#2200 = PLANE ( 'NONE',  #1148 ) ;
#2201 = VECTOR ( 'NONE', #235, 1000.000000000000114 ) ;
#2202 = PLANE ( 'NONE',  #1269 ) ;
#2203 = AXIS2_PLACEMENT_3D ( 'NONE', #1003, #2376, #186 ) ;
#2204 = DIRECTION ( 'NONE',  ( 0.000000000000000000, -1.000000000000000000, 0.000000000000000000 ) ) ;
#2205 = DIRECTION ( 'NONE',  ( 0.000000000000000000, 0.000000000000000000, -1.000000000000000000 ) ) ;
#2206 = ORIENTED_EDGE ( 'NONE', *, *, #234, .T. ) ;
#2207 = DIRECTION ( 'NONE',  ( 0.8380338134254371463, 0.000000000000000000, -0.5456182984061472840 ) ) ;
#2208 = EDGE_CURVE ( 'NONE', #1775, #1430, #1838, .T. ) ;
#2209 = ADVANCED_FACE ( 'NONE', ( #2054 ), #1187, .T. ) ;
#2210 = ORIENTED_EDGE ( 'NONE', *, *, #1238, .F. ) ;
#2211 = DIRECTION ( 'NONE',  ( -0.000000000000000000, 1.000000000000000000, -0.000000000000000000 ) ) ;
#2212 = ADVANCED_FACE ( 'NONE', ( #216 ), #64, .F. ) ;
#2213 = DIRECTION ( 'NONE',  ( -0.000000000000000000, 1.000000000000000000, -0.000000000000000000 ) ) ;
#2214 = VECTOR ( 'NONE', #1057, 1000.000000000000114 ) ;
#2215 = AXIS2_PLACEMENT_3D ( 'NONE', #1036, #1475, #2459 ) ;
#2216 = FACE_OUTER_BOUND ( 'NONE', #268, .T. ) ;
#2217 = LINE ( 'NONE', #1224, #152 ) ;
#2218 = CIRCLE ( 'NONE', #2003, 20.99999999999999645 ) ;
#2219 = DIRECTION ( 'NONE',  ( 0.000000000000000000, -1.000000000000000000, 0.000000000000000000 ) ) ;
#2220 = EDGE_LOOP ( 'NONE', ( #2462, #1624 ) ) ;
#2221 = CYLINDRICAL_SURFACE ( 'NONE', #2448, 2.199999999999998845 ) ;
#2222 = ORIENTED_EDGE ( 'NONE', *, *, #1653, .F. ) ;
#2223 = EDGE_CURVE ( 'NONE', #1173, #1884, #1528, .T. ) ;
#2224 = DIRECTION ( 'NONE',  ( 0.000000000000000000, 1.000000000000000000, 0.000000000000000000 ) ) ;
#2225 = VERTEX_POINT ( 'NONE', #1641 ) ;
#2226 = DIRECTION ( 'NONE',  ( 0.000000000000000000, 0.000000000000000000, -1.000000000000000000 ) ) ;
#2227 = DIRECTION ( 'NONE',  ( 0.000000000000000000, 0.000000000000000000, 1.000000000000000000 ) ) ;
#2228 = DIRECTION ( 'NONE',  ( 0.000000000000000000, -1.000000000000000000, 0.000000000000000000 ) ) ;
#2229 = ORIENTED_EDGE ( 'NONE', *, *, #426, .F. ) ;
#2230 = DIRECTION ( 'NONE',  ( 0.000000000000000000, 1.000000000000000000, 0.000000000000000000 ) ) ;
#2231 = EDGE_CURVE ( 'NONE', #869, #1995, #354, .T. ) ;
#2232 = ORIENTED_EDGE ( 'NONE', *, *, #2127, .T. ) ;
#2233 = LINE ( 'NONE', #1812, #2532 ) ;
#2234 = DIRECTION ( 'NONE',  ( 0.9816465591202829799, 0.000000000000000000, -0.1907092891479300889 ) ) ;
#2235 = AXIS2_PLACEMENT_3D ( 'NONE', #277, #2071, #1072 ) ;
#2236 = AXIS2_PLACEMENT_3D ( 'NONE', #1373, #1753, #1765 ) ;
#2237 = EDGE_CURVE ( 'NONE', #800, #1112, #619, .T. ) ;
#2238 = FACE_OUTER_BOUND ( 'NONE', #1755, .T. ) ;
#2239 = CARTESIAN_POINT ( 'NONE',  ( 16.19939555383420782, -0.1000000000000000472, -0.3126532750625798940 ) ) ;
#2240 = EDGE_CURVE ( 'NONE', #1952, #2316, #1651, .T. ) ;
#2241 = ORIENTED_EDGE ( 'NONE', *, *, #385, .F. ) ;
#2242 = CIRCLE ( 'NONE', #1615, 19.29999999999999716 ) ;
#2243 = CARTESIAN_POINT ( 'NONE',  ( 0.5973612483998226308, -1.100000000000000089, -12.98420473523360918 ) ) ;
#2244 = VERTEX_POINT ( 'NONE', #765 ) ;
#2245 = DIRECTION ( 'NONE',  ( -0.000000000000000000, -1.000000000000000000, -0.000000000000000000 ) ) ;
#2246 = DIRECTION ( 'NONE',  ( 0.000000000000000000, 0.000000000000000000, -1.000000000000000000 ) ) ;
#2247 = CIRCLE ( 'NONE', #650, 1.949999999837713549 ) ;
#2248 = CARTESIAN_POINT ( 'NONE',  ( 3.208434909275782232, -0.5000000000000017764, 0.4668236262431499362 ) ) ;
#2249 = DIRECTION ( 'NONE',  ( 0.1907092891479332253, 0.000000000000000000, 0.9816465591202824248 ) ) ;
#2250 = CONICAL_SURFACE ( 'NONE', #69, 2.499999999940966777, 0.7853981633974412846 ) ;
#2251 = ADVANCED_FACE ( 'NONE', ( #1127 ), #2536, .T. ) ;
#2252 = EDGE_LOOP ( 'NONE', ( #1041, #658, #457, #1768, #566, #1510, #1477, #139 ) ) ;
#2253 = EDGE_CURVE ( 'NONE', #1112, #1063, #1686, .T. ) ;
#2254 = CARTESIAN_POINT ( 'NONE',  ( 12.05359839965949931, -1.000000000000000000, -2.642452125817799313 ) ) ;
#2255 = ORIENTED_EDGE ( 'NONE', *, *, #2260, .F. ) ;
#2256 = CARTESIAN_POINT ( 'NONE',  ( -17.31400611267287815, -1.000000000000000000, 12.97295545295834529 ) ) ;
#2257 = CIRCLE ( 'NONE', #1461, 1.949999999940971174 ) ;
#2258 = DIRECTION ( 'NONE',  ( 0.000000000000000000, -1.000000000000000000, 0.000000000000000000 ) ) ;
#2259 = DIRECTION ( 'NONE',  ( 0.000000000000000000, 0.000000000000000000, 1.000000000000000000 ) ) ;
#2260 = EDGE_CURVE ( 'NONE', #282, #1939, #2171, .T. ) ;
#2261 = DIRECTION ( 'NONE',  ( 0.000000000000000000, 1.000000000000000000, 0.000000000000000000 ) ) ;
#2262 = EDGE_LOOP ( 'NONE', ( #1495, #272, #331, #1143 ) ) ;
#2263 = VERTEX_POINT ( 'NONE', #2586 ) ;
#2264 = DIRECTION ( 'NONE',  ( 0.000000000000000000, 1.000000000000000000, 0.000000000000000000 ) ) ;
#2265 = ORIENTED_EDGE ( 'NONE', *, *, #1238, .T. ) ;
#2266 = CARTESIAN_POINT ( 'NONE',  ( 10.36073852187205091, -1.000000000000000000, -3.126899615889576545 ) ) ;
#2267 = CIRCLE ( 'NONE', #1138, 2.499999999940966777 ) ;
#2268 = VERTEX_POINT ( 'NONE', #1159 ) ;
#2269 = ORIENTED_EDGE ( 'NONE', *, *, #1608, .T. ) ;
#2270 = FACE_OUTER_BOUND ( 'NONE', #564, .T. ) ;
#2271 = DIRECTION ( 'NONE',  ( 0.5592771070906245034, 0.000000000000000000, -0.8289807702741616158 ) ) ;
#2272 = AXIS2_PLACEMENT_3D ( 'NONE', #1748, #1349, #2155 ) ;
#2273 = DIRECTION ( 'NONE',  ( 0.000000000000000000, 0.000000000000000000, 1.000000000000000000 ) ) ;
#2274 = FACE_OUTER_BOUND ( 'NONE', #412, .T. ) ;
#2275 = AXIS2_PLACEMENT_3D ( 'NONE', #828, #2258, #1632 ) ;
#2276 = ORIENTED_EDGE ( 'NONE', *, *, #108, .T. ) ;
#2277 = ORIENTED_EDGE ( 'NONE', *, *, #2240, .T. ) ;
#2278 = AXIS2_PLACEMENT_3D ( 'NONE', #1344, #1331, #2149 ) ;
#2279 = LINE ( 'NONE', #1687, #630 ) ;
#2280 = ORIENTED_EDGE ( 'NONE', *, *, #2231, .T. ) ;
#2281 = DIRECTION ( 'NONE',  ( 0.000000000000000000, 0.000000000000000000, -1.000000000000000000 ) ) ;
#2282 = ORIENTED_EDGE ( 'NONE', *, *, #1860, .F. ) ;
#2283 = AXIS2_PLACEMENT_3D ( 'NONE', #989, #1426, #3 ) ;
#2284 = ORIENTED_EDGE ( 'NONE', *, *, #667, .F. ) ;
#2285 = CARTESIAN_POINT ( 'NONE',  ( 0.000000000000000000, 1.899999999999999911, 0.000000000000000000 ) ) ;
#2286 = ADVANCED_FACE ( 'NONE', ( #1971 ), #374, .F. ) ;
#2287 = EDGE_CURVE ( 'NONE', #937, #1556, #2059, .T. ) ;
#2288 = CARTESIAN_POINT ( 'NONE',  ( 12.05359839965949931, 0.000000000000000000, -5.842452125817800379 ) ) ;
#2289 = ADVANCED_FACE ( 'NONE', ( #178 ), #2140, .T. ) ;
#2290 = VECTOR ( 'NONE', #189, 1000.000000000000000 ) ;
#2291 = CARTESIAN_POINT ( 'NONE',  ( 5.762036646588697408, -1.550000000000001821, 15.14322065821449570 ) ) ;
#2292 = DIRECTION ( 'NONE',  ( -0.1907092891479332253, 0.000000000000000000, -0.9816465591202824248 ) ) ;
#2293 = VERTEX_POINT ( 'NONE', #943 ) ;
#2294 = DIRECTION ( 'NONE',  ( 0.000000000000000000, 1.000000000000000000, 0.000000000000000000 ) ) ;
#2295 = ORIENTED_EDGE ( 'NONE', *, *, #2405, .T. ) ;
#2296 = DIRECTION ( 'NONE',  ( 0.000000000000000000, -1.000000000000000000, 0.000000000000000000 ) ) ;
#2297 = VERTEX_POINT ( 'NONE', #751 ) ;
#2298 = EDGE_CURVE ( 'NONE', #2164, #937, #736, .T. ) ;
#2299 = ORIENTED_EDGE ( 'NONE', *, *, #2335, .F. ) ;
#2300 = AXIS2_PLACEMENT_3D ( 'NONE', #465, #2264, #1279 ) ;
#2301 = DIRECTION ( 'NONE',  ( 0.000000000000000000, 0.000000000000000000, 1.000000000000000000 ) ) ;
#2302 = EDGE_CURVE ( 'NONE', #2525, #691, #2319, .T. ) ;
#2303 = DIRECTION ( 'NONE',  ( 0.000000000000000000, 0.000000000000000000, 1.000000000000000000 ) ) ;
#2304 = DIRECTION ( 'NONE',  ( 0.000000000000000000, 0.000000000000000000, 1.000000000000000000 ) ) ;
#2305 = FACE_OUTER_BOUND ( 'NONE', #705, .T. ) ;
#2306 = VERTEX_POINT ( 'NONE', #1567 ) ;
#2307 = DIRECTION ( 'NONE',  ( 0.000000000000000000, 1.000000000000000000, 0.000000000000000000 ) ) ;
#2308 = DIRECTION ( 'NONE',  ( -0.000000000000000000, 1.000000000000000000, 0.000000000000000000 ) ) ;
#2309 = CARTESIAN_POINT ( 'NONE',  ( 0.6728068592128780834, 1.899999999999999911, 3.331212090851506158 ) ) ;
#2310 = VERTEX_POINT ( 'NONE', #549 ) ;
#2311 = CARTESIAN_POINT ( 'NONE',  ( 6.439293542825907934E-12, -1.000000000000000000, 1.021405182655144017E-11 ) ) ;
#2312 = ORIENTED_EDGE ( 'NONE', *, *, #2455, .F. ) ;
#2313 = CARTESIAN_POINT ( 'NONE',  ( -5.762032100735225981, -0.1000000000000000472, -15.14321755274350423 ) ) ;
#2314 = LINE ( 'NONE', #2085, #1843 ) ;
#2315 = CARTESIAN_POINT ( 'NONE',  ( -16.19939280283766436, 1.899999999999999911, 0.3126570632614456002 ) ) ;
#2316 = VERTEX_POINT ( 'NONE', #1582 ) ;
#2317 = ADVANCED_FACE ( 'NONE', ( #565 ), #332, .F. ) ;
#2318 = DIRECTION ( 'NONE',  ( 0.000000000000000000, -1.000000000000000000, 0.000000000000000000 ) ) ;
#2319 = CIRCLE ( 'NONE', #396, 1.949999999940971174 ) ;
#2320 = FACE_OUTER_BOUND ( 'NONE', #1206, .T. ) ;
#2321 = EDGE_CURVE ( 'NONE', #151, #1556, #968, .T. ) ;
#2322 = CARTESIAN_POINT ( 'NONE',  ( -1.812613524399697473, 1.399999999999999245, -2.920658379665400872 ) ) ;
#2323 = ORIENTED_EDGE ( 'NONE', *, *, #2405, .F. ) ;
#2324 = DIRECTION ( 'NONE',  ( 0.5290187118085781792, 0.000000000000000000, -0.8486101593525691156 ) ) ;
#2325 = EDGE_LOOP ( 'NONE', ( #1689, #1019, #1062, #2461 ) ) ;
#2326 = PRESENTATION_LAYER_ASSIGNMENT (  '', '', ( #2062 ) ) ;
#2327 = CARTESIAN_POINT ( 'NONE',  ( 3.208434909275782232, 1.400000000000001910, 0.4668236262431499362 ) ) ;
#2328 = ORIENTED_EDGE ( 'NONE', *, *, #253, .T. ) ;
#2329 = FACE_OUTER_BOUND ( 'NONE', #79, .T. ) ;
#2330 = DIRECTION ( 'NONE',  ( -0.000000000000000000, 1.000000000000000000, -0.000000000000000000 ) ) ;
#2331 = LINE ( 'NONE', #2503, #2173 ) ;
#2332 = ORIENTED_EDGE ( 'NONE', *, *, #1024, .F. ) ;
#2333 = CARTESIAN_POINT ( 'NONE',  ( 7.896821616516575659, -1.000000000000000000, 12.12899851885768321 ) ) ;
#2334 = FACE_OUTER_BOUND ( 'NONE', #2340, .T. ) ;
#2335 = EDGE_CURVE ( 'NONE', #435, #78, #2023, .T. ) ;
#2336 = CARTESIAN_POINT ( 'NONE',  ( -1.532974970854386054, -0.4999999999999995559, -3.335148764802480681 ) ) ;
#2337 = ORIENTED_EDGE ( 'NONE', *, *, #1407, .F. ) ;
#2338 = CARTESIAN_POINT ( 'NONE',  ( 13.74645827744695303, -1.000000000000000000, -8.558004635746019773 ) ) ;
#2339 = VERTEX_POINT ( 'NONE', #2327 ) ;
#2340 = EDGE_LOOP ( 'NONE', ( #316, #2378 ) ) ;
#2341 = DIRECTION ( 'NONE',  ( 0.000000000000000000, -1.000000000000000000, 0.000000000000000000 ) ) ;
#2342 = AXIS2_PLACEMENT_3D ( 'NONE', #1698, #2341, #1513 ) ;
#2343 = LINE ( 'NONE', #1514, #2146 ) ;
#2344 = ORIENTED_EDGE ( 'NONE', *, *, #196, .T. ) ;
#2345 = ORIENTED_EDGE ( 'NONE', *, *, #43, .T. ) ;
#2346 = ADVANCED_FACE ( 'NONE', ( #2351 ), #2380, .T. ) ;
#2347 = DIRECTION ( 'NONE',  ( 0.000000000000000000, -1.000000000000000000, 0.000000000000000000 ) ) ;
#2348 = LINE ( 'NONE', #370, #1106 ) ;
#2349 = DIRECTION ( 'NONE',  ( 0.000000000000000000, 0.000000000000000000, -1.000000000000000000 ) ) ;
#2350 = EDGE_LOOP ( 'NONE', ( #2544, #2583, #1347, #1078 ) ) ;
#2351 = FACE_OUTER_BOUND ( 'NONE', #1469, .T. ) ;
#2352 = EDGE_LOOP ( 'NONE', ( #2403, #420, #1825, #928 ) ) ;
#2353 = EDGE_LOOP ( 'NONE', ( #2480, #842, #6, #2564 ) ) ;
#2354 = LINE ( 'NONE', #2590, #1190 ) ;
#2355 = EDGE_CURVE ( 'NONE', #244, #1809, #95, .T. ) ;
#2356 = DIRECTION ( 'NONE',  ( 0.000000000000000000, 0.000000000000000000, -1.000000000000000000 ) ) ;
#2357 = ORIENTED_EDGE ( 'NONE', *, *, #278, .F. ) ;
#2358 = VERTEX_POINT ( 'NONE', #81 ) ;
#2359 = FILL_AREA_STYLE_COLOUR ( '', #1021 ) ;
#2360 = DIRECTION ( 'NONE',  ( 0.000000000000000000, -1.000000000000000000, 0.000000000000000000 ) ) ;
#2361 = DIRECTION ( 'NONE',  ( 0.1907092891479331975, -0.000000000000000000, 0.9816465591202824248 ) ) ;
#2362 = ORIENTED_EDGE ( 'NONE', *, *, #364, .T. ) ;
#2363 = DIRECTION ( 'NONE',  ( 0.000000000000000000, 0.000000000000000000, 1.000000000000000000 ) ) ;
#2364 = VECTOR ( 'NONE', #1324, 1000.000000000000114 ) ;
#2365 = DIRECTION ( 'NONE',  ( -0.000000000000000000, 1.000000000000000000, -0.000000000000000000 ) ) ;
#2366 = ORIENTED_EDGE ( 'NONE', *, *, #623, .F. ) ;
#2367 = AXIS2_PLACEMENT_3D ( 'NONE', #818, #642, #653 ) ;
#2368 = AXIS2_PLACEMENT_3D ( 'NONE', #2179, #954, #2121 ) ;
#2369 = EDGE_CURVE ( 'NONE', #1294, #1760, #1678, .T. ) ;
#2370 = CARTESIAN_POINT ( 'NONE',  ( -5.575167705385225325, 0.000000000000000000, 20.90020055415103428 ) ) ;
#2371 = DIRECTION ( 'NONE',  ( -0.000000000000000000, 1.000000000000000000, -0.000000000000000000 ) ) ;
#2372 = CIRCLE ( 'NONE', #2283, 19.29999999999999716 ) ;
#2373 = ADVANCED_FACE ( 'NONE', ( #718, #2126 ), #1382, .T. ) ;
#2374 = EDGE_LOOP ( 'NONE', ( #1754, #91, #1194, #600 ) ) ;
#2375 = CARTESIAN_POINT ( 'NONE',  ( -16.19939280283944072, -0.1000000000000000472, 0.3126570634691683281 ) ) ;
#2376 = DIRECTION ( 'NONE',  ( 0.000000000000000000, 1.000000000000000000, 0.000000000000000000 ) ) ;
#2377 = DIRECTION ( 'NONE',  ( 8.659560562354988325E-17, 0.7071067811865431318, -0.7071067811865520136 ) ) ;
#2378 = ORIENTED_EDGE ( 'NONE', *, *, #571, .T. ) ;
#2379 = DIRECTION ( 'NONE',  ( -0.000000000000000000, 1.000000000000000000, -0.000000000000000000 ) ) ;
#2380 = PLANE ( 'NONE',  #930 ) ;
#2381 = CONICAL_SURFACE ( 'NONE', #1239, 2.499999999837694720, 0.7853981633974408405 ) ;
#2382 = ORIENTED_EDGE ( 'NONE', *, *, #1241, .F. ) ;
#2383 = EDGE_CURVE ( 'NONE', #2014, #1430, #190, .T. ) ;
#2384 = CIRCLE ( 'NONE', #1707, 2.000000000075176754 ) ;
#2385 = DIRECTION ( 'NONE',  ( 0.000000000000000000, 0.000000000000000000, 1.000000000000000000 ) ) ;
#2386 = PLANE ( 'NONE',  #2236 ) ;
#2387 = AXIS2_PLACEMENT_3D ( 'NONE', #2105, #481, #494 ) ;
#2388 = DIRECTION ( 'NONE',  ( 0.000000000000000000, 1.000000000000000000, 0.000000000000000000 ) ) ;
#2389 = DIRECTION ( 'NONE',  ( -0.5290187118085786233, 0.000000000000000000, 0.8486101593525687825 ) ) ;
#2390 = CARTESIAN_POINT ( 'NONE',  ( -2.026933408470390940, -1.000000000000000000, 22.40851492085225161 ) ) ;
#2391 = EDGE_LOOP ( 'NONE', ( #788, #1422 ) ) ;
#2392 = VERTEX_POINT ( 'NONE', #89 ) ;
#2393 = VECTOR ( 'NONE', #909, 1000.000000000000000 ) ;
#2395 = EDGE_CURVE ( 'NONE', #2091, #293, #223, .T. ) ;
#2394 = FACE_OUTER_BOUND ( 'NONE', #1216, .T. ) ;
#2396 = CARTESIAN_POINT ( 'NONE',  ( 7.689045387864246628, -1.000000000000000000, -12.33416112930546582 ) ) ;
#2397 = VECTOR ( 'NONE', #1830, 999.9999999999998863 ) ;
#2398 = DIRECTION ( 'NONE',  ( 0.000000000000000000, 0.000000000000000000, 1.000000000000000000 ) ) ;
#2399 = DIRECTION ( 'NONE',  ( 0.000000000000000000, 0.000000000000000000, 1.000000000000000000 ) ) ;
#2400 = EDGE_CURVE ( 'NONE', #955, #2147, #1987, .T. ) ;
#2401 = EDGE_CURVE ( 'NONE', #2481, #870, #1322, .T. ) ;
#2402 = DIRECTION ( 'NONE',  ( 0.000000000000000000, 1.000000000000000000, 0.000000000000000000 ) ) ;
#2403 = ORIENTED_EDGE ( 'NONE', *, *, #2237, .F. ) ;
#2404 = EDGE_CURVE ( 'NONE', #1301, #345, #1852, .T. ) ;
#2405 = EDGE_CURVE ( 'NONE', #127, #203, #1705, .T. ) ;
#2406 = CARTESIAN_POINT ( 'NONE',  ( 16.19939555383420782, -0.1000000000000000472, -1.562653275137756204 ) ) ;
#2407 = CIRCLE ( 'NONE', #635, 2.200000000000000622 ) ;
#2408 = APPLICATION_CONTEXT ( 'automotive_design' ) ;
#2409 = ORIENTED_EDGE ( 'NONE', *, *, #86, .T. ) ;
#2410 = VECTOR ( 'NONE', #2043, 1000.000000000000000 ) ;
#2411 = DIRECTION ( 'NONE',  ( 0.000000000000000000, -1.000000000000000000, 0.000000000000000000 ) ) ;
#2412 = LINE ( 'NONE', #607, #888 ) ;
#2413 = AXIS2_PLACEMENT_3D ( 'NONE', #1702, #2307, #1303 ) ;
#2414 = CARTESIAN_POINT ( 'NONE',  ( -16.19939280283944072, -0.1000000000000000472, 2.312657063410134217 ) ) ;
#2415 = CIRCLE ( 'NONE', #983, 1.249999999837693387 ) ;
#2416 = CARTESIAN_POINT ( 'NONE',  ( 6.439293542825907934E-12, 0.000000000000000000, 1.021405182655144017E-11 ) ) ;
#2417 = CARTESIAN_POINT ( 'NONE',  ( -16.19939280283944072, -1.000000000000000000, 0.3126570634691683281 ) ) ;
#2418 = ORIENTED_EDGE ( 'NONE', *, *, #367, .F. ) ;
#2419 = ADVANCED_FACE ( 'NONE', ( #1067 ), #1869, .T. ) ;
#2420 = CARTESIAN_POINT ( 'NONE',  ( -14.10126675725853929, -1.000000000000000000, -2.861146996858344060 ) ) ;
#2421 = ORIENTED_EDGE ( 'NONE', *, *, #1792, .T. ) ;
#2422 = CARTESIAN_POINT ( 'NONE',  ( 3.488073462821092985, -0.5000000000000017764, 0.05233324110607098095 ) ) ;
#2423 = DIRECTION ( 'NONE',  ( 0.000000000000000000, 0.000000000000000000, 1.000000000000000000 ) ) ;
#2424 = AXIS2_PLACEMENT_3D ( 'NONE', #42, #215, #1650 ) ;
#2425 = CARTESIAN_POINT ( 'NONE',  ( -5.762032100735225981, -0.1000000000000000472, -13.14321755259041957 ) ) ;
#2426 = CARTESIAN_POINT ( 'NONE',  ( -1.095498629387628320, 0.000000000000000000, -10.26865222530538801 ) ) ;
#2427 = EDGE_CURVE ( 'NONE', #867, #870, #2407, .T. ) ;
#2428 = VERTEX_POINT ( 'NONE', #2495 ) ;
#2429 = CARTESIAN_POINT ( 'NONE',  ( -16.19939280283944072, -2.100000000000000089, -0.9373429364717992263 ) ) ;
#2430 = ORIENTED_EDGE ( 'NONE', *, *, #647, .F. ) ;
#2431 = CARTESIAN_POINT ( 'NONE',  ( -2.227103909536778392, -1.000000000000000000, -3.200296933210712957 ) ) ;
#2432 = ORIENTED_EDGE ( 'NONE', *, *, #613, .F. ) ;
#2433 = CARTESIAN_POINT ( 'NONE',  ( 16.19939555383420782, -2.100000000000000089, 0.9373467250125951944 ) ) ;
#2434 = EDGE_CURVE ( 'NONE', #1418, #2225, #1281, .T. ) ;
#2435 = DIRECTION ( 'NONE',  ( 0.000000000000000000, 1.000000000000000000, 0.000000000000000000 ) ) ;
#2436 = FACE_OUTER_BOUND ( 'NONE', #51, .T. ) ;
#2437 = VECTOR ( 'NONE', #501, 1000.000000000000000 ) ;
#2438 = ORIENTED_EDGE ( 'NONE', *, *, #1669, .F. ) ;
#2439 = LINE ( 'NONE', #2420, #310 ) ;
#2440 = ORIENTED_EDGE ( 'NONE', *, *, #1758, .T. ) ;
#2441 = FACE_OUTER_BOUND ( 'NONE', #1427, .T. ) ;
#2442 = FACE_OUTER_BOUND ( 'NONE', #1691, .T. ) ;
#2443 = VECTOR ( 'NONE', #395, 1000.000000000000000 ) ;
#2444 = ADVANCED_FACE ( 'NONE', ( #868, #1524 ), #1673, .F. ) ;
#2445 = CONICAL_SURFACE ( 'NONE', #814, 2.500000000075176310, 0.7853981633974412846 ) ;
#2446 = DIRECTION ( 'NONE',  ( 0.000000000000000000, 1.000000000000000000, 0.000000000000000000 ) ) ;
#2447 = EDGE_CURVE ( 'NONE', #136, #2028, #1897, .T. ) ;
#2448 = AXIS2_PLACEMENT_3D ( 'NONE', #2243, #399, #1196 ) ;
#2449 = CARTESIAN_POINT ( 'NONE',  ( 12.05359839965949931, -1.100000000000000089, -3.642452125817799757 ) ) ;
#2450 = EDGE_LOOP ( 'NONE', ( #1674, #590 ) ) ;
#2451 = AXIS2_PLACEMENT_3D ( 'NONE', #27, #597, #1785 ) ;
#2452 = LINE ( 'NONE', #634, #1783 ) ;
#2453 = ORIENTED_EDGE ( 'NONE', *, *, #2157, .F. ) ;
#2454 = CARTESIAN_POINT ( 'NONE',  ( -1.812613524399697695, 1.399999999999999245, -2.920658379665400872 ) ) ;
#2455 = EDGE_CURVE ( 'NONE', #2392, #2014, #674, .T. ) ;
#2456 = DIRECTION ( 'NONE',  ( 0.000000000000000000, 1.000000000000000000, 0.000000000000000000 ) ) ;
#2457 = CIRCLE ( 'NONE', #1909, 22.50000000000000000 ) ;
#2458 = CARTESIAN_POINT ( 'NONE',  ( 6.439293542825907934E-12, -1.000000000000000000, 19.30000000001021121 ) ) ;
#2459 = DIRECTION ( 'NONE',  ( 0.000000000000000000, 0.000000000000000000, 1.000000000000000000 ) ) ;
#2460 = VECTOR ( 'NONE', #1904, 1000.000000000000000 ) ;
#2461 = ORIENTED_EDGE ( 'NONE', *, *, #232, .F. ) ;
#2462 = ORIENTED_EDGE ( 'NONE', *, *, #967, .F. ) ;
#2463 = DIRECTION ( 'NONE',  ( 0.8289807702741616158, 0.000000000000000000, 0.5592771070906242814 ) ) ;
#2464 = DIRECTION ( 'NONE',  ( 0.000000000000000000, 0.000000000000000000, -1.000000000000000000 ) ) ;
#2465 = ORIENTED_EDGE ( 'NONE', *, *, #1319, .F. ) ;
#2466 = EDGE_LOOP ( 'NONE', ( #1750, #728, #2141, #1821, #274, #1090, #1543, #752 ) ) ;
#2467 = CARTESIAN_POINT ( 'NONE',  ( -16.89146169529658081, -1.000000000000000000, 10.89042996483904524 ) ) ;
#2468 = AXIS2_PLACEMENT_3D ( 'NONE', #2539, #1333, #1156 ) ;
#2469 = DIRECTION ( 'NONE',  ( 0.000000000000000000, 0.000000000000000000, 1.000000000000000000 ) ) ;
#2470 = CARTESIAN_POINT ( 'NONE',  ( -1.532974970854386054, -0.5000000000000015543, -3.335148764802480681 ) ) ;
#2471 = DIRECTION ( 'NONE',  ( 0.000000000000000000, 0.000000000000000000, 1.000000000000000000 ) ) ;
#2472 = ORIENTED_EDGE ( 'NONE', *, *, #1721, .F. ) ;
#2473 = ORIENTED_EDGE ( 'NONE', *, *, #2180, .F. ) ;
#2474 = EDGE_CURVE ( 'NONE', #2477, #1084, #1098, .T. ) ;
#2475 = ADVANCED_FACE ( 'NONE', ( #716 ), #911, .F. ) ;
#2476 = CARTESIAN_POINT ( 'NONE',  ( -3.519260804188439895, 1.899999999999999911, 0.5030071920335797975 ) ) ;
#2477 = VERTEX_POINT ( 'NONE', #1660 ) ;
#2478 = DIRECTION ( 'NONE',  ( 0.3954686349861744610, -0.7071067811865492381, -0.5861779241341058544 ) ) ;
#2479 = CIRCLE ( 'NONE', #970, 3.050000000153076041 ) ;
#2480 = ORIENTED_EDGE ( 'NONE', *, *, #1961, .F. ) ;
#2481 = VERTEX_POINT ( 'NONE', #1511 ) ;
#2482 = ADVANCED_FACE ( 'NONE', ( #1690 ), #1718, .F. ) ;
#2483 = CARTESIAN_POINT ( 'NONE',  ( -5.762032100735225981, -1.000000000000000000, -15.14321755274350423 ) ) ;
#2484 = FACE_OUTER_BOUND ( 'NONE', #233, .T. ) ;
#2485 = AXIS2_PLACEMENT_3D ( 'NONE', #1369, #1957, #1142 ) ;
#2486 = CARTESIAN_POINT ( 'NONE',  ( 13.74645827744695303, -0.000000000000000000, -8.558004635746019773 ) ) ;
#2487 = DIRECTION ( 'NONE',  ( 0.000000000000000000, -0.000000000000000000, 1.000000000000000000 ) ) ;
#2488 = VECTOR ( 'NONE', #554, 1000.000000000000114 ) ;
#2489 = EDGE_LOOP ( 'NONE', ( #188, #1788, #1485, #701 ) ) ;
#2490 = VECTOR ( 'NONE', #2361, 1000.000000000000000 ) ;
#2491 = EDGE_CURVE ( 'NONE', #2268, #1731, #1777, .T. ) ;
#2492 = AXIS2_PLACEMENT_3D ( 'NONE', #113, #379, #1363 ) ;
#2493 = FACE_OUTER_BOUND ( 'NONE', #2510, .T. ) ;
#2494 = ORIENTED_EDGE ( 'NONE', *, *, #1656, .T. ) ;
#2495 = CARTESIAN_POINT ( 'NONE',  ( -17.17919479255682091, 0.000000000000000000, 8.795752740916888968 ) ) ;
#2496 = EDGE_CURVE ( 'NONE', #1645, #2306, #1053, .T. ) ;
#2497 = ORIENTED_EDGE ( 'NONE', *, *, #1564, .T. ) ;
#2498 = CIRCLE ( 'NONE', #2546, 3.199999999999997957 ) ;
#2499 = ORIENTED_EDGE ( 'NONE', *, *, #453, .F. ) ;
#2500 = DIRECTION ( 'NONE',  ( 0.000000000000000000, 0.000000000000000000, 1.000000000000000000 ) ) ;
#2501 = FACE_OUTER_BOUND ( 'NONE', #270, .T. ) ;
#2502 = CARTESIAN_POINT ( 'NONE',  ( 6.439293542825907934E-12, -1.000000000000000000, 19.30000000001021121 ) ) ;
#2503 = CARTESIAN_POINT ( 'NONE',  ( 0.6728068592128783054, -1.000000000000000000, 3.331212090851505714 ) ) ;
#2504 = EDGE_LOOP ( 'NONE', ( #2269, #2312, #757, #2382 ) ) ;
#2505 = EDGE_LOOP ( 'NONE', ( #246, #1210, #876, #301 ) ) ;
#2506 = DIRECTION ( 'NONE',  ( -0.9816465591202829799, 0.000000000000000000, 0.1907092891479300889 ) ) ;
#2507 = CARTESIAN_POINT ( 'NONE',  ( -5.762032100735225981, -0.1000000000000000472, -17.14321755289658711 ) ) ;
#2508 = ORIENTED_EDGE ( 'NONE', *, *, #2050, .T. ) ;
#2509 = CARTESIAN_POINT ( 'NONE',  ( 0.000000000000000000, 0.000000000000000000, 0.000000000000000000 ) ) ;
#2510 = EDGE_LOOP ( 'NONE', ( #1362, #2323, #1126, #1661 ) ) ;
#2511 = ADVANCED_FACE ( 'NONE', ( #299 ), #144, .T. ) ;
#2512 = CYLINDRICAL_SURFACE ( 'NONE', #413, 1.249999999837693387 ) ;
#2513 = FACE_OUTER_BOUND ( 'NONE', #2521, .T. ) ;
#2514 = DIRECTION ( 'NONE',  ( 0.000000000000000000, 1.000000000000000000, 0.000000000000000000 ) ) ;
#2515 = EDGE_CURVE ( 'NONE', #41, #926, #1552, .T. ) ;
#2516 = ORIENTED_EDGE ( 'NONE', *, *, #2474, .F. ) ;
#2517 = PLANE ( 'NONE',  #1990 ) ;
#2518 = LINE ( 'NONE', #712, #318 ) ;
#2519 = VECTOR ( 'NONE', #162, 1000.000000000000000 ) ;
#2520 = CARTESIAN_POINT ( 'NONE',  ( -17.17919479255682091, -1.000000000000000000, 8.795752740916888968 ) ) ;
#2521 = EDGE_LOOP ( 'NONE', ( #1740, #2148, #2277, #845 ) ) ;
#2522 = DIRECTION ( 'NONE',  ( 0.000000000000000000, 1.000000000000000000, 0.000000000000000000 ) ) ;
#2523 = ORIENTED_EDGE ( 'NONE', *, *, #859, .T. ) ;
#2524 = CARTESIAN_POINT ( 'NONE',  ( 3.351414856103325679, -1.000000000000000000, -0.6510957929909870767 ) ) ;
#2525 = VERTEX_POINT ( 'NONE', #2584 ) ;
#2526 = CIRCLE ( 'NONE', #2096, 3.199999999999994404 ) ;
#2527 = ADVANCED_BREP_SHAPE_REPRESENTATION ( 'Watch Top', ( #1452, #445 ), #487 ) ;
#2528 = DIRECTION ( 'NONE',  ( -0.8486101593525690046, 0.000000000000000000, -0.5290187118085780682 ) ) ;
#2529 = DIRECTION ( 'NONE',  ( 0.000000000000000000, 0.000000000000000000, -1.000000000000000000 ) ) ;
#2530 = ADVANCED_FACE ( 'NONE', ( #1594 ), #2153, .F. ) ;
#2531 = DIRECTION ( 'NONE',  ( 0.000000000000000000, 0.000000000000000000, 1.000000000000000000 ) ) ;
#2532 = VECTOR ( 'NONE', #259, 1000.000000000000114 ) ;
#2533 = ORIENTED_EDGE ( 'NONE', *, *, #1746, .F. ) ;
#2534 = UNCERTAINTY_MEASURE_WITH_UNIT (LENGTH_MEASURE( 1.000000000000000082E-05 ), #920, 'distance_accuracy_value', 'NONE');
#2535 = DIRECTION ( 'NONE',  ( 0.000000000000000000, 0.000000000000000000, -1.000000000000000000 ) ) ;
#2536 = CONICAL_SURFACE ( 'NONE', #1941, 1.950000000075169382, 0.7853981633974547183 ) ;
#2537 = LINE ( 'NONE', #2566, #1697 ) ;
#2538 = VECTOR ( 'NONE', #1804, 1000.000000000000114 ) ;
#2539 = CARTESIAN_POINT ( 'NONE',  ( 3.208434909275782232, -0.5000000000000017764, 0.4668236262431499362 ) ) ;
#2540 = ORIENTED_EDGE ( 'NONE', *, *, #1330, .T. ) ;
#2541 = LINE ( 'NONE', #1335, #2290 ) ;
#2542 = AXIS2_PLACEMENT_3D ( 'NONE', #1622, #1784, #172 ) ;
#2543 = DIRECTION ( 'NONE',  ( 0.000000000000000000, 0.000000000000000000, -1.000000000000000000 ) ) ;
#2544 = ORIENTED_EDGE ( 'NONE', *, *, #492, .F. ) ;
#2545 = VECTOR ( 'NONE', #2016, 1000.000000000000000 ) ;
#2546 = AXIS2_PLACEMENT_3D ( 'NONE', #1122, #1332, #1345 ) ;
#2547 = VERTEX_POINT ( 'NONE', #373 ) ;
#2549 = EDGE_CURVE ( 'NONE', #1857, #329, #2541, .T. ) ;
#2548 = CARTESIAN_POINT ( 'NONE',  ( -3.374474082234898198, 1.399999999999999245, -0.6056121317858911279 ) ) ;
#2550 = CARTESIAN_POINT ( 'NONE',  ( 16.19939555383420782, -2.100000000000000089, 1.637346725012589488 ) ) ;
#2551 = ORIENTED_EDGE ( 'NONE', *, *, #697, .F. ) ;
#2552 = ORIENTED_EDGE ( 'NONE', *, *, #783, .F. ) ;
#2553 = LINE ( 'NONE', #2088, #639 ) ;
#2554 = CARTESIAN_POINT ( 'NONE',  ( 16.19939555383420782, -2.100000000000000089, 0.9373467250125951944 ) ) ;
#2555 = FACE_OUTER_BOUND ( 'NONE', #2352, .T. ) ;
#2556 = ORIENTED_EDGE ( 'NONE', *, *, #1330, .F. ) ;
#2557 = DIRECTION ( 'NONE',  ( 0.000000000000000000, 0.000000000000000000, 1.000000000000000000 ) ) ;
#2558 = DIRECTION ( 'NONE',  ( -0.000000000000000000, 1.000000000000000000, -0.000000000000000000 ) ) ;
#2559 = ORIENTED_EDGE ( 'NONE', *, *, #1985, .T. ) ;
#2560 = VECTOR ( 'NONE', #2211, 1000.000000000000000 ) ;
#2561 = ORIENTED_EDGE ( 'NONE', *, *, #1271, .T. ) ;
#2562 = CARTESIAN_POINT ( 'NONE',  ( -5.762032100735225981, -1.000000000000000000, -18.19321755289658071 ) ) ;
#2563 = FACE_OUTER_BOUND ( 'NONE', #478, .T. ) ;
#2564 = ORIENTED_EDGE ( 'NONE', *, *, #1275, .T. ) ;
#2565 = DIRECTION ( 'NONE',  ( 0.5456182984061472840, 0.000000000000000000, 0.8380338134254372573 ) ) ;
#2566 = CARTESIAN_POINT ( 'NONE',  ( 5.762036646588697408, -1.550000000000001821, 17.64322065805218998 ) ) ;
#2567 = CARTESIAN_POINT ( 'NONE',  ( -5.762032100735225981, -2.100000000000000089, -17.09321755289658995 ) ) ;
#2568 = ORIENTED_EDGE ( 'NONE', *, *, #1631, .T. ) ;
#2569 = DIRECTION ( 'NONE',  ( 0.000000000000000000, 0.000000000000000000, 1.000000000000000000 ) ) ;
#2570 = EDGE_CURVE ( 'NONE', #649, #926, #966, .T. ) ;
#2571 = CARTESIAN_POINT ( 'NONE',  ( -5.762032100735225981, -0.1000000000000000472, -15.14321755274350423 ) ) ;
#2572 = ORIENTED_EDGE ( 'NONE', *, *, #1627, .F. ) ;
#2573 = EDGE_CURVE ( 'NONE', #2339, #1360, #1970, .T. ) ;
#2574 = CIRCLE ( 'NONE', #629, 1.250000000075176310 ) ;
#2575 = DIRECTION ( 'NONE',  ( -0.000000000000000000, -1.000000000000000000, -0.000000000000000000 ) ) ;
#2576 = CARTESIAN_POINT ( 'NONE',  ( 0.9524454127581892804, 1.399999999999999245, 2.916721705714426793 ) ) ;
#2577 = VERTEX_POINT ( 'NONE', #982 ) ;
#2578 = EDGE_LOOP ( 'NONE', ( #791, #957 ) ) ;
#2579 = CARTESIAN_POINT ( 'NONE',  ( 0.000000000000000000, 0.000000000000000000, 0.000000000000000000 ) ) ;
#2580 = DIRECTION ( 'NONE',  ( -0.5592771070906242814, 0.000000000000000000, 0.8289807702741615048 ) ) ;
#2581 = EDGE_CURVE ( 'NONE', #1129, #338, #1761, .T. ) ;
#2582 = DIRECTION ( 'NONE',  ( -0.000000000000000000, 1.000000000000000000, -0.000000000000000000 ) ) ;
#2583 = ORIENTED_EDGE ( 'NONE', *, *, #1873, .F. ) ;
#2584 = CARTESIAN_POINT ( 'NONE',  ( -16.19939280283944072, -2.100000000000000089, -1.637342936471802846 ) ) ;
#2585 = VECTOR ( 'NONE', #1246, 1000.000000000000000 ) ;
#2586 = CARTESIAN_POINT ( 'NONE',  ( 10.88975723368062631, 0.000000000000000000, -3.975509775242147548 ) ) ;
#2587 = ORIENTED_EDGE ( 'NONE', *, *, #720, .F. ) ;
#2588 = AXIS2_PLACEMENT_3D ( 'NONE', #239, #473, #2226 ) ;
#2589 = VECTOR ( 'NONE', #212, 1000.000000000000227 ) ;
#2590 = CARTESIAN_POINT ( 'NONE',  ( 1.646574351440581285, -0.5000000000000017764, 2.781869874122660846 ) ) ;
#2591 = DIRECTION ( 'NONE',  ( 0.000000000000000000, 1.000000000000000000, 0.000000000000000000 ) ) ;
#2592 = AXIS2_PLACEMENT_3D ( 'NONE', #146, #532, #311 ) ;
#2593 = PLANE ( 'NONE',  #1612 ) ;
#2594 = LINE ( 'NONE', #786, #479 ) ;
#2595 = DIRECTION ( 'NONE',  ( -0.1907092891479283958, -0.000000000000000000, -0.9816465591202833130 ) ) ;
#2596 = ORIENTED_EDGE ( 'NONE', *, *, #706, .F. ) ;
#2597 = CARTESIAN_POINT ( 'NONE',  ( 2.290221126187272027, -1.000000000000000000, -15.69975724516182325 ) ) ;
#2598 = AXIS2_PLACEMENT_3D ( 'NONE', #1585, #553, #996 ) ;
#2599 = EDGE_CURVE ( 'NONE', #1939, #308, #2119, .T. ) ;
#2600 = ORIENTED_EDGE ( 'NONE', *, *, #40, .F. ) ;
#2601 = VECTOR ( 'NONE', #914, 1000.000000000000114 ) ;
#2602 = PLANE ( 'NONE',  #1791 ) ;
#2603 = CARTESIAN_POINT ( 'NONE',  ( -16.19939280283944072, -1.550000000000001821, 2.812657063410135105 ) ) ;
#2604 = ADVANCED_FACE ( 'NONE', ( #1368 ), #2381, .T. ) ;
#2605 = EDGE_CURVE ( 'NONE', #1733, #2196, #1789, .T. ) ;
ENDSEC;
END-ISO-10303-21;
