ISO-10303-21;
HEADER;
FILE_DESCRIPTION (( 'STEP AP214' ),
    '1' );
FILE_NAME ('Watch Body.STEP',
    '2025-11-08T05:16:05',
    ( '' ),
    ( '' ),
    'SwSTEP 2.0',
    'SolidWorks 2025',
    '' );
FILE_SCHEMA (( 'AUTOMOTIVE_DESIGN' ));
ENDSEC;

DATA;
#1 = CARTESIAN_POINT ( 'NONE',  ( 0.000000000000000000, 0.7999999999999279909, 0.000000000000000000 ) ) ;
#2 = VERTEX_POINT ( 'NONE', #3456 ) ;
#3 = LINE ( 'NONE', #3460, #2139 ) ;
#4 = LINE ( 'NONE', #1144, #596 ) ;
#5 = VERTEX_POINT ( 'NONE', #2570 ) ;
#6 = ORIENTED_EDGE ( 'NONE', *, *, #228, .F. ) ;
#7 = EDGE_CURVE ( 'NONE', #3534, #3177, #598, .T. ) ;
#8 = PLANE ( 'NONE',  #2545 ) ;
#9 = CARTESIAN_POINT ( 'NONE',  ( 0.000000000000000000, 75.46461030678925397, 0.000000000000000000 ) ) ;
#10 = AXIS2_PLACEMENT_3D ( 'NONE', #891, #51, #3247 ) ;
#11 = VECTOR ( 'NONE', #245, 1000.000000000000000 ) ;
#12 = AXIS2_PLACEMENT_3D ( 'NONE', #2462, #2698, #1022 ) ;
#13 = CYLINDRICAL_SURFACE ( 'NONE', #2912, 3.149999999999901323 ) ;
#14 = AXIS2_PLACEMENT_3D ( 'NONE', #758, #3391, #1102 ) ;
#15 = ORIENTED_EDGE ( 'NONE', *, *, #1400, .F. ) ;
#16 =( GEOMETRIC_REPRESENTATION_CONTEXT ( 3 ) GLOBAL_UNCERTAINTY_ASSIGNED_CONTEXT ( ( #2559 ) ) GLOBAL_UNIT_ASSIGNED_CONTEXT ( ( #1198, #3239, #2566 ) ) REPRESENTATION_CONTEXT ( 'NONE', 'WORKASPACE' ) );
#17 = EDGE_CURVE ( 'NONE', #3234, #290, #1943, .T. ) ;
#18 = CARTESIAN_POINT ( 'NONE',  ( -12.17863353862424169, 11.29372456247433121, 15.22098201265174211 ) ) ;
#19 = LINE ( 'NONE', #3211, #1518 ) ;
#20 = VERTEX_POINT ( 'NONE', #3437 ) ;
#21 = PLANE ( 'NONE',  #2437 ) ;
#22 = CARTESIAN_POINT ( 'NONE',  ( 12.00000000000000178, 0.5499999999999264366, 24.35564437074637567 ) ) ;
#23 = VECTOR ( 'NONE', #1241, 1000.000000000000000 ) ;
#24 = VERTEX_POINT ( 'NONE', #2879 ) ;
#25 = CARTESIAN_POINT ( 'NONE',  ( 0.000000000000000000, 10.00000000000000000, 0.000000000000000000 ) ) ;
#26 = CARTESIAN_POINT ( 'NONE',  ( -9.999999999999996447, 0.5499999999999264366, 24.35564437074638278 ) ) ;
#27 = EDGE_CURVE ( 'NONE', #2970, #1764, #2785, .T. ) ;
#28 = DIRECTION ( 'NONE',  ( 0.000000000000000000, 1.000000000000000000, 0.000000000000000000 ) ) ;
#29 = CARTESIAN_POINT ( 'NONE',  ( 0.000000000000000000, 0.7999999999999279909, 0.000000000000000000 ) ) ;
#30 = ORIENTED_EDGE ( 'NONE', *, *, #1229, .T. ) ;
#31 = FACE_OUTER_BOUND ( 'NONE', #666, .T. ) ;
#32 = EDGE_CURVE ( 'NONE', #1341, #796, #2656, .T. ) ;
#33 = VECTOR ( 'NONE', #2074, 1000.000000000000000 ) ;
#34 = AXIS2_PLACEMENT_3D ( 'NONE', #3039, #2381, #1227 ) ;
#35 = ORIENTED_EDGE ( 'NONE', *, *, #2735, .T. ) ;
#36 = DIRECTION ( 'NONE',  ( 0.000000000000000000, 1.000000000000000000, -0.000000000000000000 ) ) ;
#37 = ORIENTED_EDGE ( 'NONE', *, *, #2581, .T. ) ;
#38 = CARTESIAN_POINT ( 'NONE',  ( -8.712419260641606655, 11.25000000000000000, 18.65273767788729842 ) ) ;
#39 = ORIENTED_EDGE ( 'NONE', *, *, #3693, .F. ) ;
#40 = CARTESIAN_POINT ( 'NONE',  ( -13.51061806840691659, 10.15000000000000568, 13.92900658377336853 ) ) ;
#41 = CARTESIAN_POINT ( 'NONE',  ( -19.77264843923389748, 3.549999999999928324, -4.370912227265795202 ) ) ;
#42 = ORIENTED_EDGE ( 'NONE', *, *, #1160, .F. ) ;
#43 = EDGE_CURVE ( 'NONE', #909, #2777, #3684, .T. ) ;
#44 = CARTESIAN_POINT ( 'NONE',  ( 0.000000000000000000, 11.37499999999996803, 0.000000000000000000 ) ) ;
#45 = CARTESIAN_POINT ( 'NONE',  ( 11.99999999999998757, 0.5499999999999325428, -24.35564437074638278 ) ) ;
#46 = LINE ( 'NONE', #343, #254 ) ;
#47 = CARTESIAN_POINT ( 'NONE',  ( -7.512164682752222156, 11.29683924165651554, 19.32561101270625414 ) ) ;
#48 = CARTESIAN_POINT ( 'NONE',  ( 12.00000000000000178, 0.5499999999999265476, 23.88064437074637780 ) ) ;
#49 = CARTESIAN_POINT ( 'NONE',  ( 12.50000000000000533, 3.799999999999930100, -26.15564437074637993 ) ) ;
#50 = ORIENTED_EDGE ( 'NONE', *, *, #2857, .F. ) ;
#51 = DIRECTION ( 'NONE',  ( 1.000000000000000000, -0.000000000000000000, -0.000000000000000000 ) ) ;
#52 = ORIENTED_EDGE ( 'NONE', *, *, #1421, .F. ) ;
#53 = FACE_BOUND ( 'NONE', #3638, .T. ) ;
#54 = ORIENTED_EDGE ( 'NONE', *, *, #176, .T. ) ;
#55 = CARTESIAN_POINT ( 'NONE',  ( 0.000000000000000000, 10.15000000000000036, 0.000000000000000000 ) ) ;
#56 = CARTESIAN_POINT ( 'NONE',  ( 17.49999999999999645, 9.799999999999926104, 14.14213562373095634 ) ) ;
#57 = ORIENTED_EDGE ( 'NONE', *, *, #608, .F. ) ;
#58 = CARTESIAN_POINT ( 'NONE',  ( 10.25000000000003375, 0.5499999999999264366, 24.35564437074637567 ) ) ;
#59 = ADVANCED_FACE ( 'NONE', ( #2840 ), #2550, .T. ) ;
#60 = CYLINDRICAL_SURFACE ( 'NONE', #853, 18.18499999999999517 ) ;
#61 = ADVANCED_FACE ( 'NONE', ( #1660 ), #223, .T. ) ;
#62 = ORIENTED_EDGE ( 'NONE', *, *, #3366, .T. ) ;
#63 = CARTESIAN_POINT ( 'NONE',  ( 0.000000000000000000, -2.974000000000072141, 0.000000000000000000 ) ) ;
#64 = FACE_OUTER_BOUND ( 'NONE', #1270, .T. ) ;
#65 = EDGE_CURVE ( 'NONE', #3146, #165, #505, .T. ) ;
#66 = DIRECTION ( 'NONE',  ( 0.9998837755602059119, 0.000000000000000000, -0.01524583128162817700 ) ) ;
#67 = CIRCLE ( 'NONE', #716, 0.7250000000000380584 ) ;
#68 = VECTOR ( 'NONE', #2424, 1000.000000000000000 ) ;
#69 = ORIENTED_EDGE ( 'NONE', *, *, #3486, .T. ) ;
#70 =( BOUNDED_CURVE ( )  B_SPLINE_CURVE ( 3, ( #1335, #3087, #1640, #789 ),
 .UNSPECIFIED., .F., .F. ) 
 B_SPLINE_CURVE_WITH_KNOTS ( ( 4, 4 ),
 ( 1.570796326794896780, 2.356194490192347057 ),
 .UNSPECIFIED. ) 
 CURVE ( )  GEOMETRIC_REPRESENTATION_ITEM ( )  RATIONAL_B_SPLINE_CURVE ( ( 1.000000000000000000, 0.9492530216741910110, 0.9492530216741910110, 1.000000000000000000 ) ) 
 REPRESENTATION_ITEM ( '' )  );
#71 = AXIS2_PLACEMENT_3D ( 'NONE', #2886, #2021, #1735 ) ;
#72 = AXIS2_PLACEMENT_3D ( 'NONE', #2164, #2743, #988 ) ;
#73 = CARTESIAN_POINT ( 'NONE',  ( 10.00000000000000533, -2.974000000000072141, 24.65564437074637993 ) ) ;
#74 = CIRCLE ( 'NONE', #2666, 20.50000000000000355 ) ;
#75 = ORIENTED_EDGE ( 'NONE', *, *, #3596, .T. ) ;
#76 = VECTOR ( 'NONE', #637, 1000.000000000000000 ) ;
#77 = DIRECTION ( 'NONE',  ( 0.7178050287815364028, 0.000000000000000000, 0.6962441674125089408 ) ) ;
#78 = EDGE_LOOP ( 'NONE', ( #3406, #1936, #1956, #3601 ) ) ;
#79 = ORIENTED_EDGE ( 'NONE', *, *, #241, .F. ) ;
#80 = AXIS2_PLACEMENT_3D ( 'NONE', #1531, #357, #2692 ) ;
#81 = DIRECTION ( 'NONE',  ( 0.000000000000000000, 0.000000000000000000, 1.000000000000000000 ) ) ;
#82 = DIRECTION ( 'NONE',  ( -0.000000000000000000, 1.000000000000000000, -0.000000000000000000 ) ) ;
#83 = DIRECTION ( 'NONE',  ( 1.000000000000000000, 0.000000000000000000, -2.891205793294676354E-16 ) ) ;
#84 = EDGE_CURVE ( 'NONE', #3581, #3123, #525, .T. ) ;
#85 = ORIENTED_EDGE ( 'NONE', *, *, #3186, .F. ) ;
#86 = DIRECTION ( 'NONE',  ( 0.000000000000000000, -1.000000000000000000, 0.000000000000000000 ) ) ;
#87 = LINE ( 'NONE', #1586, #1569 ) ;
#88 = DIRECTION ( 'NONE',  ( 0.000000000000000000, 1.000000000000000000, -0.000000000000000000 ) ) ;
#89 = DIRECTION ( 'NONE',  ( -1.000000000000000000, 0.000000000000000000, 0.000000000000000000 ) ) ;
#90 = VERTEX_POINT ( 'NONE', #1413 ) ;
#91 = DIRECTION ( 'NONE',  ( 1.000000000000000000, 0.000000000000000000, 8.673617379884034486E-16 ) ) ;
#92 = AXIS2_PLACEMENT_3D ( 'NONE', #257, #1833, #1411 ) ;
#93 = ORIENTED_EDGE ( 'NONE', *, *, #222, .F. ) ;
#94 = LINE ( 'NONE', #3061, #2922 ) ;
#95 = VERTEX_POINT ( 'NONE', #3722 ) ;
#96 = DIRECTION ( 'NONE',  ( 0.000000000000000000, 1.000000000000000000, 0.000000000000000000 ) ) ;
#97 = ORIENTED_EDGE ( 'NONE', *, *, #445, .F. ) ;
#98 = PLANE ( 'NONE',  #1742 ) ;
#99 = AXIS2_PLACEMENT_3D ( 'NONE', #523, #906, #1674 ) ;
#100 = CARTESIAN_POINT ( 'NONE',  ( 17.23832272926867404, 9.799999999999926104, 14.77086805989612905 ) ) ;
#101 = CARTESIAN_POINT ( 'NONE',  ( 7.797594443048664559, -1.450000000000069234, 19.86998445578315398 ) ) ;
#102 = LINE ( 'NONE', #3257, #23 ) ;
#103 = DIRECTION ( 'NONE',  ( 0.9063077870366511579, 0.000000000000000000, 0.4226182617406970543 ) ) ;
#104 = CARTESIAN_POINT ( 'NONE',  ( 0.000000000000000000, 3.549999999999928324, 0.000000000000000000 ) ) ;
#105 = EDGE_LOOP ( 'NONE', ( #2368, #863, #1740, #2171 ) ) ;
#106 = ADVANCED_FACE ( 'NONE', ( #3669 ), #3320, .F. ) ;
#107 = ADVANCED_FACE ( 'NONE', ( #3404 ), #2822, .T. ) ;
#108 = FACE_OUTER_BOUND ( 'NONE', #3420, .T. ) ;
#109 = ORIENTED_EDGE ( 'NONE', *, *, #3042, .F. ) ;
#110 = DIRECTION ( 'NONE',  ( 0.000000000000000000, 0.000000000000000000, -1.000000000000000000 ) ) ;
#111 = ORIENTED_EDGE ( 'NONE', *, *, #3268, .F. ) ;
#112 = DIRECTION ( 'NONE',  ( 0.000000000000000000, 0.000000000000000000, -1.000000000000000000 ) ) ;
#113 = ORIENTED_EDGE ( 'NONE', *, *, #3175, .F. ) ;
#114 =( BOUNDED_CURVE ( )  B_SPLINE_CURVE ( 3, ( #1806, #2113, #3254, #3633 ),
 .UNSPECIFIED., .F., .F. ) 
 B_SPLINE_CURVE_WITH_KNOTS ( ( 4, 4 ),
 ( 3.926990816987243171, 4.712388980384689674 ),
 .UNSPECIFIED. ) 
 CURVE ( )  GEOMETRIC_REPRESENTATION_ITEM ( )  RATIONAL_B_SPLINE_CURVE ( ( 1.000000000000000000, 0.9492530216741912330, 0.9492530216741912330, 1.000000000000000000 ) ) 
 REPRESENTATION_ITEM ( '' )  );
#115 = ORIENTED_EDGE ( 'NONE', *, *, #1217, .F. ) ;
#116 = CARTESIAN_POINT ( 'NONE',  ( 12.59048283055160766, 74.98961030678925965, 14.89059240237222070 ) ) ;
#117 = DIRECTION ( 'NONE',  ( 0.000000000000000000, -1.000000000000000000, 0.000000000000000000 ) ) ;
#118 = AXIS2_PLACEMENT_3D ( 'NONE', #2961, #88, #2712 ) ;
#119 = ADVANCED_FACE ( 'NONE', ( #2225 ), #2528, .T. ) ;
#120 = DIRECTION ( 'NONE',  ( -0.000000000000000000, -1.000000000000000000, -0.000000000000000000 ) ) ;
#121 = PLANE ( 'NONE',  #2714 ) ;
#122 = ORIENTED_EDGE ( 'NONE', *, *, #452, .T. ) ;
#123 = EDGE_CURVE ( 'NONE', #1835, #2043, #2862, .T. ) ;
#124 = VECTOR ( 'NONE', #1446, 1000.000000000000000 ) ;
#125 = CONICAL_SURFACE ( 'NONE', #2238, 19.40900744143347012, 0.3490658503988545158 ) ;
#126 = LINE ( 'NONE', #2401, #1631 ) ;
#127 = EDGE_LOOP ( 'NONE', ( #790, #299 ) ) ;
#128 = ORIENTED_EDGE ( 'NONE', *, *, #352, .F. ) ;
#129 = CARTESIAN_POINT ( 'NONE',  ( 13.01503412206614918, 11.34153885765354453, 14.45289386745075788 ) ) ;
#130 = AXIS2_PLACEMENT_3D ( 'NONE', #1853, #1279, #2435 ) ;
#131 = EDGE_LOOP ( 'NONE', ( #1259, #2542, #2352, #97 ) ) ;
#132 = VECTOR ( 'NONE', #1222, 1000.000000000000000 ) ;
#133 = VECTOR ( 'NONE', #1635, 1000.000000000000000 ) ;
#134 = CIRCLE ( 'NONE', #2247, 3.199999999999900702 ) ;
#135 = CARTESIAN_POINT ( 'NONE',  ( -17.80880838013104750, 9.799999999999926104, -14.77086805989612905 ) ) ;
#136 = DIRECTION ( 'NONE',  ( 0.000000000000000000, 0.000000000000000000, 1.000000000000000000 ) ) ;
#137 = ORIENTED_EDGE ( 'NONE', *, *, #1064, .F. ) ;
#138 = AXIS2_PLACEMENT_3D ( 'NONE', #2482, #3358, #1627 ) ;
#139 = CARTESIAN_POINT ( 'NONE',  ( 9.999999999999994671, 9.799999999999926104, 20.15564437074637993 ) ) ;
#140 = AXIS2_PLACEMENT_3D ( 'NONE', #1896, #647, #1521 ) ;
#141 = CYLINDRICAL_SURFACE ( 'NONE', #3167, 0.08999999999999976075 ) ;
#142 = LINE ( 'NONE', #999, #1899 ) ;
#143 = EDGE_CURVE ( 'NONE', #507, #649, #1993, .T. ) ;
#144 = ORIENTED_EDGE ( 'NONE', *, *, #2499, .F. ) ;
#145 = LINE ( 'NONE', #2440, #68 ) ;
#146 = ORIENTED_EDGE ( 'NONE', *, *, #1604, .T. ) ;
#147 = ORIENTED_EDGE ( 'NONE', *, *, #2068, .F. ) ;
#148 = CARTESIAN_POINT ( 'NONE',  ( 13.62228356734529200, 11.34999999999997122, 13.82683949465077689 ) ) ;
#149 = DIRECTION ( 'NONE',  ( 0.000000000000000000, 0.000000000000000000, -1.000000000000000000 ) ) ;
#150 = ORIENTED_EDGE ( 'NONE', *, *, #2521, .T. ) ;
#151 = ORIENTED_EDGE ( 'NONE', *, *, #7, .F. ) ;
#152 = CARTESIAN_POINT ( 'NONE',  ( 0.000000000000000000, 9.799999999999926104, 26.15564437074638349 ) ) ;
#153 = AXIS2_PLACEMENT_3D ( 'NONE', #2865, #1700, #878 ) ;
#154 = DIRECTION ( 'NONE',  ( -0.000000000000000000, -1.000000000000000000, -0.000000000000000000 ) ) ;
#155 = EDGE_CURVE ( 'NONE', #1065, #585, #1429, .T. ) ;
#156 = EDGE_LOOP ( 'NONE', ( #3140, #2259, #2071, #2954 ) ) ;
#157 = EDGE_CURVE ( 'NONE', #1192, #922, #1502, .T. ) ;
#158 = CARTESIAN_POINT ( 'NONE',  ( 10.00000000000000355, -2.974000000000072141, 24.65564437074637993 ) ) ;
#159 = B_SPLINE_CURVE_WITH_KNOTS ( 'NONE', 3,
 ( #196, #775, #1343, #1380, #2289, #1931, #212, #833 ),
 .UNSPECIFIED., .F., .F.,
 ( 4, 2, 2, 4 ),
 ( 0.000000000000000000, 0.004448900070865357409, 0.006673350106298030042, 0.008897800141730704410 ),
 .UNSPECIFIED. ) ;
#160 = DIRECTION ( 'NONE',  ( 0.9039836527364590868, 0.000000000000000000, 0.4275670188230716873 ) ) ;
#161 = VERTEX_POINT ( 'NONE', #2620 ) ;
#162 = DIRECTION ( 'NONE',  ( 0.000000000000000000, 0.000000000000000000, -1.000000000000000000 ) ) ;
#163 = EDGE_CURVE ( 'NONE', #1683, #3459, #359, .T. ) ;
#164 = ORIENTED_EDGE ( 'NONE', *, *, #1001, .F. ) ;
#165 = VERTEX_POINT ( 'NONE', #2385 ) ;
#166 = CARTESIAN_POINT ( 'NONE',  ( -10.24999999999998046, 0.5499999999999264366, 24.35564437074638278 ) ) ;
#167 = CARTESIAN_POINT ( 'NONE',  ( 10.00000000000000533, 9.799999999999926104, 26.15564437074637993 ) ) ;
#168 = DIRECTION ( 'NONE',  ( 0.2823242607847379904, 0.6783409952864224435, 0.6783409952864244419 ) ) ;
#169 = ORIENTED_EDGE ( 'NONE', *, *, #1643, .T. ) ;
#170 = DIRECTION ( 'NONE',  ( 0.000000000000000000, -1.000000000000000000, 0.000000000000000000 ) ) ;
#171 = DIRECTION ( 'NONE',  ( -1.000000000000000000, 0.000000000000000000, 2.891205793294676847E-16 ) ) ;
#172 = CARTESIAN_POINT ( 'NONE',  ( 10.00000000000000355, 0.5499999999999325428, -25.08064437074638775 ) ) ;
#173 = ORIENTED_EDGE ( 'NONE', *, *, #3142, .F. ) ;
#174 = DIRECTION ( 'NONE',  ( 0.000000000000000000, 0.000000000000000000, 1.000000000000000000 ) ) ;
#175 = EDGE_CURVE ( 'NONE', #585, #1904, #2473, .T. ) ;
#176 = EDGE_CURVE ( 'NONE', #1543, #972, #1263, .T. ) ;
#177 = LINE ( 'NONE', #3059, #2301 ) ;
#178 = DIRECTION ( 'NONE',  ( 0.000000000000000000, 0.000000000000000000, 1.000000000000000000 ) ) ;
#179 = ADVANCED_FACE ( 'NONE', ( #2367, #366 ), #3230, .T. ) ;
#180 = ORIENTED_EDGE ( 'NONE', *, *, #2408, .F. ) ;
#181 = DIRECTION ( 'NONE',  ( 0.000000000000000000, 0.7071067811865486830, -0.7071067811865464625 ) ) ;
#182 = DIRECTION ( 'NONE',  ( 0.9151325121668201223, 0.000000000000000000, -0.4031531783022986315 ) ) ;
#183 = ORIENTED_EDGE ( 'NONE', *, *, #465, .F. ) ;
#184 = CARTESIAN_POINT ( 'NONE',  ( 0.000000000000000000, 10.15000000000000036, 0.000000000000000000 ) ) ;
#185 = DIRECTION ( 'NONE',  ( 0.000000000000000000, 1.000000000000000000, -0.000000000000000000 ) ) ;
#186 = ORIENTED_EDGE ( 'NONE', *, *, #3541, .F. ) ;
#187 = VECTOR ( 'NONE', #171, 1000.000000000000000 ) ;
#188 = CYLINDRICAL_SURFACE ( 'NONE', #1342, 1.999999999999998224 ) ;
#189 = VERTEX_POINT ( 'NONE', #630 ) ;
#190 = CARTESIAN_POINT ( 'NONE',  ( 13.92900658358514399, 10.15000000000000568, 13.51061806859893899 ) ) ;
#191 = AXIS2_PLACEMENT_3D ( 'NONE', #2305, #1731, #987 ) ;
#192 = DIRECTION ( 'NONE',  ( 0.000000000000000000, 1.000000000000000000, -0.000000000000000000 ) ) ;
#193 = CIRCLE ( 'NONE', #1330, 3.149999999999826716 ) ;
#194 = EDGE_LOOP ( 'NONE', ( #2449, #3734, #69, #943, #3250, #150, #1939, #1277, #858, #2404, #325, #1897, #2824, #747 ) ) ;
#195 = AXIS2_PLACEMENT_3D ( 'NONE', #58, #3465, #81 ) ;
#196 = CARTESIAN_POINT ( 'NONE',  ( 16.97266793280125796, 9.799999999999926104, -14.77086805989614149 ) ) ;
#197 = EDGE_CURVE ( 'NONE', #805, #2439, #1766, .T. ) ;
#198 = DIRECTION ( 'NONE',  ( 0.000000000000000000, -1.000000000000000000, 0.000000000000000000 ) ) ;
#199 = CARTESIAN_POINT ( 'NONE',  ( 10.00000000000000355, 0.5499999999999325428, -24.35564437074638278 ) ) ;
#200 = ORIENTED_EDGE ( 'NONE', *, *, #1611, .F. ) ;
#201 = CARTESIAN_POINT ( 'NONE',  ( 5.218048215738235740E-12, 11.57499999999997264, 17.98499999999281229 ) ) ;
#202 = VERTEX_POINT ( 'NONE', #2316 ) ;
#203 = CARTESIAN_POINT ( 'NONE',  ( 0.000000000000000000, -2.974000000000072141, 0.000000000000000000 ) ) ;
#204 = CYLINDRICAL_SURFACE ( 'NONE', #2792, 19.40500000002931458 ) ;
#205 = ORIENTED_EDGE ( 'NONE', *, *, #444, .T. ) ;
#206 = CARTESIAN_POINT ( 'NONE',  ( -13.79773649881176922, 6.583004902699616245, -23.37263946804667825 ) ) ;
#207 = VERTEX_POINT ( 'NONE', #3472 ) ;
#208 = DIRECTION ( 'NONE',  ( 0.000000000000000000, 0.000000000000000000, -1.000000000000000000 ) ) ;
#209 = DIRECTION ( 'NONE',  ( -0.000000000000000000, -1.000000000000000000, -0.000000000000000000 ) ) ;
#210 = FACE_OUTER_BOUND ( 'NONE', #2847, .T. ) ;
#211 = ORIENTED_EDGE ( 'NONE', *, *, #1960, .F. ) ;
#212 = CARTESIAN_POINT ( 'NONE',  ( 10.65972131626525155, 8.781293399412756884, -19.82833093728316243 ) ) ;
#213 = DIRECTION ( 'NONE',  ( 0.9998837755602059119, 0.000000000000000000, -0.01524583128163091439 ) ) ;
#214 = CARTESIAN_POINT ( 'NONE',  ( -15.29784594892997696, 5.992388155425063090, 23.96325621532124117 ) ) ;
#215 = ORIENTED_EDGE ( 'NONE', *, *, #284, .T. ) ;
#216 = DIRECTION ( 'NONE',  ( 1.000000000000000000, -0.000000000000000000, 1.224646799147353207E-16 ) ) ;
#217 = CARTESIAN_POINT ( 'NONE',  ( -13.51061806865133796, 11.34999999999997122, 13.92900658353529941 ) ) ;
#218 = ORIENTED_EDGE ( 'NONE', *, *, #2764, .F. ) ;
#219 = CARTESIAN_POINT ( 'NONE',  ( -7.731562756698255434, 11.34999999999997300, 18.62259114042260677 ) ) ;
#220 = EDGE_CURVE ( 'NONE', #1904, #585, #1017, .T. ) ;
#221 = DIRECTION ( 'NONE',  ( 0.000000000000000000, -0.9396926207859123137, -0.3420201433256581103 ) ) ;
#222 = EDGE_CURVE ( 'NONE', #822, #2683, #612, .T. ) ;
#223 = PLANE ( 'NONE',  #2170 ) ;
#224 = CARTESIAN_POINT ( 'NONE',  ( 8.038604571995815462, 11.34999999999997655, 19.02225798246481858 ) ) ;
#225 = ORIENTED_EDGE ( 'NONE', *, *, #1782, .T. ) ;
#226 = CARTESIAN_POINT ( 'NONE',  ( 0.000000000000000000, 10.00000000000000000, -22.50000000000000355 ) ) ;
#227 = CARTESIAN_POINT ( 'NONE',  ( 13.92900658358514399, 74.98961030678925965, 13.51061806859893899 ) ) ;
#228 = EDGE_CURVE ( 'NONE', #95, #1192, #3423, .T. ) ;
#229 = LINE ( 'NONE', #1665, #1877 ) ;
#230 = ORIENTED_EDGE ( 'NONE', *, *, #1905, .T. ) ;
#231 = CARTESIAN_POINT ( 'NONE',  ( -6.484437924835757983, 11.25999999999997847, 19.41576158573447586 ) ) ;
#232 = CARTESIAN_POINT ( 'NONE',  ( 0.2944732312038638722, 11.25999999999997847, 19.31275512489393620 ) ) ;
#233 = LINE ( 'NONE', #1382, #260 ) ;
#234 = EDGE_LOOP ( 'NONE', ( #2999, #1274, #2681, #3547, #1638, #756, #1526, #3503, #225, #1946, #1210, #1593, #1845, #1656, #1622, #2081, #1599, #829 ) ) ;
#235 = CARTESIAN_POINT ( 'NONE',  ( 0.000000000000000000, 3.799999999999928324, -26.15564437074637993 ) ) ;
#236 = CARTESIAN_POINT ( 'NONE',  ( -10.24999999999999645, 0.5499999999999325428, -24.35564437074637567 ) ) ;
#237 = EDGE_CURVE ( 'NONE', #165, #2757, #2539, .T. ) ;
#238 = ORIENTED_EDGE ( 'NONE', *, *, #3218, .F. ) ;
#239 = DIRECTION ( 'NONE',  ( 0.000000000000000000, -1.000000000000000000, 0.000000000000000000 ) ) ;
#240 = DIRECTION ( 'NONE',  ( -0.9836109340066773177, 0.000000000000000000, 0.1803039946937170512 ) ) ;
#241 = EDGE_CURVE ( 'NONE', #290, #2948, #348, .T. ) ;
#242 = DIRECTION ( 'NONE',  ( -0.000000000000000000, 1.000000000000000000, -0.000000000000000000 ) ) ;
#243 = CARTESIAN_POINT ( 'NONE',  ( -18.62577703540877749, 0.7999999999999279909, -7.946252565029581660 ) ) ;
#244 = ORIENTED_EDGE ( 'NONE', *, *, #3357, .F. ) ;
#245 = DIRECTION ( 'NONE',  ( -0.000000000000000000, -1.000000000000000000, -0.000000000000000000 ) ) ;
#246 = CARTESIAN_POINT ( 'NONE',  ( -19.31591823177373257, -2.974000000000072141, 11.53886055308023906 ) ) ;
#247 = CARTESIAN_POINT ( 'NONE',  ( -18.09432498179505089, 3.549999999999928324, 9.091639206061131517 ) ) ;
#248 = VERTEX_POINT ( 'NONE', #1158 ) ;
#249 = EDGE_CURVE ( 'NONE', #3724, #2342, #3691, .T. ) ;
#250 = CIRCLE ( 'NONE', #191, 18.18499999999999517 ) ;
#251 = CARTESIAN_POINT ( 'NONE',  ( -16.17957869874080856, 9.799999999999926104, 18.26476238673711094 ) ) ;
#252 = DIRECTION ( 'NONE',  ( -0.4031531783023103443, 0.000000000000000000, -0.9151325121668151263 ) ) ;
#253 = VECTOR ( 'NONE', #712, 1000.000000000000000 ) ;
#254 = VECTOR ( 'NONE', #3444, 1000.000000000000000 ) ;
#255 = DIRECTION ( 'NONE',  ( 0.000000000000000000, 0.000000000000000000, 1.000000000000000000 ) ) ;
#256 = ORIENTED_EDGE ( 'NONE', *, *, #436, .F. ) ;
#257 = CARTESIAN_POINT ( 'NONE',  ( -10.00000000000000355, 9.799999999999926104, -2.891205793294677044E-15 ) ) ;
#258 = LINE ( 'NONE', #3435, #964 ) ;
#259 = ORIENTED_EDGE ( 'NONE', *, *, #2510, .F. ) ;
#260 = VECTOR ( 'NONE', #536, 1000.000000000000114 ) ;
#261 = DIRECTION ( 'NONE',  ( -1.000000000000000000, 0.000000000000000000, 0.000000000000000000 ) ) ;
#262 = FACE_OUTER_BOUND ( 'NONE', #1923, .T. ) ;
#263 = ORIENTED_EDGE ( 'NONE', *, *, #197, .T. ) ;
#264 = LINE ( 'NONE', #3440, #1118 ) ;
#265 = DIRECTION ( 'NONE',  ( 0.000000000000000000, 0.000000000000000000, 1.000000000000000000 ) ) ;
#266 = EDGE_LOOP ( 'NONE', ( #836, #183, #2763, #1126 ) ) ;
#267 = CARTESIAN_POINT ( 'NONE',  ( -12.00000000000001066, 0.5499999999999325428, -24.35564437074637567 ) ) ;
#268 = EDGE_CURVE ( 'NONE', #2104, #1265, #1744, .T. ) ;
#269 = CARTESIAN_POINT ( 'NONE',  ( 2.755455298081545172E-15, -2.974000000000072141, 22.50000000000000355 ) ) ;
#270 = ADVANCED_FACE ( 'NONE', ( #2089 ), #3502, .F. ) ;
#271 = AXIS2_PLACEMENT_3D ( 'NONE', #3606, #2838, #807 ) ;
#272 = CARTESIAN_POINT ( 'NONE',  ( 13.55587378748700722, -2.974000000000072141, 5.391253399353296061 ) ) ;
#273 = CARTESIAN_POINT ( 'NONE',  ( -8.712419260641539154, 36.38267500856138525, 18.65273767788722736 ) ) ;
#274 = VECTOR ( 'NONE', #926, 1000.000000000000227 ) ;
#275 = CARTESIAN_POINT ( 'NONE',  ( 12.50000000000000533, 3.799999999999928324, -26.15564437074637993 ) ) ;
#276 = TOROIDAL_SURFACE ( 'NONE', #1722, 3.089999999999999858, 0.08999999999999999667 ) ;
#277 = VERTEX_POINT ( 'NONE', #2680 ) ;
#278 = VERTEX_POINT ( 'NONE', #1191 ) ;
#279 = EDGE_CURVE ( 'NONE', #95, #3368, #1626, .T. ) ;
#280 = DIRECTION ( 'NONE',  ( -0.000000000000000000, -1.000000000000000000, -0.000000000000000000 ) ) ;
#281 = EDGE_LOOP ( 'NONE', ( #2004, #2937 ) ) ;
#282 = DIRECTION ( 'NONE',  ( -1.156482317317870344E-15, 0.000000000000000000, -1.000000000000000000 ) ) ;
#283 = EDGE_LOOP ( 'NONE', ( #416, #2365, #2060, #1776 ) ) ;
#284 = EDGE_CURVE ( 'NONE', #5, #2348, #1392, .T. ) ;
#285 = DIRECTION ( 'NONE',  ( 0.000000000000000000, 1.000000000000000000, -0.000000000000000000 ) ) ;
#286 = CARTESIAN_POINT ( 'NONE',  ( -17.80880838013104039, 9.799999999999926104, 14.77086805989614327 ) ) ;
#287 = VECTOR ( 'NONE', #2676, 1000.000000000000000 ) ;
#288 = FACE_OUTER_BOUND ( 'NONE', #3556, .T. ) ;
#289 = ADVANCED_FACE ( 'NONE', ( #2775 ), #1878, .F. ) ;
#290 = VERTEX_POINT ( 'NONE', #3341 ) ;
#291 = CARTESIAN_POINT ( 'NONE',  ( 0.000000000000000000, 9.900000000000035882, 0.000000000000000000 ) ) ;
#292 = ADVANCED_FACE ( 'NONE', ( #108 ), #125, .F. ) ;
#293 = EDGE_LOOP ( 'NONE', ( #502, #3223, #351, #1698 ) ) ;
#294 = DIRECTION ( 'NONE',  ( 1.000000000000000000, 0.000000000000000000, -0.000000000000000000 ) ) ;
#295 = DIRECTION ( 'NONE',  ( 6.133173666733504441E-16, -0.7071067811865464625, -0.7071067811865486830 ) ) ;
#296 = ORIENTED_EDGE ( 'NONE', *, *, #3617, .F. ) ;
#297 = LINE ( 'NONE', #3196, #1659 ) ;
#298 = CARTESIAN_POINT ( 'NONE',  ( 12.50000000000000533, -1.474000000000069033, -26.15564437074637993 ) ) ;
#299 = ORIENTED_EDGE ( 'NONE', *, *, #841, .T. ) ;
#300 = ADVANCED_FACE ( 'NONE', ( #1553 ), #1304, .F. ) ;
#301 = DIRECTION ( 'NONE',  ( -0.000000000000000000, -1.000000000000000000, -0.000000000000000000 ) ) ;
#302 = CIRCLE ( 'NONE', #1692, 19.50000000000000355 ) ;
#303 = CARTESIAN_POINT ( 'NONE',  ( 5.220250743006501471E-12, 11.57499999999997264, -17.98499999999725318 ) ) ;
#304 = VECTOR ( 'NONE', #842, 1000.000000000000000 ) ;
#305 = AXIS2_PLACEMENT_3D ( 'NONE', #1500, #2938, #3478 ) ;
#306 = VECTOR ( 'NONE', #1262, 1000.000000000000000 ) ;
#307 = EDGE_CURVE ( 'NONE', #3534, #1588, #459, .T. ) ;
#308 = FACE_OUTER_BOUND ( 'NONE', #3529, .T. ) ;
#309 = DIRECTION ( 'NONE',  ( 0.000000000000000000, 0.000000000000000000, -1.000000000000000000 ) ) ;
#310 = CARTESIAN_POINT ( 'NONE',  ( 9.999999999999994671, 5.992388155425024898, 23.96325621532126249 ) ) ;
#311 = CIRCLE ( 'NONE', #2914, 0.4749999999999997558 ) ;
#312 = AXIS2_PLACEMENT_3D ( 'NONE', #2147, #1922, #3025 ) ;
#313 = CONICAL_SURFACE ( 'NONE', #2609, 0.4749999999999997558, 0.7853981633974528309 ) ;
#314 = VERTEX_POINT ( 'NONE', #438 ) ;
#315 = AXIS2_PLACEMENT_3D ( 'NONE', #2854, #2461, #3620 ) ;
#316 = EDGE_CURVE ( 'NONE', #1366, #314, #386, .T. ) ;
#317 = AXIS2_PLACEMENT_3D ( 'NONE', #1161, #615, #2347 ) ;
#318 = CARTESIAN_POINT ( 'NONE',  ( 5.218048215738235740E-12, 11.82499999999997264, -2.220446049250313081E-12 ) ) ;
#319 = ORIENTED_EDGE ( 'NONE', *, *, #2615, .T. ) ;
#320 = LINE ( 'NONE', #40, #3720 ) ;
#321 = FACE_OUTER_BOUND ( 'NONE', #979, .T. ) ;
#322 = ORIENTED_EDGE ( 'NONE', *, *, #1604, .F. ) ;
#323 = DIRECTION ( 'NONE',  ( 0.000000000000000000, -1.000000000000000000, 0.000000000000000000 ) ) ;
#324 = FACE_OUTER_BOUND ( 'NONE', #2223, .T. ) ;
#325 = ORIENTED_EDGE ( 'NONE', *, *, #483, .F. ) ;
#326 = CARTESIAN_POINT ( 'NONE',  ( 0.000000000000000000, 0.04999999999992814359, 0.000000000000000000 ) ) ;
#327 = CARTESIAN_POINT ( 'NONE',  ( -18.30566896791331644, 0.04999999999992814359, -8.658232131167169499 ) ) ;
#328 = DIRECTION ( 'NONE',  ( 0.000000000000000000, 0.000000000000000000, 1.000000000000000000 ) ) ;
#329 = VECTOR ( 'NONE', #1738, 1000.000000000000000 ) ;
#330 = AXIS2_PLACEMENT_3D ( 'NONE', #3296, #3580, #2086 ) ;
#331 = ORIENTED_EDGE ( 'NONE', *, *, #1882, .T. ) ;
#332 = DIRECTION ( 'NONE',  ( 0.000000000000000000, 0.000000000000000000, 1.000000000000000000 ) ) ;
#333 = ORIENTED_EDGE ( 'NONE', *, *, #2955, .T. ) ;
#334 = EDGE_CURVE ( 'NONE', #443, #1864, #3299, .T. ) ;
#335 = DIRECTION ( 'NONE',  ( -0.000000000000000000, -1.000000000000000000, -0.000000000000000000 ) ) ;
#336 = ORIENTED_EDGE ( 'NONE', *, *, #1403, .T. ) ;
#337 = DIRECTION ( 'NONE',  ( -2.891205793294676354E-16, 0.000000000000000000, -1.000000000000000000 ) ) ;
#338 = CARTESIAN_POINT ( 'NONE',  ( 19.93310100931617868, 9.799999999999926104, 8.296119572172537815 ) ) ;
#339 = EDGE_CURVE ( 'NONE', #936, #845, #1146, .T. ) ;
#340 = PRODUCT_DEFINITION_SHAPE ( 'NONE', 'NONE',  #1825 ) ;
#341 = ORIENTED_EDGE ( 'NONE', *, *, #973, .F. ) ;
#342 = DIRECTION ( 'NONE',  ( 0.000000000000000000, 0.000000000000000000, 1.000000000000000000 ) ) ;
#343 = CARTESIAN_POINT ( 'NONE',  ( -9.999999999999996447, 9.799999999999926104, 26.15564437074638349 ) ) ;
#344 = ORIENTED_EDGE ( 'NONE', *, *, #825, .F. ) ;
#345 = LINE ( 'NONE', #2652, #2796 ) ;
#346 = DIRECTION ( 'NONE',  ( 0.000000000000000000, 1.000000000000000000, 0.000000000000000000 ) ) ;
#347 = EDGE_LOOP ( 'NONE', ( #3298, #2386, #2076, #1849 ) ) ;
#348 = LINE ( 'NONE', #73, #2597 ) ;
#349 = ADVANCED_FACE ( 'NONE', ( #2486 ), #1590, .T. ) ;
#350 = DIRECTION ( 'NONE',  ( -1.000000000000000000, 0.000000000000000000, 0.000000000000000000 ) ) ;
#351 = ORIENTED_EDGE ( 'NONE', *, *, #2812, .F. ) ;
#352 = EDGE_CURVE ( 'NONE', #972, #2322, #762, .T. ) ;
#353 = CARTESIAN_POINT ( 'NONE',  ( 10.25000000000000355, 0.5499999999999325428, -24.35564437074638278 ) ) ;
#354 = VERTEX_POINT ( 'NONE', #1536 ) ;
#355 = DIRECTION ( 'NONE',  ( 0.000000000000000000, 0.000000000000000000, 1.000000000000000000 ) ) ;
#356 = LINE ( 'NONE', #3518, #1097 ) ;
#357 = DIRECTION ( 'NONE',  ( -0.000000000000000000, -1.000000000000000000, -0.000000000000000000 ) ) ;
#358 = DIRECTION ( 'NONE',  ( -0.2823242607847370467, -0.6783409952864249970, 0.6783409952864223325 ) ) ;
#359 = CIRCLE ( 'NONE', #3324, 0.7250000000000034195 ) ;
#360 = DIRECTION ( 'NONE',  ( -1.000000000000000000, 0.000000000000000000, 2.891205793294676847E-16 ) ) ;
#361 = DIRECTION ( 'NONE',  ( -0.000000000000000000, -1.000000000000000000, -0.000000000000000000 ) ) ;
#362 = AXIS2_PLACEMENT_3D ( 'NONE', #770, #3089, #1642 ) ;
#363 = AXIS2_PLACEMENT_3D ( 'NONE', #1572, #967, #404 ) ;
#364 = ORIENTED_EDGE ( 'NONE', *, *, #2184, .T. ) ;
#365 = TOROIDAL_SURFACE ( 'NONE', #71, 3.059999999999901910, 0.08999999999999999667 ) ;
#366 = FACE_OUTER_BOUND ( 'NONE', #1431, .T. ) ;
#367 = AXIS2_PLACEMENT_3D ( 'NONE', #63, #2083, #584 ) ;
#368 = ORIENTED_EDGE ( 'NONE', *, *, #567, .F. ) ;
#369 = CARTESIAN_POINT ( 'NONE',  ( -15.95934561907592197, 9.763086998378504688, -15.87797266882530067 ) ) ;
#370 = ORIENTED_EDGE ( 'NONE', *, *, #2184, .F. ) ;
#371 = CARTESIAN_POINT ( 'NONE',  ( -9.012038728212507621, 11.25000000000000000, 20.90012448714078275 ) ) ;
#372 = FACE_OUTER_BOUND ( 'NONE', #3590, .T. ) ;
#373 = ORIENTED_EDGE ( 'NONE', *, *, #2791, .T. ) ;
#374 = VECTOR ( 'NONE', #168, 1000.000000000000114 ) ;
#375 = CARTESIAN_POINT ( 'NONE',  ( 11.99999999999998757, 0.5499999999999325428, -24.83064437074638420 ) ) ;
#376 = CYLINDRICAL_SURFACE ( 'NONE', #925, 13.00000000000000000 ) ;
#377 = CARTESIAN_POINT ( 'NONE',  ( 17.50000000000000711, -2.974000000000072141, -14.14213562373094391 ) ) ;
#378 = CYLINDRICAL_SURFACE ( 'NONE', #80, 2.999999999999999112 ) ;
#379 = CARTESIAN_POINT ( 'NONE',  ( 8.107012747381947548, 11.25000000000000000, 19.09197697396391646 ) ) ;
#380 = EDGE_CURVE ( 'NONE', #1412, #1976, #788, .T. ) ;
#381 = EDGE_CURVE ( 'NONE', #2757, #2104, #126, .T. ) ;
#382 = LINE ( 'NONE', #3243, #3399 ) ;
#383 = CARTESIAN_POINT ( 'NONE',  ( 10.00000000000000355, -1.474000000000072141, -24.65564437074637993 ) ) ;
#384 = EDGE_CURVE ( 'NONE', #2, #3193, #1810, .T. ) ;
#385 = ORIENTED_EDGE ( 'NONE', *, *, #2998, .F. ) ;
#386 = LINE ( 'NONE', #3004, #1507 ) ;
#387 = VECTOR ( 'NONE', #209, 1000.000000000000000 ) ;
#388 = ORIENTED_EDGE ( 'NONE', *, *, #565, .F. ) ;
#389 = CARTESIAN_POINT ( 'NONE',  ( -10.65972131626525155, 8.781293399412756884, 19.82833093728316243 ) ) ;
#390 = ORIENTED_EDGE ( 'NONE', *, *, #143, .F. ) ;
#391 = LINE ( 'NONE', #1860, #2300 ) ;
#392 = EDGE_CURVE ( 'NONE', #2151, #2439, #484, .T. ) ;
#393 = ORIENTED_EDGE ( 'NONE', *, *, #1727, .T. ) ;
#394 = CARTESIAN_POINT ( 'NONE',  ( 10.00000000000000355, 0.5499999999999264366, 24.35564437074637567 ) ) ;
#395 = VECTOR ( 'NONE', #624, 1000.000000000000000 ) ;
#396 = CARTESIAN_POINT ( 'NONE',  ( 0.000000000000000000, 10.15000000000000568, -19.40500000002931458 ) ) ;
#397 = DIRECTION ( 'NONE',  ( 0.000000000000000000, 0.000000000000000000, -1.000000000000000000 ) ) ;
#398 = EDGE_CURVE ( 'NONE', #1108, #1465, #145, .T. ) ;
#399 = FACE_OUTER_BOUND ( 'NONE', #2129, .T. ) ;
#400 = FACE_OUTER_BOUND ( 'NONE', #2209, .T. ) ;
#401 = CARTESIAN_POINT ( 'NONE',  ( -12.49999999999999645, 3.799999999999903455, -26.15564437074638349 ) ) ;
#402 = EDGE_CURVE ( 'NONE', #796, #2425, #2600, .T. ) ;
#403 = ORIENTED_EDGE ( 'NONE', *, *, #2085, .T. ) ;
#404 = DIRECTION ( 'NONE',  ( 0.000000000000000000, 0.000000000000000000, 1.000000000000000000 ) ) ;
#405 = EDGE_CURVE ( 'NONE', #1298, #1215, #2660, .T. ) ;
#406 = ORIENTED_EDGE ( 'NONE', *, *, #1185, .T. ) ;
#407 = ORIENTED_EDGE ( 'NONE', *, *, #2288, .T. ) ;
#408 = DIRECTION ( 'NONE',  ( 0.000000000000000000, 0.000000000000000000, 1.000000000000000000 ) ) ;
#409 = ORIENTED_EDGE ( 'NONE', *, *, #3463, .T. ) ;
#410 = CARTESIAN_POINT ( 'NONE',  ( 9.999999999999994671, -3.200000000000072564, -14.77086805989614149 ) ) ;
#411 = CARTESIAN_POINT ( 'NONE',  ( 12.00000000000000178, 0.5499999999999264366, 24.35564437074637567 ) ) ;
#412 = ORIENTED_EDGE ( 'NONE', *, *, #3499, .T. ) ;
#413 = EDGE_CURVE ( 'NONE', #3506, #1912, #258, .T. ) ;
#414 = CARTESIAN_POINT ( 'NONE',  ( -8.039884573100295029, 36.38267500856138525, 19.15229260200478478 ) ) ;
#415 = CARTESIAN_POINT ( 'NONE',  ( 10.25000000000000355, 0.5499999999999325428, -23.88064437074638491 ) ) ;
#416 = ORIENTED_EDGE ( 'NONE', *, *, #2705, .F. ) ;
#417 = AXIS2_PLACEMENT_3D ( 'NONE', #1237, #3306, #2410 ) ;
#418 = AXIS2_PLACEMENT_3D ( 'NONE', #810, #539, #1068 ) ;
#419 = DIRECTION ( 'NONE',  ( 0.3695524189464524101, 0.000000000000000000, -0.9292098846067156082 ) ) ;
#420 = ORIENTED_EDGE ( 'NONE', *, *, #3292, .F. ) ;
#421 = ORIENTED_EDGE ( 'NONE', *, *, #2265, .F. ) ;
#422 = EDGE_CURVE ( 'NONE', #2834, #674, #3097, .T. ) ;
#423 = DIRECTION ( 'NONE',  ( 0.000000000000000000, 0.000000000000000000, 1.000000000000000000 ) ) ;
#424 = AXIS2_PLACEMENT_3D ( 'NONE', #2810, #3150, #1119 ) ;
#425 = EDGE_LOOP ( 'NONE', ( #614, #146, #1846, #3285 ) ) ;
#426 = CIRCLE ( 'NONE', #2548, 0.09000000000000024647 ) ;
#427 = ORIENTED_EDGE ( 'NONE', *, *, #2563, .T. ) ;
#428 = VECTOR ( 'NONE', #3535, 1000.000000000000000 ) ;
#429 = FACE_OUTER_BOUND ( 'NONE', #156, .T. ) ;
#430 = DIRECTION ( 'NONE',  ( 0.000000000000000000, 1.000000000000000000, 0.000000000000000000 ) ) ;
#431 = ORIENTED_EDGE ( 'NONE', *, *, #1602, .F. ) ;
#432 = TOROIDAL_SURFACE ( 'NONE', #138, 20.50000000000000355, 2.000000000000000000 ) ;
#433 = DIRECTION ( 'NONE',  ( 1.000000000000000000, 0.000000000000000000, 0.000000000000000000 ) ) ;
#434 = VECTOR ( 'NONE', #1686, 1000.000000000000000 ) ;
#435 = DIRECTION ( 'NONE',  ( 0.000000000000000000, -1.000000000000000000, 0.000000000000000000 ) ) ;
#436 = EDGE_CURVE ( 'NONE', #1465, #1652, #1021, .T. ) ;
#437 = ORIENTED_EDGE ( 'NONE', *, *, #334, .F. ) ;
#438 = CARTESIAN_POINT ( 'NONE',  ( 10.00000000000000178, 5.992388155425024898, 23.96325621532126604 ) ) ;
#439 = ORIENTED_EDGE ( 'NONE', *, *, #2516, .T. ) ;
#440 = ORIENTED_EDGE ( 'NONE', *, *, #825, .T. ) ;
#441 = CARTESIAN_POINT ( 'NONE',  ( 12.62674697285229186, 11.29022020982304220, 14.85320525440579154 ) ) ;
#442 = CARTESIAN_POINT ( 'NONE',  ( -12.13064373469592994, 9.900000000000035882, 15.26753033669436022 ) ) ;
#443 = VERTEX_POINT ( 'NONE', #3127 ) ;
#444 = EDGE_CURVE ( 'NONE', #2642, #2935, #2175, .T. ) ;
#445 = EDGE_CURVE ( 'NONE', #461, #622, #781, .T. ) ;
#446 = FACE_OUTER_BOUND ( 'NONE', #2748, .T. ) ;
#447 = EDGE_LOOP ( 'NONE', ( #427, #1428, #1009, #2585, #1098, #2211, #3721 ) ) ;
#448 = CARTESIAN_POINT ( 'NONE',  ( -12.49012541698515477, 10.03565453020360287, 14.91884648169093985 ) ) ;
#449 = AXIS2_PLACEMENT_3D ( 'NONE', #2695, #962, #2962 ) ;
#450 = DIRECTION ( 'NONE',  ( -0.7071067811865426878, 0.000000000000000000, 0.7071067811865522357 ) ) ;
#451 = ORIENTED_EDGE ( 'NONE', *, *, #2812, .T. ) ;
#452 = EDGE_CURVE ( 'NONE', #2878, #1866, #1959, .T. ) ;
#453 = AXIS2_PLACEMENT_3D ( 'NONE', #3226, #1393, #1493 ) ;
#454 = LINE ( 'NONE', #3639, #1153 ) ;
#455 = LINE ( 'NONE', #3412, #1150 ) ;
#456 = CARTESIAN_POINT ( 'NONE',  ( -14.86833698829939365, 9.634223665031608874, -16.90394284962680160 ) ) ;
#457 = VERTEX_POINT ( 'NONE', #2836 ) ;
#458 = CARTESIAN_POINT ( 'NONE',  ( -12.49999999999999645, -1.474000000000072141, -26.15564437074638349 ) ) ;
#459 = LINE ( 'NONE', #983, #849 ) ;
#460 = ORIENTED_EDGE ( 'NONE', *, *, #1837, .F. ) ;
#461 = VERTEX_POINT ( 'NONE', #1427 ) ;
#462 = AXIS2_PLACEMENT_3D ( 'NONE', #3579, #360, #3279 ) ;
#463 = CARTESIAN_POINT ( 'NONE',  ( 12.00000000000000178, 0.5499999999999264366, 24.83064437074637709 ) ) ;
#464 = VERTEX_POINT ( 'NONE', #2583 ) ;
#465 = EDGE_CURVE ( 'NONE', #1230, #662, #2413, .T. ) ;
#466 = CARTESIAN_POINT ( 'NONE',  ( 8.052565671806988234, 11.34839708146845005, 19.03656284308788571 ) ) ;
#467 = VERTEX_POINT ( 'NONE', #2294 ) ;
#468 = CYLINDRICAL_SURFACE ( 'NONE', #2237, 3.199999999999848743 ) ;
#469 = PLANE ( 'NONE',  #2610 ) ;
#470 = ORIENTED_EDGE ( 'NONE', *, *, #1064, .T. ) ;
#471 = PLANE ( 'NONE',  #1637 ) ;
#472 = DIRECTION ( 'NONE',  ( -0.000000000000000000, -1.000000000000000000, -0.000000000000000000 ) ) ;
#473 = LINE ( 'NONE', #3546, #2064 ) ;
#474 = ORIENTED_EDGE ( 'NONE', *, *, #2907, .F. ) ;
#475 = DIRECTION ( 'NONE',  ( 0.000000000000000000, -1.000000000000000000, 0.000000000000000000 ) ) ;
#476 = LINE ( 'NONE', #201, #2801 ) ;
#477 = VERTEX_POINT ( 'NONE', #2262 ) ;
#478 = CARTESIAN_POINT ( 'NONE',  ( 0.000000000000000000, 10.15000000000000036, 0.000000000000000000 ) ) ;
#479 = AXIS2_PLACEMENT_3D ( 'NONE', #1462, #2949, #1497 ) ;
#480 = CARTESIAN_POINT ( 'NONE',  ( -19.31591823177373257, 9.799999999999926104, -11.53886055308023906 ) ) ;
#481 = ORIENTED_EDGE ( 'NONE', *, *, #2254, .T. ) ;
#482 = VECTOR ( 'NONE', #2531, 1000.000000000000000 ) ;
#483 = EDGE_CURVE ( 'NONE', #3548, #278, #1258, .T. ) ;
#484 = CIRCLE ( 'NONE', #363, 18.18499999999999517 ) ;
#485 = CARTESIAN_POINT ( 'NONE',  ( -13.19946148723249024, -2.974000000000072141, -24.65564437074638704 ) ) ;
#486 = ORIENTED_EDGE ( 'NONE', *, *, #2630, .F. ) ;
#487 = CARTESIAN_POINT ( 'NONE',  ( -20.28561557374407442, 9.799999999999926104, -9.459337892425100591 ) ) ;
#488 = FACE_OUTER_BOUND ( 'NONE', #3066, .T. ) ;
#489 = DIRECTION ( 'NONE',  ( -0.000000000000000000, -1.000000000000000000, -0.000000000000000000 ) ) ;
#490 = CIRCLE ( 'NONE', #2358, 0.7249999999999825473 ) ;
#491 = ORIENTED_EDGE ( 'NONE', *, *, #2857, .T. ) ;
#492 = VECTOR ( 'NONE', #28, 1000.000000000000000 ) ;
#493 = CARTESIAN_POINT ( 'NONE',  ( -10.55932221929372083, 11.34999999999997300, 19.86833446137672610 ) ) ;
#494 = AXIS2_PLACEMENT_3D ( 'NONE', #3124, #475, #2503 ) ;
#495 = PLANE ( 'NONE',  #2121 ) ;
#496 = EDGE_CURVE ( 'NONE', #805, #1065, #2481, .T. ) ;
#497 = VECTOR ( 'NONE', #3162, 1000.000000000000000 ) ;
#498 = LINE ( 'NONE', #778, #1525 ) ;
#499 = ADVANCED_FACE ( 'NONE', ( #3583 ), #2846, .T. ) ;
#500 = ORIENTED_EDGE ( 'NONE', *, *, #163, .F. ) ;
#501 = CARTESIAN_POINT ( 'NONE',  ( 10.00000000000000355, 0.5499999999999265476, 23.63064437074633872 ) ) ;
#502 = ORIENTED_EDGE ( 'NONE', *, *, #2980, .F. ) ;
#503 = CYLINDRICAL_SURFACE ( 'NONE', #2374, 0.4749999999999997558 ) ;
#504 = CARTESIAN_POINT ( 'NONE',  ( 0.000000000000000000, 10.15000000000000036, -19.40900744143347012 ) ) ;
#505 = LINE ( 'NONE', #2248, #1564 ) ;
#506 = DIRECTION ( 'NONE',  ( -0.000000000000000000, 1.000000000000000000, -0.000000000000000000 ) ) ;
#507 = VERTEX_POINT ( 'NONE', #1399 ) ;
#508 = LINE ( 'NONE', #226, #11 ) ;
#509 = DIRECTION ( 'NONE',  ( -0.6962441674125090518, 0.000000000000000000, 0.7178050287815362918 ) ) ;
#510 = DIRECTION ( 'NONE',  ( 1.000000000000000000, 0.000000000000000000, 0.000000000000000000 ) ) ;
#511 = CIRCLE ( 'NONE', #271, 2.999999999999999112 ) ;
#512 = VERTEX_POINT ( 'NONE', #247 ) ;
#513 = AXIS2_PLACEMENT_3D ( 'NONE', #383, #644, #2102 ) ;
#514 = UNCERTAINTY_MEASURE_WITH_UNIT (LENGTH_MEASURE( 1.000000000000000082E-05 ), #3302, 'distance_accuracy_value', 'NONE');
#515 = CARTESIAN_POINT ( 'NONE',  ( 11.99999999999998757, 0.5499999999999325428, -24.83064437074638420 ) ) ;
#516 = DIRECTION ( 'NONE',  ( -1.000000000000000000, 0.000000000000000000, 2.891205793294676847E-16 ) ) ;
#517 = EDGE_CURVE ( 'NONE', #2395, #290, #3048, .T. ) ;
#518 = EDGE_CURVE ( 'NONE', #2425, #1592, #2458, .T. ) ;
#519 = CARTESIAN_POINT ( 'NONE',  ( -12.13064373469592994, 36.38267500856138525, 15.26753033669436022 ) ) ;
#520 = ORIENTED_EDGE ( 'NONE', *, *, #719, .F. ) ;
#521 = FACE_OUTER_BOUND ( 'NONE', #131, .T. ) ;
#522 = ORIENTED_EDGE ( 'NONE', *, *, #1015, .F. ) ;
#523 = CARTESIAN_POINT ( 'NONE',  ( -6.484437924835757983, 11.25999999999997847, 16.35576158573464767 ) ) ;
#524 = EDGE_CURVE ( 'NONE', #2109, #3177, #1332, .T. ) ;
#525 = LINE ( 'NONE', #2282, #843 ) ;
#526 = B_SPLINE_CURVE_WITH_KNOTS ( 'NONE', 3,
 ( #3070, #224, #1375, #3710, #2212, #466, #768, #1617, #2782, #2492, #1052, #2529, #2936, #1464, #1443, #2624, #542, #2641, #576 ),
 .UNSPECIFIED., .F., .F.,
 ( 4, 3, 3, 3, 3, 3, 4 ),
 ( -2.199635464132339136E-06, 0.000000000000000000, 2.770809036195513465E-05, 5.944898140172675524E-05, 8.881469844736214155E-05, 0.0001172117761430541095, 0.0001456732871975992250 ),
 .UNSPECIFIED. ) ;
#527 = CARTESIAN_POINT ( 'NONE',  ( 9.277055991985225347, -2.974000000000072141, 18.37844129339694987 ) ) ;
#528 = ORIENTED_EDGE ( 'NONE', *, *, #717, .F. ) ;
#529 = DIRECTION ( 'NONE',  ( 0.000000000000000000, 0.000000000000000000, 1.000000000000000000 ) ) ;
#530 = LINE ( 'NONE', #3133, #3057 ) ;
#531 = DIRECTION ( 'NONE',  ( -0.01524583128162817700, 0.000000000000000000, -0.9998837755602059119 ) ) ;
#532 = ORIENTED_EDGE ( 'NONE', *, *, #2630, .T. ) ;
#533 = ADVANCED_FACE ( 'NONE', ( #3626 ), #1883, .F. ) ;
#534 = DIRECTION ( 'NONE',  ( 0.000000000000000000, 0.000000000000000000, -1.000000000000000000 ) ) ;
#535 = LINE ( 'NONE', #2311, #3328 ) ;
#536 = DIRECTION ( 'NONE',  ( 0.3842467840676229707, 0.000000000000000000, 0.9232304202817893657 ) ) ;
#537 = VERTEX_POINT ( 'NONE', #1067 ) ;
#538 = ORIENTED_EDGE ( 'NONE', *, *, #2685, .T. ) ;
#539 = DIRECTION ( 'NONE',  ( -0.7178050287806694296, 0.000000000000000000, -0.6962441674134028924 ) ) ;
#540 = EDGE_CURVE ( 'NONE', #649, #165, #726, .T. ) ;
#541 = AXIS2_PLACEMENT_3D ( 'NONE', #2044, #36, #2029 ) ;
#542 = CARTESIAN_POINT ( 'NONE',  ( 8.105833406072170177, 11.27902486263826276, 19.09078293246784597 ) ) ;
#543 = ORIENTED_EDGE ( 'NONE', *, *, #2306, .F. ) ;
#544 = CARTESIAN_POINT ( 'NONE',  ( 8.370392823701402918, 11.25999999999997314, 18.42972891989294837 ) ) ;
#545 = DIRECTION ( 'NONE',  ( 0.000000000000000000, 0.000000000000000000, -1.000000000000000000 ) ) ;
#546 = EDGE_CURVE ( 'NONE', #805, #2046, #3452, .T. ) ;
#547 = AXIS2_PLACEMENT_3D ( 'NONE', #1968, #3653, #1984 ) ;
#548 = AXIS2_PLACEMENT_3D ( 'NONE', #3451, #1920, #1387 ) ;
#549 = VERTEX_POINT ( 'NONE', #2489 ) ;
#550 = DIRECTION ( 'NONE',  ( 0.000000000000000000, 0.000000000000000000, 1.000000000000000000 ) ) ;
#551 = AXIS2_PLACEMENT_3D ( 'NONE', #9, #2274, #2613 ) ;
#552 = VECTOR ( 'NONE', #1100, 1000.000000000000000 ) ;
#553 = VECTOR ( 'NONE', #489, 1000.000000000000000 ) ;
#554 = CARTESIAN_POINT ( 'NONE',  ( 9.999999999999994671, 9.799999999999926104, -14.77086805989614149 ) ) ;
#555 = SURFACE_STYLE_FILL_AREA ( #2942 ) ;
#556 = ADVANCED_FACE ( 'NONE', ( #3380 ), #204, .F. ) ;
#557 = AXIS2_PLACEMENT_3D ( 'NONE', #3627, #3026, #423 ) ;
#558 = VERTEX_POINT ( 'NONE', #1595 ) ;
#559 = VECTOR ( 'NONE', #2275, 1000.000000000000000 ) ;
#560 = DIRECTION ( 'NONE',  ( -0.000000000000000000, -1.000000000000000000, -0.000000000000000000 ) ) ;
#561 = LINE ( 'NONE', #1712, #2420 ) ;
#562 = ORIENTED_EDGE ( 'NONE', *, *, #392, .T. ) ;
#563 = DIRECTION ( 'NONE',  ( 0.000000000000000000, 0.000000000000000000, -1.000000000000000000 ) ) ;
#564 = CARTESIAN_POINT ( 'NONE',  ( 12.50000000000000533, -2.352679656440429312, -26.15564437074637283 ) ) ;
#565 = EDGE_CURVE ( 'NONE', #3193, #457, #1152, .T. ) ;
#566 = EDGE_LOOP ( 'NONE', ( #2565, #2166, #2715, #826 ) ) ;
#567 = EDGE_CURVE ( 'NONE', #1366, #1921, #3346, .T. ) ;
#568 = LINE ( 'NONE', #1503, #2061 ) ;
#569 = CARTESIAN_POINT ( 'NONE',  ( 0.000000000000000000, 10.15000000000000036, 0.000000000000000000 ) ) ;
#570 = EDGE_CURVE ( 'NONE', #662, #2069, #748, .T. ) ;
#571 = VECTOR ( 'NONE', #1792, 1000.000000000000000 ) ;
#572 = DIRECTION ( 'NONE',  ( -0.000000000000000000, -1.000000000000000000, 0.000000000000000000 ) ) ;
#573 = ORIENTED_EDGE ( 'NONE', *, *, #1206, .F. ) ;
#574 = DIRECTION ( 'NONE',  ( 0.000000000000000000, 0.000000000000000000, -1.000000000000000000 ) ) ;
#575 = ORIENTED_EDGE ( 'NONE', *, *, #1101, .T. ) ;
#576 = CARTESIAN_POINT ( 'NONE',  ( 8.107012747381945772, 11.25999999999997847, 19.09197697396391646 ) ) ;
#577 = ORIENTED_EDGE ( 'NONE', *, *, #2832, .F. ) ;
#578 = CYLINDRICAL_SURFACE ( 'NONE', #927, 19.50000000000000355 ) ;
#579 = DIRECTION ( 'NONE',  ( -0.3842467840676229152, 0.000000000000000000, 0.9232304202817894767 ) ) ;
#580 = ORIENTED_EDGE ( 'NONE', *, *, #2087, .F. ) ;
#581 = EDGE_CURVE ( 'NONE', #1671, #730, #1816, .T. ) ;
#582 = DIRECTION ( 'NONE',  ( -0.000000000000000000, -1.000000000000000000, -0.000000000000000000 ) ) ;
#583 = DIRECTION ( 'NONE',  ( -0.3695524189464526876, 0.000000000000000000, 0.9292098846067154971 ) ) ;
#584 = DIRECTION ( 'NONE',  ( 0.000000000000000000, 0.000000000000000000, -1.000000000000000000 ) ) ;
#585 = VERTEX_POINT ( 'NONE', #3068 ) ;
#586 = CARTESIAN_POINT ( 'NONE',  ( -6.436413556298621330, 11.25000000000000000, 19.50539547874912216 ) ) ;
#587 = ORIENTED_EDGE ( 'NONE', *, *, #175, .F. ) ;
#588 = CARTESIAN_POINT ( 'NONE',  ( -12.13064373467851098, 11.26792076695913458, 15.26753033671124626 ) ) ;
#589 = VERTEX_POINT ( 'NONE', #463 ) ;
#590 = LINE ( 'NONE', #2283, #497 ) ;
#591 = ORIENTED_EDGE ( 'NONE', *, *, #1165, .F. ) ;
#592 = CARTESIAN_POINT ( 'NONE',  ( 13.47224489787240032, 11.25999999999997314, 5.357993681648110851 ) ) ;
#593 = LINE ( 'NONE', #879, #2599 ) ;
#594 = EDGE_LOOP ( 'NONE', ( #3545, #587 ) ) ;
#595 = CARTESIAN_POINT ( 'NONE',  ( 0.000000000000000000, -1.474000000000072585, 26.15564437074638349 ) ) ;
#596 = VECTOR ( 'NONE', #2034, 999.9999999999998863 ) ;
#597 = CARTESIAN_POINT ( 'NONE',  ( 19.93310100931617868, 9.799999999999926104, -8.296119572172537815 ) ) ;
#598 = CIRCLE ( 'NONE', #2047, 19.50000000000000355 ) ;
#599 = CIRCLE ( 'NONE', #1090, 0.09000000000000026035 ) ;
#600 = AXIS2_PLACEMENT_3D ( 'NONE', #3181, #2663, #634 ) ;
#601 = CARTESIAN_POINT ( 'NONE',  ( -12.59505669002710171, -2.974000000000072141, 14.88672384962533357 ) ) ;
#602 = DIRECTION ( 'NONE',  ( 0.000000000000000000, 1.000000000000000000, 0.000000000000000000 ) ) ;
#603 = ORIENTED_EDGE ( 'NONE', *, *, #2258, .T. ) ;
#604 = FACE_OUTER_BOUND ( 'NONE', #2188, .T. ) ;
#605 = CIRCLE ( 'NONE', #130, 0.4749999999999997558 ) ;
#606 = EDGE_CURVE ( 'NONE', #3614, #3234, #704, .T. ) ;
#607 = AXIS2_PLACEMENT_3D ( 'NONE', #2431, #2691, #710 ) ;
#608 = EDGE_CURVE ( 'NONE', #732, #730, #3085, .T. ) ;
#609 = AXIS2_PLACEMENT_3D ( 'NONE', #619, #2667, #937 ) ;
#610 = VERTEX_POINT ( 'NONE', #1781 ) ;
#611 = AXIS2_PLACEMENT_3D ( 'NONE', #3552, #958, #397 ) ;
#612 = LINE ( 'NONE', #646, #657 ) ;
#613 = CIRCLE ( 'NONE', #3704, 0.7250000000000034195 ) ;
#614 = ORIENTED_EDGE ( 'NONE', *, *, #2907, .T. ) ;
#615 = DIRECTION ( 'NONE',  ( 0.000000000000000000, -1.000000000000000000, 0.000000000000000000 ) ) ;
#616 = ORIENTED_EDGE ( 'NONE', *, *, #1602, .T. ) ;
#617 = CIRCLE ( 'NONE', #3519, 22.50000000000000355 ) ;
#618 = EDGE_LOOP ( 'NONE', ( #1420, #3094, #952, #707 ) ) ;
#619 = CARTESIAN_POINT ( 'NONE',  ( 0.3146861180320550400, 0.000000000000000000, 20.63839865480838398 ) ) ;
#620 = CARTESIAN_POINT ( 'NONE',  ( -17.62768122836097362, 3.549999999999928324, -8.337556867049867648 ) ) ;
#621 = CARTESIAN_POINT ( 'NONE',  ( 13.55587378748700544, 0.000000000000000000, 5.391253399353292508 ) ) ;
#622 = VERTEX_POINT ( 'NONE', #49 ) ;
#623 = CARTESIAN_POINT ( 'NONE',  ( -7.452666918885723746, 11.34997743347291532, 19.26066612124441235 ) ) ;
#624 = DIRECTION ( 'NONE',  ( -1.000000000000000000, -0.000000000000000000, -0.000000000000000000 ) ) ;
#625 = ADVANCED_FACE ( 'NONE', ( #2527 ), #1089, .T. ) ;
#626 = CIRCLE ( 'NONE', #3470, 22.50000000000000355 ) ;
#627 = ADVANCED_FACE ( 'NONE', ( #2947 ), #2245, .F. ) ;
#628 = TOROIDAL_SURFACE ( 'NONE', #2266, 17.98499999999999588, 0.2000000000000000111 ) ;
#629 = ORIENTED_EDGE ( 'NONE', *, *, #717, .T. ) ;
#630 = CARTESIAN_POINT ( 'NONE',  ( -6.893445386980598499, 11.25000000000000000, 20.74830538543782410 ) ) ;
#631 = ORIENTED_EDGE ( 'NONE', *, *, #671, .T. ) ;
#632 = DIRECTION ( 'NONE',  ( -1.000000000000000000, 0.000000000000000000, 0.000000000000000000 ) ) ;
#633 = ORIENTED_EDGE ( 'NONE', *, *, #2540, .F. ) ;
#634 = DIRECTION ( 'NONE',  ( 0.000000000000000000, 0.000000000000000000, -1.000000000000000000 ) ) ;
#635 = ORIENTED_EDGE ( 'NONE', *, *, #1217, .T. ) ;
#636 = CARTESIAN_POINT ( 'NONE',  ( 17.49999999999999645, -2.974000000000072141, 14.14213562373095634 ) ) ;
#637 = DIRECTION ( 'NONE',  ( -0.4226182617406970543, 0.000000000000000000, -0.9063077870366511579 ) ) ;
#638 = CARTESIAN_POINT ( 'NONE',  ( -19.91812141363523025, 3.549999999999928324, 3.651155892547749637 ) ) ;
#639 = APPLICATION_CONTEXT ( 'automotive_design' ) ;
#640 = ORIENTED_EDGE ( 'NONE', *, *, #3091, .F. ) ;
#641 = CARTESIAN_POINT ( 'NONE',  ( 8.493206138382447534E-11, 11.82499999999997264, -5.262457136723242002E-11 ) ) ;
#642 = CIRCLE ( 'NONE', #3246, 20.25000000000000355 ) ;
#643 = DIRECTION ( 'NONE',  ( -0.4275670188230716873, 0.000000000000000000, 0.9039836527364590868 ) ) ;
#644 = DIRECTION ( 'NONE',  ( -1.000000000000000000, -0.000000000000000000, -8.673617379884034486E-16 ) ) ;
#645 = ORIENTED_EDGE ( 'NONE', *, *, #1185, .F. ) ;
#646 = CARTESIAN_POINT ( 'NONE',  ( -9.999999999999996447, -2.974000000000072141, -24.65564437074638349 ) ) ;
#647 = DIRECTION ( 'NONE',  ( 0.000000000000000000, -1.000000000000000000, 0.000000000000000000 ) ) ;
#648 = VERTEX_POINT ( 'NONE', #3203 ) ;
#649 = VERTEX_POINT ( 'NONE', #586 ) ;
#650 = EDGE_CURVE ( 'NONE', #457, #1803, #3214, .T. ) ;
#651 = ADVANCED_FACE ( 'NONE', ( #1963 ), #1657, .F. ) ;
#652 = CARTESIAN_POINT ( 'NONE',  ( 0.000000000000000000, 11.34999999999997122, 0.000000000000000000 ) ) ;
#653 = DIRECTION ( 'NONE',  ( 0.7178050287942189245, -0.000000000000000000, 0.6962441673994337332 ) ) ;
#654 = CARTESIAN_POINT ( 'NONE',  ( 9.625654057275255582, 11.25999999999997314, 16.85511447512773842 ) ) ;
#655 = FACE_OUTER_BOUND ( 'NONE', #1799, .T. ) ;
#656 = CARTESIAN_POINT ( 'NONE',  ( -7.517602003331535165, 11.26945426829217745, 19.33150888463367778 ) ) ;
#657 = VECTOR ( 'NONE', #294, 1000.000000000000000 ) ;
#658 = DIRECTION ( 'NONE',  ( 0.000000000000000000, 0.000000000000000000, -1.000000000000000000 ) ) ;
#659 = CARTESIAN_POINT ( 'NONE',  ( 2.227020204249461178E-15, 75.46461030678925397, 18.18499999999999517 ) ) ;
#660 = AXIS2_PLACEMENT_3D ( 'NONE', #410, #1559, #2688 ) ;
#661 = VECTOR ( 'NONE', #2739, 1000.000000000000000 ) ;
#662 = VERTEX_POINT ( 'NONE', #1477 ) ;
#663 = ADVANCED_FACE ( 'NONE', ( #1941 ), #3500, .T. ) ;
#664 = VECTOR ( 'NONE', #1344, 1000.000000000000000 ) ;
#665 = DIRECTION ( 'NONE',  ( -1.000000000000000000, 0.000000000000000000, 0.000000000000000000 ) ) ;
#666 = EDGE_LOOP ( 'NONE', ( #915, #1232, #1440, #403 ) ) ;
#667 = PRESENTATION_LAYER_ASSIGNMENT (  '', '', ( #2308 ) ) ;
#668 = CARTESIAN_POINT ( 'NONE',  ( -12.55497707175189426, 9.217023246844302520, -18.72925009942590435 ) ) ;
#669 = ORIENTED_EDGE ( 'NONE', *, *, #384, .F. ) ;
#670 = LINE ( 'NONE', #3586, #33 ) ;
#671 = EDGE_CURVE ( 'NONE', #1746, #1543, #2179, .T. ) ;
#672 = EDGE_LOOP ( 'NONE', ( #1930, #3046, #3305, #3282 ) ) ;
#673 = CIRCLE ( 'NONE', #2007, 20.50000000000000355 ) ;
#674 = VERTEX_POINT ( 'NONE', #2363 ) ;
#675 = DIRECTION ( 'NONE',  ( 0.000000000000000000, 0.000000000000000000, 1.000000000000000000 ) ) ;
#676 = DIRECTION ( 'NONE',  ( 0.000000000000000000, 0.000000000000000000, -1.000000000000000000 ) ) ;
#677 = DIRECTION ( 'NONE',  ( -0.000000000000000000, -1.000000000000000000, -0.000000000000000000 ) ) ;
#678 = EDGE_CURVE ( 'NONE', #796, #3534, #2618, .T. ) ;
#679 = ORIENTED_EDGE ( 'NONE', *, *, #940, .T. ) ;
#680 = FACE_OUTER_BOUND ( 'NONE', #1978, .T. ) ;
#681 = DIRECTION ( 'NONE',  ( 0.000000000000000000, -1.000000000000000000, 0.000000000000000000 ) ) ;
#682 = CARTESIAN_POINT ( 'NONE',  ( -13.19946148723249024, -2.974000000000072141, -24.65564437074638704 ) ) ;
#683 = CARTESIAN_POINT ( 'NONE',  ( -12.49999999999999645, 9.799999999999926104, 26.15564437074638349 ) ) ;
#684 = ORIENTED_EDGE ( 'NONE', *, *, #678, .T. ) ;
#685 = ADVANCED_FACE ( 'NONE', ( #604 ), #276, .F. ) ;
#686 = DIRECTION ( 'NONE',  ( 0.000000000000000000, 0.000000000000000000, -1.000000000000000000 ) ) ;
#687 = CONICAL_SURFACE ( 'NONE', #2567, 19.40900744143347012, 0.3490658503988545158 ) ;
#688 = ORIENTED_EDGE ( 'NONE', *, *, #398, .F. ) ;
#689 = ORIENTED_EDGE ( 'NONE', *, *, #1979, .T. ) ;
#690 = CARTESIAN_POINT ( 'NONE',  ( 0.000000000000000000, 0.000000000000000000, 0.000000000000000000 ) ) ;
#691 = ADVANCED_FACE ( 'NONE', ( #64 ), #1479, .F. ) ;
#692 = ORIENTED_EDGE ( 'NONE', *, *, #1439, .T. ) ;
#693 = EDGE_LOOP ( 'NONE', ( #520, #1312, #831, #30 ) ) ;
#694 = FACE_BOUND ( 'NONE', #2143, .T. ) ;
#695 = FACE_OUTER_BOUND ( 'NONE', #2161, .T. ) ;
#696 = ORIENTED_EDGE ( 'NONE', *, *, #2085, .F. ) ;
#697 = DIRECTION ( 'NONE',  ( 1.000000000000000000, 0.000000000000000000, -2.891205793294676354E-16 ) ) ;
#698 = FACE_OUTER_BOUND ( 'NONE', #3436, .T. ) ;
#699 = EDGE_CURVE ( 'NONE', #3439, #507, #3663, .T. ) ;
#700 = ORIENTED_EDGE ( 'NONE', *, *, #570, .T. ) ;
#701 = DIRECTION ( 'NONE',  ( 1.000000000000000000, 0.000000000000000000, 0.000000000000000000 ) ) ;
#702 = ORIENTED_EDGE ( 'NONE', *, *, #1611, .T. ) ;
#703 = ORIENTED_EDGE ( 'NONE', *, *, #2455, .F. ) ;
#704 = LINE ( 'NONE', #2780, #1757 ) ;
#705 = FACE_OUTER_BOUND ( 'NONE', #1662, .T. ) ;
#706 = ORIENTED_EDGE ( 'NONE', *, *, #1624, .F. ) ;
#707 = ORIENTED_EDGE ( 'NONE', *, *, #3488, .F. ) ;
#708 = DIRECTION ( 'NONE',  ( -8.673617379884034486E-16, 0.000000000000000000, -1.000000000000000000 ) ) ;
#709 = ADVANCED_FACE ( 'NONE', ( #31 ), #2903, .T. ) ;
#710 = DIRECTION ( 'NONE',  ( 0.000000000000000000, 0.000000000000000000, 1.000000000000000000 ) ) ;
#711 = EDGE_LOOP ( 'NONE', ( #322, #1251, #2649, #37 ) ) ;
#712 = DIRECTION ( 'NONE',  ( -0.000000000000000000, -1.000000000000000000, -0.000000000000000000 ) ) ;
#713 = PLANE ( 'NONE',  #1739 ) ;
#714 = PLANE ( 'NONE',  #449 ) ;
#715 = ORIENTED_EDGE ( 'NONE', *, *, #2594, .T. ) ;
#716 = AXIS2_PLACEMENT_3D ( 'NONE', #394, #1313, #1867 ) ;
#717 = EDGE_CURVE ( 'NONE', #2897, #314, #2839, .T. ) ;
#718 = VECTOR ( 'NONE', #1676, 1000.000000000000114 ) ;
#719 = EDGE_CURVE ( 'NONE', #2697, #467, #2653, .T. ) ;
#720 = DIRECTION ( 'NONE',  ( 0.000000000000000000, 0.000000000000000000, 1.000000000000000000 ) ) ;
#721 = AXIS2_PLACEMENT_3D ( 'NONE', #725, #3008, #2992 ) ;
#722 = ORIENTED_EDGE ( 'NONE', *, *, #268, .T. ) ;
#723 = ORIENTED_EDGE ( 'NONE', *, *, #2675, .F. ) ;
#724 = FACE_OUTER_BOUND ( 'NONE', #3182, .T. ) ;
#725 = CARTESIAN_POINT ( 'NONE',  ( -10.00000000000000355, 9.799999999999926104, 2.891205793294677044E-15 ) ) ;
#726 = LINE ( 'NONE', #2224, #3101 ) ;
#727 = CARTESIAN_POINT ( 'NONE',  ( -9.151412590054562202, 11.25999999999997314, 17.21922319985983307 ) ) ;
#728 = ADVANCED_FACE ( 'NONE', ( #2549 ), #3707, .T. ) ;
#729 = CONICAL_SURFACE ( 'NONE', #1030, 0.7250000000000034195, 0.7853981633974549403 ) ;
#730 = VERTEX_POINT ( 'NONE', #1512 ) ;
#731 = AXIS2_PLACEMENT_3D ( 'NONE', #794, #3055, #2751 ) ;
#732 = VERTEX_POINT ( 'NONE', #3016 ) ;
#733 = DIRECTION ( 'NONE',  ( 1.000000000000000000, 0.000000000000000000, -0.000000000000000000 ) ) ;
#734 = CARTESIAN_POINT ( 'NONE',  ( 0.000000000000000000, 9.799999999999926104, 20.15564437074637993 ) ) ;
#735 = ORIENTED_EDGE ( 'NONE', *, *, #2807, .F. ) ;
#736 = VECTOR ( 'NONE', #1033, 999.9999999999998863 ) ;
#737 = CARTESIAN_POINT ( 'NONE',  ( 10.00000000000000355, 0.5499999999999325428, -24.35564437074638278 ) ) ;
#738 = AXIS2_PLACEMENT_3D ( 'NONE', #641, #1456, #1224 ) ;
#739 = CARTESIAN_POINT ( 'NONE',  ( 16.97266793280126862, 9.799999999999926104, 14.77086805989612905 ) ) ;
#740 = DIRECTION ( 'NONE',  ( 0.000000000000000000, 1.000000000000000000, 0.000000000000000000 ) ) ;
#741 = ORIENTED_EDGE ( 'NONE', *, *, #2794, .F. ) ;
#742 = CARTESIAN_POINT ( 'NONE',  ( 13.92900658358514399, 11.34999999999997122, 13.51061806859893899 ) ) ;
#743 = ADVANCED_FACE ( 'NONE', ( #400 ), #3038, .T. ) ;
#744 = EDGE_CURVE ( 'NONE', #1687, #1912, #2898, .T. ) ;
#745 = CARTESIAN_POINT ( 'NONE',  ( -10.24999999999998046, 0.5499999999999264366, 24.35564437074638278 ) ) ;
#746 = ORIENTED_EDGE ( 'NONE', *, *, #2930, .F. ) ;
#747 = ORIENTED_EDGE ( 'NONE', *, *, #2432, .F. ) ;
#748 = LINE ( 'NONE', #3587, #3270 ) ;
#749 = AXIS2_PLACEMENT_3D ( 'NONE', #1026, #3344, #2799 ) ;
#750 = VERTEX_POINT ( 'NONE', #2985 ) ;
#751 = DIRECTION ( 'NONE',  ( 0.3131456130149706807, -0.6715429342378196331, -0.6715429342378174127 ) ) ;
#752 = EDGE_LOOP ( 'NONE', ( #976, #2859, #1901, #2945 ) ) ;
#753 = CARTESIAN_POINT ( 'NONE',  ( -6.484437924835757983, 11.25999999999997847, 19.50576158573447572 ) ) ;
#754 = CIRCLE ( 'NONE', #34, 22.50000000000000355 ) ;
#755 = PLANE ( 'NONE',  #970 ) ;
#756 = ORIENTED_EDGE ( 'NONE', *, *, #2720, .T. ) ;
#757 = CARTESIAN_POINT ( 'NONE',  ( 2.755455298081545172E-15, 10.00000000000000000, 22.50000000000000355 ) ) ;
#758 = CARTESIAN_POINT ( 'NONE',  ( -13.51061806840691659, 74.98961030678925965, 13.92900658377336853 ) ) ;
#759 = DIRECTION ( 'NONE',  ( 0.000000000000000000, -1.000000000000000000, 0.000000000000000000 ) ) ;
#760 = EDGE_LOOP ( 'NONE', ( #1213, #344, #1539, #2409 ) ) ;
#761 = LINE ( 'NONE', #1609, #3159 ) ;
#762 = LINE ( 'NONE', #1856, #306 ) ;
#763 = CARTESIAN_POINT ( 'NONE',  ( -7.517602003331535165, 11.25000000000000000, 19.33150888463367778 ) ) ;
#764 = ORIENTED_EDGE ( 'NONE', *, *, #316, .T. ) ;
#765 = DIRECTION ( 'NONE',  ( 0.000000000000000000, -0.000000000000000000, -1.000000000000000000 ) ) ;
#766 = CARTESIAN_POINT ( 'NONE',  ( -12.00000000000001066, 0.5499999999999325428, -24.35564437074637567 ) ) ;
#767 = ORIENTED_EDGE ( 'NONE', *, *, #2384, .T. ) ;
#768 = CARTESIAN_POINT ( 'NONE',  ( 8.058773507624344745, 11.34584151687858267, 19.04290603758918365 ) ) ;
#769 = VERTEX_POINT ( 'NONE', #942 ) ;
#770 = CARTESIAN_POINT ( 'NONE',  ( 9.999999999999994671, -3.200000000000072564, 14.77086805989612905 ) ) ;
#771 = LINE ( 'NONE', #1929, #553 ) ;
#772 = ADVANCED_FACE ( 'NONE', ( #2122 ), #713, .T. ) ;
#773 = VERTEX_POINT ( 'NONE', #415 ) ;
#774 = EDGE_CURVE ( 'NONE', #558, #1065, #2532, .T. ) ;
#775 = CARTESIAN_POINT ( 'NONE',  ( 15.98264796954265421, 9.799999999999926104, -15.90846403699747924 ) ) ;
#776 = DIRECTION ( 'NONE',  ( -0.01524583128162850312, 0.000000000000000000, -0.9998837755602059119 ) ) ;
#777 = AXIS2_PLACEMENT_3D ( 'NONE', #1280, #1225, #1548 ) ;
#778 = CARTESIAN_POINT ( 'NONE',  ( -18.09432498179505089, 3.549999999999928324, 9.091639206061131517 ) ) ;
#779 = ORIENTED_EDGE ( 'NONE', *, *, #392, .F. ) ;
#780 = CARTESIAN_POINT ( 'NONE',  ( -6.893445386980598499, 0.000000000000000000, 20.74830538543782410 ) ) ;
#781 = LINE ( 'NONE', #275, #1938 ) ;
#782 = ADVANCED_FACE ( 'NONE', ( #2694 ), #121, .T. ) ;
#783 = ORIENTED_EDGE ( 'NONE', *, *, #2383, .T. ) ;
#784 = DIRECTION ( 'NONE',  ( 0.000000000000000000, 0.000000000000000000, 1.000000000000000000 ) ) ;
#785 = AXIS2_PLACEMENT_3D ( 'NONE', #1072, #3148, #545 ) ;
#786 = CARTESIAN_POINT ( 'NONE',  ( 12.63735650896462914, 11.29383339236636097, 14.84226716870123575 ) ) ;
#787 = DIRECTION ( 'NONE',  ( -0.4031531783023034055, 0.000000000000000000, -0.9151325121668179019 ) ) ;
#788 = CIRCLE ( 'NONE', #1992, 19.40500000002931458 ) ;
#789 = CARTESIAN_POINT ( 'NONE',  ( -13.52232738652303645, 5.992388155425029339, -23.96325621532126249 ) ) ;
#790 = ORIENTED_EDGE ( 'NONE', *, *, #163, .T. ) ;
#791 = FACE_OUTER_BOUND ( 'NONE', #1129, .T. ) ;
#792 = DIRECTION ( 'NONE',  ( 0.000000000000000000, 0.000000000000000000, -1.000000000000000000 ) ) ;
#793 = EDGE_CURVE ( 'NONE', #512, #3084, #2042, .T. ) ;
#794 = CARTESIAN_POINT ( 'NONE',  ( -0.6436645579237758596, 2.799999999999927880, -1.895668097355308834 ) ) ;
#795 = AXIS2_PLACEMENT_3D ( 'NONE', #1705, #3496, #550 ) ;
#796 = VERTEX_POINT ( 'NONE', #3598 ) ;
#797 = CIRCLE ( 'NONE', #367, 19.50000000000000355 ) ;
#798 = DIRECTION ( 'NONE',  ( 0.000000000000000000, 0.000000000000000000, 1.000000000000000000 ) ) ;
#799 = VECTOR ( 'NONE', #3220, 1000.000000000000000 ) ;
#800 = DIRECTION ( 'NONE',  ( 0.000000000000000000, -1.000000000000000000, 0.000000000000000000 ) ) ;
#801 = VECTOR ( 'NONE', #632, 1000.000000000000000 ) ;
#802 = AXIS2_PLACEMENT_3D ( 'NONE', #3375, #572, #1409 ) ;
#803 = DIRECTION ( 'NONE',  ( 0.000000000000000000, 0.000000000000000000, -1.000000000000000000 ) ) ;
#804 = EDGE_CURVE ( 'NONE', #1190, #3417, #3430, .T. ) ;
#805 = VERTEX_POINT ( 'NONE', #1256 ) ;
#806 = VERTEX_POINT ( 'NONE', #2399 ) ;
#807 = DIRECTION ( 'NONE',  ( 2.891205793294679411E-15, 0.000000000000000000, 1.000000000000000000 ) ) ;
#808 = CARTESIAN_POINT ( 'NONE',  ( 0.000000000000000000, 11.34999999999997300, 0.000000000000000000 ) ) ;
#809 = EDGE_CURVE ( 'NONE', #1292, #2043, #642, .T. ) ;
#810 = CARTESIAN_POINT ( 'NONE',  ( 13.92900658350942678, 74.98961030678925965, 13.51061806867700099 ) ) ;
#811 = FACE_OUTER_BOUND ( 'NONE', #2709, .T. ) ;
#812 = ORIENTED_EDGE ( 'NONE', *, *, #1123, .F. ) ;
#813 = ADVANCED_FACE ( 'NONE', ( #2755 ), #1300, .F. ) ;
#814 = DIRECTION ( 'NONE',  ( -0.000000000000000000, -1.000000000000000000, -0.000000000000000000 ) ) ;
#815 = DIRECTION ( 'NONE',  ( 0.000000000000000000, -1.000000000000000000, 0.000000000000000000 ) ) ;
#816 = VECTOR ( 'NONE', #3408, 1000.000000000000000 ) ;
#817 = EDGE_LOOP ( 'NONE', ( #3491, #2913, #2740, #2588 ) ) ;
#818 = VECTOR ( 'NONE', #2349, 999.9999999999998863 ) ;
#819 = CARTESIAN_POINT ( 'NONE',  ( -19.91812141363523025, 3.549999999999928324, 3.651155892547749637 ) ) ;
#820 = DIRECTION ( 'NONE',  ( 0.000000000000000000, 0.000000000000000000, 1.000000000000000000 ) ) ;
#821 = DIRECTION ( 'NONE',  ( -1.000000000000000000, -0.000000000000000000, -2.891205793294676354E-16 ) ) ;
#822 = VERTEX_POINT ( 'NONE', #682 ) ;
#823 = CYLINDRICAL_SURFACE ( 'NONE', #315, 3.149999999999826716 ) ;
#824 = ADVANCED_FACE ( 'NONE', ( #2457 ), #1839, .F. ) ;
#825 = EDGE_CURVE ( 'NONE', #24, #1760, #2084, .T. ) ;
#826 = ORIENTED_EDGE ( 'NONE', *, *, #43, .F. ) ;
#827 = CARTESIAN_POINT ( 'NONE',  ( 19.93310100931617868, -2.974000000000072141, 8.296119572172537815 ) ) ;
#828 = CARTESIAN_POINT ( 'NONE',  ( 0.000000000000000000, -2.974000000000072141, 0.000000000000000000 ) ) ;
#829 = ORIENTED_EDGE ( 'NONE', *, *, #581, .T. ) ;
#830 = DIRECTION ( 'NONE',  ( -0.9039836527364590868, 0.000000000000000000, -0.4275670188230717428 ) ) ;
#831 = ORIENTED_EDGE ( 'NONE', *, *, #2415, .T. ) ;
#832 = EDGE_CURVE ( 'NONE', #95, #845, #981, .T. ) ;
#833 = CARTESIAN_POINT ( 'NONE',  ( 9.999999999999994671, 8.632336374617837649, -20.15564437074637993 ) ) ;
#834 = CYLINDRICAL_SURFACE ( 'NONE', #1696, 1.500000000000001332 ) ;
#835 = CARTESIAN_POINT ( 'NONE',  ( -19.23458818254797364, 3.549999999999928324, -3.206340195267209925 ) ) ;
#836 = ORIENTED_EDGE ( 'NONE', *, *, #570, .F. ) ;
#837 = SURFACE_STYLE_USAGE ( .BOTH. , #1490 ) ;
#838 = CARTESIAN_POINT ( 'NONE',  ( -6.484437924835757983, 11.34999999999997300, 16.35576158573464767 ) ) ;
#839 = ORIENTED_EDGE ( 'NONE', *, *, #1203, .F. ) ;
#840 = EDGE_CURVE ( 'NONE', #1678, #2284, #382, .T. ) ;
#841 = EDGE_CURVE ( 'NONE', #3459, #1683, #613, .T. ) ;
#842 = DIRECTION ( 'NONE',  ( 0.8932766466830597274, 0.000000000000000000, 0.4495073219544571952 ) ) ;
#843 = VECTOR ( 'NONE', #3176, 999.9999999999998863 ) ;
#844 = DIRECTION ( 'NONE',  ( -0.000000000000000000, -1.000000000000000000, -0.000000000000000000 ) ) ;
#845 = VERTEX_POINT ( 'NONE', #2138 ) ;
#846 = FACE_OUTER_BOUND ( 'NONE', #3376, .T. ) ;
#847 = CARTESIAN_POINT ( 'NONE',  ( 0.000000000000000000, -2.974000000000072141, -24.65564437074637993 ) ) ;
#848 = CIRCLE ( 'NONE', #3689, 0.4749999999999997558 ) ;
#849 = VECTOR ( 'NONE', #1003, 1000.000000000000000 ) ;
#850 = ORIENTED_EDGE ( 'NONE', *, *, #2354, .F. ) ;
#851 = DIRECTION ( 'NONE',  ( 0.000000000000000000, 0.000000000000000000, -1.000000000000000000 ) ) ;
#852 = CARTESIAN_POINT ( 'NONE',  ( 0.000000000000000000, -1.474000000000072141, -24.65564437074637993 ) ) ;
#853 = AXIS2_PLACEMENT_3D ( 'NONE', #3274, #3551, #2727 ) ;
#854 = CIRCLE ( 'NONE', #2418, 0.4749999999999997558 ) ;
#855 = AXIS2_PLACEMENT_3D ( 'NONE', #235, #181, #1303 ) ;
#856 = LINE ( 'NONE', #519, #3403 ) ;
#857 = AXIS2_PLACEMENT_3D ( 'NONE', #3194, #844, #3458 ) ;
#858 = ORIENTED_EDGE ( 'NONE', *, *, #581, .F. ) ;
#859 = ADVANCED_FACE ( 'NONE', ( #698 ), #141, .F. ) ;
#860 = DIRECTION ( 'NONE',  ( -0.000000000000000000, 1.000000000000000000, -0.000000000000000000 ) ) ;
#861 = EDGE_LOOP ( 'NONE', ( #783, #3163, #2546, #1361 ) ) ;
#862 = FACE_BOUND ( 'NONE', #283, .T. ) ;
#863 = ORIENTED_EDGE ( 'NONE', *, *, #2581, .F. ) ;
#864 = CARTESIAN_POINT ( 'NONE',  ( -19.23458818254797364, 3.549999999999928324, -3.206340195267209925 ) ) ;
#865 = PLANE ( 'NONE',  #1447 ) ;
#866 = VERTEX_POINT ( 'NONE', #2831 ) ;
#867 = CARTESIAN_POINT ( 'NONE',  ( -12.59505669002710349, 9.900000000000042988, 14.88672384962533002 ) ) ;
#868 = FACE_OUTER_BOUND ( 'NONE', #1142, .T. ) ;
#869 = CIRCLE ( 'NONE', #1534, 19.50000000000000355 ) ;
#870 = DIRECTION ( 'NONE',  ( 0.000000000000000000, -1.000000000000000000, 0.000000000000000000 ) ) ;
#871 = CARTESIAN_POINT ( 'NONE',  ( 9.656014212262096663, 36.38267500856138525, 20.60908929367606035 ) ) ;
#872 = CARTESIAN_POINT ( 'NONE',  ( 0.000000000000000000, 11.34999999999997300, 0.000000000000000000 ) ) ;
#873 = ORIENTED_EDGE ( 'NONE', *, *, #3043, .T. ) ;
#874 = CARTESIAN_POINT ( 'NONE',  ( -12.34481354742560022, 11.32484494381829521, 15.05979358790541411 ) ) ;
#875 = ORIENTED_EDGE ( 'NONE', *, *, #3602, .T. ) ;
#876 = DIRECTION ( 'NONE',  ( 0.000000000000000000, -1.000000000000000000, 0.000000000000000000 ) ) ;
#877 = ORIENTED_EDGE ( 'NONE', *, *, #1488, .F. ) ;
#878 = DIRECTION ( 'NONE',  ( 0.000000000000000000, 0.000000000000000000, -1.000000000000000000 ) ) ;
#879 = CARTESIAN_POINT ( 'NONE',  ( 9.670286147185342074, 10.15000000000000036, 16.93326801983467078 ) ) ;
#880 = EDGE_LOOP ( 'NONE', ( #2453, #1176, #688, #1482 ) ) ;
#881 = B_SPLINE_CURVE_WITH_KNOTS ( 'NONE', 3,
 ( #2661, #947, #3530, #2180, #2091, #1917, #389, #3561 ),
 .UNSPECIFIED., .F., .F.,
 ( 4, 2, 2, 4 ),
 ( 0.000000000000000000, 0.004448900070865357409, 0.006673350106298030042, 0.008897800141730704410 ),
 .UNSPECIFIED. ) ;
#882 = CARTESIAN_POINT ( 'NONE',  ( 0.000000000000000000, -2.974000000000072141, 0.000000000000000000 ) ) ;
#883 = EDGE_CURVE ( 'NONE', #1065, #558, #2556, .T. ) ;
#884 = DIRECTION ( 'NONE',  ( 0.000000000000000000, 0.000000000000000000, -1.000000000000000000 ) ) ;
#885 = ADVANCED_FACE ( 'NONE', ( #1059 ), #1685, .T. ) ;
#886 = CARTESIAN_POINT ( 'NONE',  ( -7.516463572014650651, 11.27903889266115733, 19.33027489784840114 ) ) ;
#887 = DIRECTION ( 'NONE',  ( 0.000000000000000000, 0.000000000000000000, 1.000000000000000000 ) ) ;
#888 = DIRECTION ( 'NONE',  ( -1.000000000000000000, 0.000000000000000000, 0.000000000000000000 ) ) ;
#889 = EDGE_CURVE ( 'NONE', #2426, #3584, #2849, .T. ) ;
#890 = EDGE_LOOP ( 'NONE', ( #1181, #2864, #2402, #2921 ) ) ;
#891 = CARTESIAN_POINT ( 'NONE',  ( -9.999999999999996447, 0.5499999999999264366, 24.35564437074638278 ) ) ;
#892 = ORIENTED_EDGE ( 'NONE', *, *, #1681, .T. ) ;
#893 = DIRECTION ( 'NONE',  ( 0.9151325121668179019, 0.000000000000000000, -0.4031531783023034055 ) ) ;
#894 = ORIENTED_EDGE ( 'NONE', *, *, #7, .T. ) ;
#895 = CARTESIAN_POINT ( 'NONE',  ( -9.999999999999998224, -2.974000000000072141, 20.15564437074637993 ) ) ;
#896 = ORIENTED_EDGE ( 'NONE', *, *, #3596, .F. ) ;
#897 = EDGE_CURVE ( 'NONE', #2167, #1760, #599, .T. ) ;
#898 = DIRECTION ( 'NONE',  ( -0.000000000000000000, 1.000000000000000000, -0.000000000000000000 ) ) ;
#899 = LINE ( 'NONE', #2114, #76 ) ;
#900 = VECTOR ( 'NONE', #3686, 999.9999999999998863 ) ;
#901 = FACE_OUTER_BOUND ( 'NONE', #817, .T. ) ;
#902 = AXIS2_PLACEMENT_3D ( 'NONE', #1139, #2299, #2105 ) ;
#903 = EDGE_CURVE ( 'NONE', #1687, #549, #1932, .T. ) ;
#904 = CIRCLE ( 'NONE', #600, 3.199999999999810552 ) ;
#905 = CARTESIAN_POINT ( 'NONE',  ( -7.451182679375345508, 11.34999999999997300, 19.25903638836169662 ) ) ;
#906 = DIRECTION ( 'NONE',  ( 0.000000000000000000, 1.000000000000000000, -0.000000000000000000 ) ) ;
#907 = AXIS2_PLACEMENT_3D ( 'NONE', #3389, #1058, #798 ) ;
#908 = EDGE_CURVE ( 'NONE', #2642, #507, #1996, .T. ) ;
#909 = VERTEX_POINT ( 'NONE', #1650 ) ;
#910 = AXIS2_PLACEMENT_3D ( 'NONE', #2269, #1070, #3130 ) ;
#911 = CARTESIAN_POINT ( 'NONE',  ( -12.30020737610231230, 11.31970334361573549, 15.10305991423086525 ) ) ;
#912 = AXIS2_PLACEMENT_3D ( 'NONE', #2790, #2217, #3373 ) ;
#913 = EDGE_LOOP ( 'NONE', ( #3679, #412, #3023, #6 ) ) ;
#914 = FACE_OUTER_BOUND ( 'NONE', #2993, .T. ) ;
#915 = ORIENTED_EDGE ( 'NONE', *, *, #3416, .F. ) ;
#916 = CARTESIAN_POINT ( 'NONE',  ( 10.25000000000003375, 0.5499999999999265476, 23.88064437074637780 ) ) ;
#917 = CIRCLE ( 'NONE', #1040, 0.4749999999999997558 ) ;
#918 = ORIENTED_EDGE ( 'NONE', *, *, #398, .T. ) ;
#919 = DIRECTION ( 'NONE',  ( -0.9998837755602059119, 0.000000000000000000, 0.01524583128162817700 ) ) ;
#920 = CARTESIAN_POINT ( 'NONE',  ( 13.04306982025041783, 9.900000000000034106, 14.49580386401778220 ) ) ;
#921 = CARTESIAN_POINT ( 'NONE',  ( -20.28561557374407442, -2.974000000000072141, 9.459337892425100591 ) ) ;
#922 = VERTEX_POINT ( 'NONE', #3641 ) ;
#923 = DIRECTION ( 'NONE',  ( 0.000000000000000000, 0.000000000000000000, -1.000000000000000000 ) ) ;
#924 = DIRECTION ( 'NONE',  ( 0.000000000000000000, 0.000000000000000000, -1.000000000000000000 ) ) ;
#925 = AXIS2_PLACEMENT_3D ( 'NONE', #2690, #2277, #3434 ) ;
#926 = DIRECTION ( 'NONE',  ( -0.8935469126812358720, 0.000000000000000000, 0.4489698373363534833 ) ) ;
#927 = AXIS2_PLACEMENT_3D ( 'NONE', #55, #2574, #563 ) ;
#928 = ORIENTED_EDGE ( 'NONE', *, *, #3525, .T. ) ;
#929 = EDGE_CURVE ( 'NONE', #1574, #2897, #2651, .T. ) ;
#930 = ADVANCED_FACE ( 'NONE', ( #3659 ), #495, .T. ) ;
#931 = DIRECTION ( 'NONE',  ( 0.000000000000000000, 0.000000000000000000, -1.000000000000000000 ) ) ;
#932 = ORIENTED_EDGE ( 'NONE', *, *, #929, .F. ) ;
#933 = FACE_OUTER_BOUND ( 'NONE', #2619, .T. ) ;
#934 = ORIENTED_EDGE ( 'NONE', *, *, #3599, .T. ) ;
#935 = PRODUCT ( 'Watch Body', 'Watch Body', '', ( #2094 ) ) ;
#936 = VERTEX_POINT ( 'NONE', #3677 ) ;
#937 = DIRECTION ( 'NONE',  ( -0.9998837755602058008, 0.000000000000000000, 0.01524583128163230390 ) ) ;
#938 = CARTESIAN_POINT ( 'NONE',  ( -7.181773703878874038, 10.24999999999999822, 20.09381813053617449 ) ) ;
#939 = CARTESIAN_POINT ( 'NONE',  ( -6.484437924835757983, 11.25999999999997847, 16.35576158573464767 ) ) ;
#940 = EDGE_CURVE ( 'NONE', #1921, #2395, #1606, .T. ) ;
#941 = CARTESIAN_POINT ( 'NONE',  ( -13.19946148723249024, -2.974000000000072141, 24.65564437074638704 ) ) ;
#942 = CARTESIAN_POINT ( 'NONE',  ( 7.026732143693278587, 11.34999999999997300, 19.21010431083652392 ) ) ;
#943 = ORIENTED_EDGE ( 'NONE', *, *, #422, .F. ) ;
#944 = ADVANCED_FACE ( 'NONE', ( #3120 ), #1453, .F. ) ;
#945 = CARTESIAN_POINT ( 'NONE',  ( -12.14653385177650335, 11.27999526159886479, 15.25211751441972119 ) ) ;
#946 = VERTEX_POINT ( 'NONE', #739 ) ;
#947 = CARTESIAN_POINT ( 'NONE',  ( -15.98264796954265421, 9.799999999999926104, 15.90846403699747924 ) ) ;
#948 = ORIENTED_EDGE ( 'NONE', *, *, #27, .T. ) ;
#949 = CARTESIAN_POINT ( 'NONE',  ( 0.000000000000000000, 11.37499999999996803, 17.98499999999999588 ) ) ;
#950 = PLANE ( 'NONE',  #721 ) ;
#951 = ADVANCED_FACE ( 'NONE', ( #1625 ), #1893, .T. ) ;
#952 = ORIENTED_EDGE ( 'NONE', *, *, #2254, .F. ) ;
#953 = EDGE_CURVE ( 'NONE', #589, #2809, #177, .T. ) ;
#954 = DIRECTION ( 'NONE',  ( -1.000000000000000000, 0.000000000000000000, 2.891205793294676847E-16 ) ) ;
#955 = FILL_AREA_STYLE_COLOUR ( '', #2003 ) ;
#956 = CARTESIAN_POINT ( 'NONE',  ( 16.47896793714372876, 9.799999999999924327, 15.33816079115216091 ) ) ;
#957 = EDGE_LOOP ( 'NONE', ( #1537, #1555, #3269, #1985 ) ) ;
#958 = DIRECTION ( 'NONE',  ( -0.000000000000000000, 1.000000000000000000, -0.000000000000000000 ) ) ;
#959 = CARTESIAN_POINT ( 'NONE',  ( 13.41246787328880252, 5.992388155425024010, 23.96325621532126604 ) ) ;
#960 = AXIS2_PLACEMENT_3D ( 'NONE', #2988, #1284, #3603 ) ;
#961 = DIRECTION ( 'NONE',  ( 0.000000000000000000, -0.000000000000000000, -1.000000000000000000 ) ) ;
#962 = DIRECTION ( 'NONE',  ( -0.1644277023214038014, 0.000000000000000000, 0.9863891375665609917 ) ) ;
#963 = AXIS2_PLACEMENT_3D ( 'NONE', #25, #301, #1167 ) ;
#964 = VECTOR ( 'NONE', #1690, 1000.000000000000114 ) ;
#965 = ORIENTED_EDGE ( 'NONE', *, *, #606, .T. ) ;
#966 = CIRCLE ( 'NONE', #3100, 0.4749999999999997558 ) ;
#967 = DIRECTION ( 'NONE',  ( 0.000000000000000000, 1.000000000000000000, -0.000000000000000000 ) ) ;
#968 = AXIS2_PLACEMENT_3D ( 'NONE', #493, #3170, #1667 ) ;
#969 = ORIENTED_EDGE ( 'NONE', *, *, #2675, .T. ) ;
#970 = AXIS2_PLACEMENT_3D ( 'NONE', #1011, #815, #1949 ) ;
#971 = FACE_OUTER_BOUND ( 'NONE', #3454, .T. ) ;
#972 = VERTEX_POINT ( 'NONE', #1669 ) ;
#973 = EDGE_CURVE ( 'NONE', #1912, #2104, #455, .T. ) ;
#974 = ORIENTED_EDGE ( 'NONE', *, *, #1673, .F. ) ;
#975 = AXIS2_PLACEMENT_3D ( 'NONE', #939, #3361, #3681 ) ;
#976 = ORIENTED_EDGE ( 'NONE', *, *, #883, .F. ) ;
#977 = CARTESIAN_POINT ( 'NONE',  ( -16.97266793280126862, 9.799999999999926104, -14.77086805989612905 ) ) ;
#978 = CARTESIAN_POINT ( 'NONE',  ( 12.00000000000000178, 0.5499999999999264366, 24.35564437074637567 ) ) ;
#979 = EDGE_LOOP ( 'NONE', ( #1302, #2513, #393, #3318 ) ) ;
#980 = CARTESIAN_POINT ( 'NONE',  ( -9.999999999999994671, 8.632336374617832320, -20.15564437074637993 ) ) ;
#981 = LINE ( 'NONE', #1565, #287 ) ;
#982 = ORIENTED_EDGE ( 'NONE', *, *, #2383, .F. ) ;
#983 = CARTESIAN_POINT ( 'NONE',  ( 0.000000000000000000, 10.15000000000000036, -19.50000000000000355 ) ) ;
#984 = VECTOR ( 'NONE', #3523, 1000.000000000000000 ) ;
#985 = ORIENTED_EDGE ( 'NONE', *, *, #2028, .F. ) ;
#986 = ORIENTED_EDGE ( 'NONE', *, *, #809, .T. ) ;
#987 = DIRECTION ( 'NONE',  ( 0.000000000000000000, 0.000000000000000000, 1.000000000000000000 ) ) ;
#988 = DIRECTION ( 'NONE',  ( 0.000000000000000000, 0.000000000000000000, -1.000000000000000000 ) ) ;
#989 = LINE ( 'NONE', #2148, #374 ) ;
#990 = ORIENTED_EDGE ( 'NONE', *, *, #3297, .F. ) ;
#991 = ORIENTED_EDGE ( 'NONE', *, *, #3390, .F. ) ;
#992 = CARTESIAN_POINT ( 'NONE',  ( -10.24999999999998046, 0.5499999999999264366, 24.83064437074638420 ) ) ;
#993 = LINE ( 'NONE', #1200, #2059 ) ;
#994 = ORIENTED_EDGE ( 'NONE', *, *, #973, .T. ) ;
#995 = FACE_OUTER_BOUND ( 'NONE', #3128, .T. ) ;
#996 = ADVANCED_FACE ( 'NONE', ( #3138 ), #1204, .F. ) ;
#997 = ADVANCED_FACE ( 'NONE', ( #3356 ), #365, .F. ) ;
#998 = CARTESIAN_POINT ( 'NONE',  ( 0.000000000000000000, 10.15000000000000568, 0.000000000000000000 ) ) ;
#999 = CARTESIAN_POINT ( 'NONE',  ( 0.2958453560192104148, 11.25999999999997847, 19.40274466469435311 ) ) ;
#1000 = B_SPLINE_CURVE_WITH_KNOTS ( 'NONE', 3,
 ( #3054, #448, #1600, #2767 ),
 .UNSPECIFIED., .F., .F.,
 ( 4, 4 ),
 ( 0.000000000000000000, 0.001548415303673649412 ),
 .UNSPECIFIED. ) ;
#1001 = EDGE_CURVE ( 'NONE', #866, #806, #535, .T. ) ;
#1002 = VERTEX_POINT ( 'NONE', #2006 ) ;
#1003 = DIRECTION ( 'NONE',  ( -0.000000000000000000, -1.000000000000000000, -0.000000000000000000 ) ) ;
#1004 = EDGE_LOOP ( 'NONE', ( #2487, #2281, #62, #702, #333, #2890, #3652 ) ) ;
#1005 = ORIENTED_EDGE ( 'NONE', *, *, #1675, .T. ) ;
#1006 = CARTESIAN_POINT ( 'NONE',  ( -10.00000000000000355, -2.974000000000072141, 2.891205793294677044E-15 ) ) ;
#1007 = CARTESIAN_POINT ( 'NONE',  ( 12.50000000000000533, -1.474000000000069033, 26.15564437074637993 ) ) ;
#1008 = CARTESIAN_POINT ( 'NONE',  ( 0.000000000000000000, -3.200000000000072564, 14.77086805989614149 ) ) ;
#1009 = ORIENTED_EDGE ( 'NONE', *, *, #17, .F. ) ;
#1010 = DIRECTION ( 'NONE',  ( 0.000000000000000000, 1.000000000000000000, 0.000000000000000000 ) ) ;
#1011 = CARTESIAN_POINT ( 'NONE',  ( 0.000000000000000000, 2.799999999999927880, 0.000000000000000000 ) ) ;
#1012 = VERTEX_POINT ( 'NONE', #2562 ) ;
#1013 = ADVANCED_FACE ( 'NONE', ( #2058 ), #1435, .T. ) ;
#1014 = CARTESIAN_POINT ( 'NONE',  ( -9.999999999999996447, 5.992388155425063090, 23.96325621532124117 ) ) ;
#1015 = EDGE_CURVE ( 'NONE', #3520, #3005, #1452, .T. ) ;
#1016 = DIRECTION ( 'NONE',  ( -0.01524583128163091092, 0.000000000000000000, -0.9998837755602058008 ) ) ;
#1017 = CIRCLE ( 'NONE', #2293, 17.98499999999503274 ) ;
#1018 = ORIENTED_EDGE ( 'NONE', *, *, #3020, .F. ) ;
#1019 = CARTESIAN_POINT ( 'NONE',  ( -21.89901060341049543, 0.7999999999999279909, -5.165591407739766439 ) ) ;
#1020 = AXIS2_PLACEMENT_3D ( 'NONE', #3384, #1337, #529 ) ;
#1021 = CIRCLE ( 'NONE', #1448, 22.50000000000000355 ) ;
#1022 = DIRECTION ( 'NONE',  ( 0.000000000000000000, 0.000000000000000000, 1.000000000000000000 ) ) ;
#1023 =( GEOMETRIC_REPRESENTATION_CONTEXT ( 3 ) GLOBAL_UNCERTAINTY_ASSIGNED_CONTEXT ( ( #514 ) ) GLOBAL_UNIT_ASSIGNED_CONTEXT ( ( #3302, #1881, #1540 ) ) REPRESENTATION_CONTEXT ( 'NONE', 'WORKASPACE' ) );
#1024 = EDGE_LOOP ( 'NONE', ( #1859, #1249, #3280, #2088 ) ) ;
#1025 = VERTEX_POINT ( 'NONE', #286 ) ;
#1026 = CARTESIAN_POINT ( 'NONE',  ( 0.000000000000000000, 9.799999999999926104, 0.000000000000000000 ) ) ;
#1027 = VECTOR ( 'NONE', #3151, 1000.000000000000114 ) ;
#1028 = CARTESIAN_POINT ( 'NONE',  ( 12.59048283055160766, 11.25999999999997847, 14.89059240237222070 ) ) ;
#1029 = AXIS2_PLACEMENT_3D ( 'NONE', #872, #1458, #1173 ) ;
#1030 = AXIS2_PLACEMENT_3D ( 'NONE', #737, #3058, #1563 ) ;
#1031 = EDGE_LOOP ( 'NONE', ( #3237, #562 ) ) ;
#1032 = CIRCLE ( 'NONE', #1516, 3.149999999999902656 ) ;
#1033 = DIRECTION ( 'NONE',  ( -0.9998837755602059119, 0.000000000000000000, 0.01524583128163255197 ) ) ;
#1034 = EDGE_LOOP ( 'NONE', ( #2189, #296, #2159, #543 ) ) ;
#1035 = DIRECTION ( 'NONE',  ( 0.000000000000000000, 1.000000000000000000, -0.000000000000000000 ) ) ;
#1036 = CARTESIAN_POINT ( 'NONE',  ( 12.50000000000000533, 3.799999999999902567, 26.15564437074637993 ) ) ;
#1037 = ORIENTED_EDGE ( 'NONE', *, *, #1468, .F. ) ;
#1038 = CIRCLE ( 'NONE', #3166, 20.25000000000000355 ) ;
#1039 = CARTESIAN_POINT ( 'NONE',  ( 0.000000000000000000, -3.200000000000072564, -14.77086805989614149 ) ) ;
#1040 = AXIS2_PLACEMENT_3D ( 'NONE', #1320, #3643, #1042 ) ;
#1041 = CARTESIAN_POINT ( 'NONE',  ( 12.50000000000000533, -1.474000000000072141, 26.15564437074637993 ) ) ;
#1042 = DIRECTION ( 'NONE',  ( 0.000000000000000000, 0.000000000000000000, -1.000000000000000000 ) ) ;
#1043 = ORIENTED_EDGE ( 'NONE', *, *, #3432, .F. ) ;
#1044 = LINE ( 'NONE', #458, #1455 ) ;
#1045 = DIRECTION ( 'NONE',  ( 0.000000000000000000, 0.000000000000000000, -1.000000000000000000 ) ) ;
#1046 = VERTEX_POINT ( 'NONE', #2037 ) ;
#1047 = ADVANCED_FACE ( 'NONE', ( #868 ), #1987, .F. ) ;
#1048 = DIRECTION ( 'NONE',  ( 0.000000000000000000, -1.000000000000000000, 0.000000000000000000 ) ) ;
#1049 = ADVANCED_FACE ( 'NONE', ( #3429 ), #1169, .F. ) ;
#1050 = AXIS2_PLACEMENT_3D ( 'NONE', #2977, #82, #676 ) ;
#1051 = EDGE_LOOP ( 'NONE', ( #3088, #2428, #2802, #1370 ) ) ;
#1052 = CARTESIAN_POINT ( 'NONE',  ( 8.084543450269407572, 11.32708656599981545, 19.06917766263901726 ) ) ;
#1053 = EDGE_LOOP ( 'NONE', ( #990, #2013, #3699, #2706, #723 ) ) ;
#1054 = LINE ( 'NONE', #3726, #900 ) ;
#1055 = ADVANCED_FACE ( 'NONE', ( #901 ), #834, .T. ) ;
#1056 = DIRECTION ( 'NONE',  ( 0.000000000000000000, -1.000000000000000000, 0.000000000000000000 ) ) ;
#1057 = ORIENTED_EDGE ( 'NONE', *, *, #2746, .T. ) ;
#1058 = DIRECTION ( 'NONE',  ( 0.000000000000000000, 1.000000000000000000, -0.000000000000000000 ) ) ;
#1059 = FACE_OUTER_BOUND ( 'NONE', #1926, .T. ) ;
#1060 = LINE ( 'NONE', #1122, #559 ) ;
#1061 = VERTEX_POINT ( 'NONE', #3482 ) ;
#1062 = DIRECTION ( 'NONE',  ( 1.000000000000000000, 0.000000000000000000, 2.891205793294676354E-16 ) ) ;
#1063 = DIRECTION ( 'NONE',  ( 0.9367205978485819706, 0.000000000000000000, 0.3500778792871594991 ) ) ;
#1064 = EDGE_CURVE ( 'NONE', #610, #1215, #3185, .T. ) ;
#1065 = VERTEX_POINT ( 'NONE', #303 ) ;
#1066 = DIRECTION ( 'NONE',  ( -0.000000000000000000, 1.000000000000000000, -0.000000000000000000 ) ) ;
#1067 = CARTESIAN_POINT ( 'NONE',  ( -9.999999999999996447, -1.474000000000069033, 26.15564437074638349 ) ) ;
#1068 = DIRECTION ( 'NONE',  ( -0.6962441674134027814, 0.000000000000000000, 0.7178050287806693186 ) ) ;
#1069 = EDGE_CURVE ( 'NONE', #922, #1192, #490, .T. ) ;
#1070 = DIRECTION ( 'NONE',  ( -0.000000000000000000, -1.000000000000000000, -0.000000000000000000 ) ) ;
#1071 = ORIENTED_EDGE ( 'NONE', *, *, #1505, .F. ) ;
#1072 = CARTESIAN_POINT ( 'NONE',  ( 0.000000000000000000, 9.799999999999926104, 0.000000000000000000 ) ) ;
#1073 = DIRECTION ( 'NONE',  ( 0.000000000000000000, -0.000000000000000000, -1.000000000000000000 ) ) ;
#1074 = DIRECTION ( 'NONE',  ( -0.9063077870366511579, 0.000000000000000000, 0.4226182617406970543 ) ) ;
#1075 = ORIENTED_EDGE ( 'NONE', *, *, #3098, .T. ) ;
#1076 = EDGE_CURVE ( 'NONE', #2464, #1678, #1720, .T. ) ;
#1077 = DIRECTION ( 'NONE',  ( -1.000000000000000000, -0.000000000000000000, -0.000000000000000000 ) ) ;
#1078 = CARTESIAN_POINT ( 'NONE',  ( -10.24999999999999645, 0.5499999999999325428, -24.35564437074637567 ) ) ;
#1079 = AXIS2_PLACEMENT_3D ( 'NONE', #3294, #2156, #3312 ) ;
#1080 = LINE ( 'NONE', #554, #434 ) ;
#1081 = ORIENTED_EDGE ( 'NONE', *, *, #517, .F. ) ;
#1082 = DIRECTION ( 'NONE',  ( 1.000000000000000000, -0.000000000000000000, -0.000000000000000000 ) ) ;
#1083 = DIRECTION ( 'NONE',  ( -9.070449547591661558E-14, 0.000000000000000000, 1.000000000000000000 ) ) ;
#1084 = ADVANCED_FACE ( 'NONE', ( #324 ), #1472, .T. ) ;
#1085 = ORIENTED_EDGE ( 'NONE', *, *, #237, .T. ) ;
#1086 = ORIENTED_EDGE ( 'NONE', *, *, #2126, .F. ) ;
#1087 = DIRECTION ( 'NONE',  ( 0.000000000000000000, -1.000000000000000000, 0.000000000000000000 ) ) ;
#1088 = AXIS2_PLACEMENT_3D ( 'NONE', #1832, #1527, #3011 ) ;
#1089 = PLANE ( 'NONE',  #2246 ) ;
#1090 = AXIS2_PLACEMENT_3D ( 'NONE', #2811, #252, #2479 ) ;
#1091 = DIRECTION ( 'NONE',  ( 0.9232304202817894767, 0.000000000000000000, -0.3842467840676229152 ) ) ;
#1092 = CARTESIAN_POINT ( 'NONE',  ( -12.13064373469592994, 11.25000000000000000, 15.26753033669436022 ) ) ;
#1093 = ORIENTED_EDGE ( 'NONE', *, *, #841, .F. ) ;
#1094 = CARTESIAN_POINT ( 'NONE',  ( 8.107012747381945772, 11.25999999999997847, 19.09197697396391646 ) ) ;
#1095 = DIRECTION ( 'NONE',  ( -0.000000000000000000, 1.000000000000000000, -0.000000000000000000 ) ) ;
#1096 = CARTESIAN_POINT ( 'NONE',  ( -19.77264843923389748, 2.799999999999927880, -4.370912227265795202 ) ) ;
#1097 = VECTOR ( 'NONE', #2153, 1000.000000000000000 ) ;
#1098 = ORIENTED_EDGE ( 'NONE', *, *, #1110, .F. ) ;
#1099 = AXIS2_PLACEMENT_3D ( 'NONE', #1451, #2096, #342 ) ;
#1100 = DIRECTION ( 'NONE',  ( -0.000000000000000000, -1.000000000000000000, -0.000000000000000000 ) ) ;
#1101 = EDGE_CURVE ( 'NONE', #1866, #537, #46, .T. ) ;
#1102 = DIRECTION ( 'NONE',  ( -0.7178050287942189245, 0.000000000000000000, -0.6962441673994337332 ) ) ;
#1103 = CONICAL_SURFACE ( 'NONE', #1406, 0.7250000000000034195, 0.7853981633974549403 ) ;
#1104 = AXIS2_PLACEMENT_3D ( 'NONE', #2969, #3660, #2682 ) ;
#1105 = DIRECTION ( 'NONE',  ( 0.000000000000000000, -0.000000000000000000, -1.000000000000000000 ) ) ;
#1106 = EDGE_LOOP ( 'NONE', ( #1310, #3531, #3014, #3395 ) ) ;
#1107 = DIRECTION ( 'NONE',  ( 1.000000000000000000, 0.000000000000000000, 0.000000000000000000 ) ) ;
#1108 = VERTEX_POINT ( 'NONE', #1184 ) ;
#1109 = DIRECTION ( 'NONE',  ( 0.9151325121668179019, 0.000000000000000000, -0.4031531783023034055 ) ) ;
#1110 = EDGE_CURVE ( 'NONE', #1574, #3614, #2338, .T. ) ;
#1111 = EDGE_CURVE ( 'NONE', #972, #2099, #1511, .T. ) ;
#1112 = LINE ( 'NONE', #2803, #736 ) ;
#1113 = VERTEX_POINT ( 'NONE', #269 ) ;
#1114 = LINE ( 'NONE', #3426, #3204 ) ;
#1115 = AXIS2_PLACEMENT_3D ( 'NONE', #1426, #2632, #2668 ) ;
#1116 = EDGE_LOOP ( 'NONE', ( #3383, #1750, #2295, #2786 ) ) ;
#1117 = ADVANCED_FACE ( 'NONE', ( #1424 ), #3729, .T. ) ;
#1118 = VECTOR ( 'NONE', #2319, 999.9999999999998863 ) ;
#1119 = DIRECTION ( 'NONE',  ( 1.000000000000000000, 0.000000000000000000, -0.000000000000000000 ) ) ;
#1120 = CARTESIAN_POINT ( 'NONE',  ( 19.93310100931617868, 9.799999999999926104, 8.296119572172537815 ) ) ;
#1121 = ADVANCED_FACE ( 'NONE', ( #2394 ), #2357, .F. ) ;
#1122 = CARTESIAN_POINT ( 'NONE',  ( 9.999999999999982236, -2.974000000000072141, 8.673617379884018117E-15 ) ) ;
#1123 = EDGE_CURVE ( 'NONE', #1843, #589, #966, .T. ) ;
#1124 = ORIENTED_EDGE ( 'NONE', *, *, #3680, .F. ) ;
#1125 = LINE ( 'NONE', #3255, #1589 ) ;
#1126 = ORIENTED_EDGE ( 'NONE', *, *, #1953, .F. ) ;
#1127 = CARTESIAN_POINT ( 'NONE',  ( -0.5727718084201500748, 2.799999999999927880, 1.138232138501142909 ) ) ;
#1128 = DIRECTION ( 'NONE',  ( -0.000000000000000000, -1.000000000000000000, -0.000000000000000000 ) ) ;
#1129 = EDGE_LOOP ( 'NONE', ( #2018, #2638, #1618, #1124 ) ) ;
#1130 = DIRECTION ( 'NONE',  ( -0.000000000000000000, -1.000000000000000000, -0.000000000000000000 ) ) ;
#1131 = LINE ( 'NONE', #847, #1567 ) ;
#1132 = ORIENTED_EDGE ( 'NONE', *, *, #2884, .F. ) ;
#1133 = DIRECTION ( 'NONE',  ( 0.000000000000000000, 0.000000000000000000, 1.000000000000000000 ) ) ;
#1134 = DIRECTION ( 'NONE',  ( 0.000000000000000000, 0.000000000000000000, -1.000000000000000000 ) ) ;
#1135 = ADVANCED_FACE ( 'NONE', ( #2979 ), #60, .F. ) ;
#1136 = DIRECTION ( 'NONE',  ( 0.000000000000000000, -1.000000000000000000, 0.000000000000000000 ) ) ;
#1137 = DIRECTION ( 'NONE',  ( 0.000000000000000000, 0.000000000000000000, 1.000000000000000000 ) ) ;
#1138 = ORIENTED_EDGE ( 'NONE', *, *, #3103, .F. ) ;
#1139 = CARTESIAN_POINT ( 'NONE',  ( -9.999999999999996447, 0.5499999999999264366, 24.35564437074638278 ) ) ;
#1140 = AXIS2_PLACEMENT_3D ( 'NONE', #1519, #3489, #931 ) ;
#1141 = LINE ( 'NONE', #1193, #2490 ) ;
#1142 = EDGE_LOOP ( 'NONE', ( #3666, #2951, #1771, #2773 ) ) ;
#1143 = CARTESIAN_POINT ( 'NONE',  ( 5.218048215738235740E-12, 11.82499999999997264, 17.98499999999281229 ) ) ;
#1144 = CARTESIAN_POINT ( 'NONE',  ( 0.3146861180320600360, -2.974000000000072141, 20.63839865480838398 ) ) ;
#1145 = VECTOR ( 'NONE', #1679, 1000.000000000000000 ) ;
#1146 = CIRCLE ( 'NONE', #3447, 0.4749999999999997558 ) ;
#1147 = EDGE_LOOP ( 'NONE', ( #2406, #2010, #2328, #1075 ) ) ;
#1148 = DIRECTION ( 'NONE',  ( 0.000000000000000000, 0.000000000000000000, 1.000000000000000000 ) ) ;
#1149 = DIRECTION ( 'NONE',  ( 0.000000000000000000, 0.000000000000000000, -1.000000000000000000 ) ) ;
#1150 = VECTOR ( 'NONE', #472, 1000.000000000000000 ) ;
#1151 = VECTOR ( 'NONE', #1268, 1000.000000000000000 ) ;
#1152 = B_SPLINE_CURVE_WITH_KNOTS ( 'NONE', 3,
 ( #1028, #3050, #2210, #1903, #3303, #441, #786, #3649, #1557, #2721, #2466, #2191, #129, #1861, #2761, #148 ),
 .UNSPECIFIED., .F., .F.,
 ( 4, 2, 2, 2, 2, 2, 2, 4 ),
 ( 5.204170427930421283E-18, 2.369938345069661466E-05, 4.739876690138802515E-05, 9.479753380277248598E-05, 0.0001895950676055497696, 0.0003791901352111043638, 0.0007583802704222169675, 0.001516760540844441958 ),
 .UNSPECIFIED. ) ;
#1153 = VECTOR ( 'NONE', #3333, 1000.000000000000000 ) ;
#1154 = EDGE_CURVE ( 'NONE', #1769, #3439, #193, .T. ) ;
#1155 = FACE_BOUND ( 'NONE', #594, .T. ) ;
#1156 = DIRECTION ( 'NONE',  ( -0.000000000000000000, -1.000000000000000000, -0.000000000000000000 ) ) ;
#1157 = VERTEX_POINT ( 'NONE', #377 ) ;
#1158 = CARTESIAN_POINT ( 'NONE',  ( -9.999999999999994671, 8.632336374617837649, 20.15564437074637993 ) ) ;
#1159 = ORIENTED_EDGE ( 'NONE', *, *, #3115, .F. ) ;
#1160 = EDGE_CURVE ( 'NONE', #3241, #3648, #1276, .T. ) ;
#1161 = CARTESIAN_POINT ( 'NONE',  ( 0.000000000000000000, -2.974000000000072141, 0.000000000000000000 ) ) ;
#1162 = ORIENTED_EDGE ( 'NONE', *, *, #1530, .T. ) ;
#1163 = CARTESIAN_POINT ( 'NONE',  ( 12.00000000000000178, 0.5499999999999264366, 24.35564437074637567 ) ) ;
#1164 = CARTESIAN_POINT ( 'NONE',  ( -16.97266793280125796, 9.799999999999926104, 14.77086805989614149 ) ) ;
#1165 = EDGE_CURVE ( 'NONE', #2683, #2834, #356, .T. ) ;
#1166 = ORIENTED_EDGE ( 'NONE', *, *, #1111, .T. ) ;
#1167 = DIRECTION ( 'NONE',  ( 0.000000000000000000, 0.000000000000000000, -1.000000000000000000 ) ) ;
#1168 = VECTOR ( 'NONE', #2451, 1000.000000000000000 ) ;
#1169 = CYLINDRICAL_SURFACE ( 'NONE', #1634, 19.50000000000000355 ) ;
#1170 = AXIS2_PLACEMENT_3D ( 'NONE', #166, #2163, #1329 ) ;
#1171 = PLANE ( 'NONE',  #2307 ) ;
#1172 = DIRECTION ( 'NONE',  ( 0.000000000000000000, -1.000000000000000000, 0.000000000000000000 ) ) ;
#1173 = DIRECTION ( 'NONE',  ( 0.000000000000000000, 0.000000000000000000, 1.000000000000000000 ) ) ;
#1174 = ORIENTED_EDGE ( 'NONE', *, *, #2998, .T. ) ;
#1175 = DIRECTION ( 'NONE',  ( 0.7071067811865477948, 0.000000000000000000, -0.7071067811865473507 ) ) ;
#1176 = ORIENTED_EDGE ( 'NONE', *, *, #2233, .F. ) ;
#1177 = FACE_OUTER_BOUND ( 'NONE', #194, .T. ) ;
#1178 = ORIENTED_EDGE ( 'NONE', *, *, #1218, .F. ) ;
#1179 = FACE_OUTER_BOUND ( 'NONE', #1794, .T. ) ;
#1180 = CARTESIAN_POINT ( 'NONE',  ( -20.59236487628161782, 2.799999999999927880, 9.066670215800472832 ) ) ;
#1181 = ORIENTED_EDGE ( 'NONE', *, *, #155, .F. ) ;
#1182 = LINE ( 'NONE', #2631, #1573 ) ;
#1183 = DIRECTION ( 'NONE',  ( 0.000000000000000000, 0.000000000000000000, 1.000000000000000000 ) ) ;
#1184 = CARTESIAN_POINT ( 'NONE',  ( -21.89901060341049543, 2.799999999999927880, -5.165591407739766439 ) ) ;
#1185 = EDGE_CURVE ( 'NONE', #354, #1484, #311, .T. ) ;
#1186 = CARTESIAN_POINT ( 'NONE',  ( 10.25000000000003375, 0.5499999999999264366, 24.83064437074637709 ) ) ;
#1187 = DIRECTION ( 'NONE',  ( -0.000000000000000000, 1.000000000000000000, -0.000000000000000000 ) ) ;
#1188 = DIRECTION ( 'NONE',  ( 0.000000000000000000, 0.000000000000000000, 1.000000000000000000 ) ) ;
#1189 = EDGE_CURVE ( 'NONE', #1230, #2131, #993, .T. ) ;
#1190 = VERTEX_POINT ( 'NONE', #396 ) ;
#1191 = CARTESIAN_POINT ( 'NONE',  ( -19.31591823177373257, 9.799999999999926104, 11.53886055308023906 ) ) ;
#1192 = VERTEX_POINT ( 'NONE', #1851 ) ;
#1193 = CARTESIAN_POINT ( 'NONE',  ( -4.144302834400548735E-15, 3.549999999999928324, -2.260838196444735364E-14 ) ) ;
#1194 = ORIENTED_EDGE ( 'NONE', *, *, #2028, .T. ) ;
#1195 = CARTESIAN_POINT ( 'NONE',  ( -9.109175301177385720, 11.25999999999997314, 17.13974986201431960 ) ) ;
#1196 = EDGE_LOOP ( 'NONE', ( #1918, #215, #706, #256 ) ) ;
#1197 = CARTESIAN_POINT ( 'NONE',  ( 12.59048283055160766, 11.25999999999997847, 14.89059240237222070 ) ) ;
#1198 =( LENGTH_UNIT ( ) NAMED_UNIT ( * ) SI_UNIT ( .MILLI., .METRE. ) );
#1199 = CIRCLE ( 'NONE', #660, 13.00000000000000000 ) ;
#1200 = CARTESIAN_POINT ( 'NONE',  ( -10.24999999999999645, 0.5499999999999325428, -24.83064437074637709 ) ) ;
#1201 = AXIS2_PLACEMENT_3D ( 'NONE', #2267, #1373, #3381 ) ;
#1202 = CARTESIAN_POINT ( 'NONE',  ( -9.999999999999998224, -2.974000000000072141, -20.15564437074637993 ) ) ;
#1203 = EDGE_CURVE ( 'NONE', #3713, #2640, #3393, .T. ) ;
#1204 = CONICAL_SURFACE ( 'NONE', #1815, 0.4749999999999997558, 0.7853981633974632670 ) ;
#1205 = ORIENTED_EDGE ( 'NONE', *, *, #143, .T. ) ;
#1206 = EDGE_CURVE ( 'NONE', #1046, #946, #1541, .T. ) ;
#1207 = CARTESIAN_POINT ( 'NONE',  ( -6.484437924920801066, 36.38267500856138525, 16.35576158578727402 ) ) ;
#1208 = LINE ( 'NONE', #3322, #1777 ) ;
#1209 = VECTOR ( 'NONE', #450, 1000.000000000000114 ) ;
#1210 = ORIENTED_EDGE ( 'NONE', *, *, #241, .T. ) ;
#1211 = VECTOR ( 'NONE', #2551, 1000.000000000000227 ) ;
#1212 = DIRECTION ( 'NONE',  ( 0.000000000000000000, 0.000000000000000000, 1.000000000000000000 ) ) ;
#1213 = ORIENTED_EDGE ( 'NONE', *, *, #897, .T. ) ;
#1214 = CARTESIAN_POINT ( 'NONE',  ( -16.47896793714372876, 9.799999999999924327, -15.33816079115216091 ) ) ;
#1215 = VERTEX_POINT ( 'NONE', #3240 ) ;
#1216 = VECTOR ( 'NONE', #2564, 1000.000000000000114 ) ;
#1217 = EDGE_CURVE ( 'NONE', #3520, #1012, #2098, .T. ) ;
#1218 = EDGE_CURVE ( 'NONE', #2777, #1671, #3573, .T. ) ;
#1219 = ORIENTED_EDGE ( 'NONE', *, *, #3019, .F. ) ;
#1220 = CARTESIAN_POINT ( 'NONE',  ( 12.50000000000000533, 9.799999999999926104, -26.15564437074637993 ) ) ;
#1221 = CARTESIAN_POINT ( 'NONE',  ( -19.31591823177373257, 9.799999999999926104, 11.53886055308023906 ) ) ;
#1222 = DIRECTION ( 'NONE',  ( -0.4226182617406970543, 0.000000000000000000, -0.9063077870366511579 ) ) ;
#1223 = CARTESIAN_POINT ( 'NONE',  ( 2.227020204249461178E-15, 11.34999999999997300, 18.18499999999999517 ) ) ;
#1224 = DIRECTION ( 'NONE',  ( 0.9998837755602058008, 0.000000000000000000, -0.01524583128163223798 ) ) ;
#1225 = DIRECTION ( 'NONE',  ( 0.3695524189464516884, 0.000000000000000000, -0.9292098846067160522 ) ) ;
#1226 = CIRCLE ( 'NONE', #1716, 22.50000000000000355 ) ;
#1227 = DIRECTION ( 'NONE',  ( 0.000000000000000000, 0.000000000000000000, -1.000000000000000000 ) ) ;
#1228 = EDGE_CURVE ( 'NONE', #3135, #3005, #1506, .T. ) ;
#1229 = EDGE_CURVE ( 'NONE', #3084, #467, #2376, .T. ) ;
#1230 = VERTEX_POINT ( 'NONE', #3289 ) ;
#1231 = DIRECTION ( 'NONE',  ( -1.000000000000000000, 0.000000000000000000, -8.673617379884034486E-16 ) ) ;
#1232 = ORIENTED_EDGE ( 'NONE', *, *, #84, .F. ) ;
#1233 = DIRECTION ( 'NONE',  ( -1.000000000000000000, 0.000000000000000000, 2.891205793294676847E-16 ) ) ;
#1234 = ORIENTED_EDGE ( 'NONE', *, *, #2686, .T. ) ;
#1235 = LINE ( 'NONE', #3007, #2263 ) ;
#1236 = ORIENTED_EDGE ( 'NONE', *, *, #1765, .T. ) ;
#1237 = CARTESIAN_POINT ( 'NONE',  ( 0.000000000000000000, 3.549999999999928324, 0.000000000000000000 ) ) ;
#1238 = FACE_OUTER_BOUND ( 'NONE', #1147, .T. ) ;
#1239 = DIRECTION ( 'NONE',  ( -0.000000000000000000, -1.000000000000000000, -0.000000000000000000 ) ) ;
#1240 = ORIENTED_EDGE ( 'NONE', *, *, #2026, .F. ) ;
#1241 = DIRECTION ( 'NONE',  ( 0.6962441674134134395, 0.000000000000000000, -0.7178050287806589935 ) ) ;
#1242 = LINE ( 'NONE', #414, #253 ) ;
#1243 = DIRECTION ( 'NONE',  ( 1.000000000000000000, 0.000000000000000000, 8.673617379884034486E-16 ) ) ;
#1244 = EDGE_CURVE ( 'NONE', #1803, #2, #426, .T. ) ;
#1245 = ORIENTED_EDGE ( 'NONE', *, *, #940, .F. ) ;
#1246 = CARTESIAN_POINT ( 'NONE',  ( 0.000000000000000000, 9.799999999999926104, 0.000000000000000000 ) ) ;
#1247 = ORIENTED_EDGE ( 'NONE', *, *, #1694, .T. ) ;
#1248 = LINE ( 'NONE', #2072, #3515 ) ;
#1249 = ORIENTED_EDGE ( 'NONE', *, *, #1865, .T. ) ;
#1250 = EDGE_LOOP ( 'NONE', ( #3609, #1879, #1990, #1205, #2253 ) ) ;
#1251 = ORIENTED_EDGE ( 'NONE', *, *, #1123, .T. ) ;
#1252 = CARTESIAN_POINT ( 'NONE',  ( 11.99999999999998757, 0.5499999999999325428, -23.88064437074638491 ) ) ;
#1253 = DIRECTION ( 'NONE',  ( 0.000000000000000000, 1.000000000000000000, -0.000000000000000000 ) ) ;
#1254 = CIRCLE ( 'NONE', #1871, 0.09000000000000125955 ) ;
#1255 = DIRECTION ( 'NONE',  ( 0.000000000000000000, 0.000000000000000000, -1.000000000000000000 ) ) ;
#1256 = CARTESIAN_POINT ( 'NONE',  ( 0.000000000000000000, 11.37499999999996803, -18.18499999999999517 ) ) ;
#1257 = CARTESIAN_POINT ( 'NONE',  ( -18.62577703540877749, 2.799999999999927880, -7.946252565029581660 ) ) ;
#1258 = CIRCLE ( 'NONE', #548, 22.50000000000000355 ) ;
#1259 = ORIENTED_EDGE ( 'NONE', *, *, #2390, .F. ) ;
#1260 = VECTOR ( 'NONE', #2398, 1000.000000000000000 ) ;
#1261 = AXIS2_PLACEMENT_3D ( 'NONE', #766, #2446, #3668 ) ;
#1262 = DIRECTION ( 'NONE',  ( 0.000000000000000000, -1.000000000000000000, 0.000000000000000000 ) ) ;
#1263 = B_SPLINE_CURVE_WITH_KNOTS ( 'NONE', 3,
 ( #1481, #1823, #2343, #3504, #3207, #874, #911, #3544, #3262, #18, #2966, #2070, #945, #3191, #588, #1800 ),
 .UNSPECIFIED., .F., .F.,
 ( 4, 2, 2, 2, 2, 2, 2, 4 ),
 ( 0.000000000000000000, 0.0007478443005792703539, 0.001121766450868903579, 0.001308727526013722144, 0.001402208063586134895, 0.001448948332372340620, 0.001472318466765444459, 0.001495688601158548080 ),
 .UNSPECIFIED. ) ;
#1264 = VECTOR ( 'NONE', #919, 1000.000000000000114 ) ;
#1265 = VERTEX_POINT ( 'NONE', #2708 ) ;
#1266 = ORIENTED_EDGE ( 'NONE', *, *, #3347, .T. ) ;
#1267 = DIRECTION ( 'NONE',  ( -1.000000000000000000, 0.000000000000000000, 2.891205793294676847E-16 ) ) ;
#1268 = DIRECTION ( 'NONE',  ( 0.000000000000000000, -1.000000000000000000, 0.000000000000000000 ) ) ;
#1269 = VECTOR ( 'NONE', #3082, 1000.000000000000000 ) ;
#1270 = EDGE_LOOP ( 'NONE', ( #3619, #3388, #218, #2502 ) ) ;
#1271 = ADVANCED_FACE ( 'NONE', ( #695 ), #3013, .F. ) ;
#1272 = AXIS2_PLACEMENT_3D ( 'NONE', #2218, #1436, #1975 ) ;
#1273 = ADVANCED_FACE ( 'NONE', ( #3636 ), #3092, .F. ) ;
#1274 = ORIENTED_EDGE ( 'NONE', *, *, #222, .T. ) ;
#1275 = LINE ( 'NONE', #3592, #3152 ) ;
#1276 = LINE ( 'NONE', #938, #3450 ) ;
#1277 = ORIENTED_EDGE ( 'NONE', *, *, #608, .T. ) ;
#1278 = EDGE_CURVE ( 'NONE', #2464, #1501, #3688, .T. ) ;
#1279 = DIRECTION ( 'NONE',  ( 1.000000000000000000, 0.000000000000000000, -2.891205793294676354E-16 ) ) ;
#1280 = CARTESIAN_POINT ( 'NONE',  ( 8.286763934086796013, 11.25999999999997314, 18.39646920218777026 ) ) ;
#1281 = CARTESIAN_POINT ( 'NONE',  ( 10.25000000000003375, 0.5499999999999265476, 23.88064437074637780 ) ) ;
#1282 = ORIENTED_EDGE ( 'NONE', *, *, #1778, .T. ) ;
#1283 = CONICAL_SURFACE ( 'NONE', #2321, 0.7249999999999825473, 0.7853981633974480570 ) ;
#1284 = DIRECTION ( 'NONE',  ( 0.000000000000000000, -1.000000000000000000, 0.000000000000000000 ) ) ;
#1285 = AXIS2_PLACEMENT_3D ( 'NONE', #3260, #1515, #2157 ) ;
#1286 = ORIENTED_EDGE ( 'NONE', *, *, #3414, .T. ) ;
#1287 = ORIENTED_EDGE ( 'NONE', *, *, #1782, .F. ) ;
#1288 = SHAPE_DEFINITION_REPRESENTATION ( #340, #3265 ) ;
#1289 = DIRECTION ( 'NONE',  ( -0.000000000000000000, -1.000000000000000000, -0.000000000000000000 ) ) ;
#1290 = CARTESIAN_POINT ( 'NONE',  ( 8.370392823701402918, 11.25000000000000000, 18.42972891989294837 ) ) ;
#1291 = EDGE_CURVE ( 'NONE', #2227, #1769, #229, .T. ) ;
#1292 = VERTEX_POINT ( 'NONE', #1096 ) ;
#1293 = ADVANCED_FACE ( 'NONE', ( #2517 ), #3409, .F. ) ;
#1294 = ORIENTED_EDGE ( 'NONE', *, *, #3731, .F. ) ;
#1295 = DIRECTION ( 'NONE',  ( -0.000000000000000000, 1.000000000000000000, -0.000000000000000000 ) ) ;
#1296 = CARTESIAN_POINT ( 'NONE',  ( -13.51061806865183357, 74.98961030678925965, 13.92900658353580923 ) ) ;
#1297 = LINE ( 'NONE', #172, #3334 ) ;
#1298 = VERTEX_POINT ( 'NONE', #3613 ) ;
#1299 = FACE_OUTER_BOUND ( 'NONE', #3329, .T. ) ;
#1300 = CYLINDRICAL_SURFACE ( 'NONE', #462, 0.4749999999999997558 ) ;
#1301 = ADVANCED_FACE ( 'NONE', ( #3073, #3370 ), #2496, .T. ) ;
#1302 = ORIENTED_EDGE ( 'NONE', *, *, #832, .F. ) ;
#1303 = DIRECTION ( 'NONE',  ( -1.000000000000000000, 0.000000000000000000, 0.000000000000000000 ) ) ;
#1304 = PLANE ( 'NONE',  #2906 ) ;
#1305 = ORIENTED_EDGE ( 'NONE', *, *, #2563, .F. ) ;
#1306 = ORIENTED_EDGE ( 'NONE', *, *, #2315, .F. ) ;
#1307 = CARTESIAN_POINT ( 'NONE',  ( -7.517602003331536054, 11.25999999999997847, 19.33150888463367778 ) ) ;
#1308 = DIRECTION ( 'NONE',  ( 0.9998837755602059119, 0.000000000000000000, -0.01524583128162637288 ) ) ;
#1309 = FACE_BOUND ( 'NONE', #1031, .T. ) ;
#1310 = ORIENTED_EDGE ( 'NONE', *, *, #1244, .T. ) ;
#1311 = FACE_OUTER_BOUND ( 'NONE', #3232, .T. ) ;
#1312 = ORIENTED_EDGE ( 'NONE', *, *, #2397, .F. ) ;
#1313 = DIRECTION ( 'NONE',  ( 1.000000000000000000, 0.000000000000000000, -8.673617379884034486E-16 ) ) ;
#1314 = CARTESIAN_POINT ( 'NONE',  ( -20.28561557374407442, 9.799999999999926104, 9.459337892425100591 ) ) ;
#1315 = ORIENTED_EDGE ( 'NONE', *, *, #1189, .F. ) ;
#1316 = CARTESIAN_POINT ( 'NONE',  ( -9.999999999999998224, 9.799999999999924327, -20.15564437074637993 ) ) ;
#1317 = CARTESIAN_POINT ( 'NONE',  ( 13.92900658350942678, 10.15000000000000568, 13.51061806867700099 ) ) ;
#1318 = DIRECTION ( 'NONE',  ( -1.000000000000000000, 0.000000000000000000, 0.000000000000000000 ) ) ;
#1319 = EDGE_CURVE ( 'NONE', #773, #1683, #2768, .T. ) ;
#1320 = CARTESIAN_POINT ( 'NONE',  ( 10.25000000000003375, 0.5499999999999264366, 24.35564437074637567 ) ) ;
#1321 = EDGE_CURVE ( 'NONE', #3253, #3459, #1297, .T. ) ;
#1322 = ORIENTED_EDGE ( 'NONE', *, *, #2339, .T. ) ;
#1323 = LINE ( 'NONE', #1919, #2419 ) ;
#1324 = AXIS2_PLACEMENT_3D ( 'NONE', #2323, #2957, #355 ) ;
#1325 = VECTOR ( 'NONE', #2876, 1000.000000000000000 ) ;
#1326 = DIRECTION ( 'NONE',  ( 0.000000000000000000, -1.000000000000000000, 0.000000000000000000 ) ) ;
#1327 = DIRECTION ( 'NONE',  ( 1.224646799147353947E-16, 0.000000000000000000, -1.000000000000000000 ) ) ;
#1328 = VERTEX_POINT ( 'NONE', #1036 ) ;
#1329 = DIRECTION ( 'NONE',  ( 0.000000000000000000, 0.000000000000000000, -1.000000000000000000 ) ) ;
#1330 = AXIS2_PLACEMENT_3D ( 'NONE', #3594, #1253, #136 ) ;
#1331 = CARTESIAN_POINT ( 'NONE',  ( 12.93916668554942362, 10.03565453019969844, 14.53111072010277915 ) ) ;
#1332 = CIRCLE ( 'NONE', #72, 19.50000000000000355 ) ;
#1333 = ORIENTED_EDGE ( 'NONE', *, *, #2696, .F. ) ;
#1334 = CIRCLE ( 'NONE', #494, 20.25000000000000355 ) ;
#1335 = CARTESIAN_POINT ( 'NONE',  ( -17.80880838013104750, 9.799999999999926104, -14.77086805989612905 ) ) ;
#1336 = EDGE_LOOP ( 'NONE', ( #1178, #1546, #2760, #2781, #2722, #3053, #3267 ) ) ;
#1337 = DIRECTION ( 'NONE',  ( -1.000000000000000000, 0.000000000000000000, 2.891205793294676847E-16 ) ) ;
#1338 = ADVANCED_FACE ( 'NONE', ( #2808 ), #469, .T. ) ;
#1339 = ADVANCED_FACE ( 'NONE', ( #2230 ), #755, .T. ) ;
#1340 = DIRECTION ( 'NONE',  ( 1.000000000000000000, 0.000000000000000000, 0.000000000000000000 ) ) ;
#1341 = VERTEX_POINT ( 'NONE', #1970 ) ;
#1342 = AXIS2_PLACEMENT_3D ( 'NONE', #3405, #1966, #1945 ) ;
#1343 = CARTESIAN_POINT ( 'NONE',  ( 14.90493150791687960, 9.654498493062492415, -16.91904328067858643 ) ) ;
#1344 = DIRECTION ( 'NONE',  ( 1.000000000000000000, -0.000000000000000000, -0.000000000000000000 ) ) ;
#1345 = DIRECTION ( 'NONE',  ( -0.000000000000000000, -1.000000000000000000, -0.000000000000000000 ) ) ;
#1346 = ORIENTED_EDGE ( 'NONE', *, *, #3645, .F. ) ;
#1347 = FACE_OUTER_BOUND ( 'NONE', #2987, .T. ) ;
#1348 = ADVANCED_FACE ( 'NONE', ( #2827 ), #2124, .F. ) ;
#1349 = DIRECTION ( 'NONE',  ( 0.000000000000000000, -1.000000000000000000, 0.000000000000000000 ) ) ;
#1350 = CARTESIAN_POINT ( 'NONE',  ( 10.00000000000000355, 5.992388155425059537, -23.96325621532124117 ) ) ;
#1351 = EDGE_LOOP ( 'NONE', ( #3464, #2837, #1568, #331, #1855, #3245, #2108, #1900, #1703, #3069, #3342 ) ) ;
#1352 = LINE ( 'NONE', #1006, #2621 ) ;
#1353 = CARTESIAN_POINT ( 'NONE',  ( 12.75859237157255066, -2.974000000000073474, 25.53432402718673444 ) ) ;
#1354 = AXIS2_PLACEMENT_3D ( 'NONE', #2635, #2063, #3225 ) ;
#1355 = CARTESIAN_POINT ( 'NONE',  ( 0.000000000000000000, 3.549999999999928324, 0.000000000000000000 ) ) ;
#1356 = DIRECTION ( 'NONE',  ( 0.8935469126812358720, 0.000000000000000000, -0.4489698373363534833 ) ) ;
#1357 = VERTEX_POINT ( 'NONE', #1890 ) ;
#1358 = DIRECTION ( 'NONE',  ( 0.000000000000000000, 0.000000000000000000, -1.000000000000000000 ) ) ;
#1359 = LINE ( 'NONE', #2515, #2934 ) ;
#1360 = CARTESIAN_POINT ( 'NONE',  ( 13.04306982025041783, 36.38267500856138525, 14.49580386401778220 ) ) ;
#1361 = ORIENTED_EDGE ( 'NONE', *, *, #2686, .F. ) ;
#1362 = EDGE_CURVE ( 'NONE', #2167, #1769, #2472, .T. ) ;
#1363 = DIRECTION ( 'NONE',  ( 1.000000000000000000, 0.000000000000000000, -8.673617379884034486E-16 ) ) ;
#1364 = EDGE_CURVE ( 'NONE', #3177, #2759, #771, .T. ) ;
#1365 = CYLINDRICAL_SURFACE ( 'NONE', #2678, 2.999999999999999112 ) ;
#1366 = VERTEX_POINT ( 'NONE', #1645 ) ;
#1367 = DIRECTION ( 'NONE',  ( 0.000000000000000000, 0.000000000000000000, -1.000000000000000000 ) ) ;
#1368 =( BOUNDED_CURVE ( )  B_SPLINE_CURVE ( 3, ( #3000, #2512, #2226, #485 ),
 .UNSPECIFIED., .F., .F. ) 
 B_SPLINE_CURVE_WITH_KNOTS ( ( 4, 4 ),
 ( 3.141592653589791784, 4.712388980384687009 ),
 .UNSPECIFIED. ) 
 CURVE ( )  GEOMETRIC_REPRESENTATION_ITEM ( )  RATIONAL_B_SPLINE_CURVE ( ( 1.000000000000000000, 0.8047378541243652705, 0.8047378541243652705, 1.000000000000000000 ) ) 
 REPRESENTATION_ITEM ( '' )  );
#1369 = CARTESIAN_POINT ( 'NONE',  ( -19.97438003572289134, 3.549999999999928324, -3.329660972008262387 ) ) ;
#1370 = ORIENTED_EDGE ( 'NONE', *, *, #2169, .F. ) ;
#1371 = DIRECTION ( 'NONE',  ( 0.000000000000000000, 1.000000000000000000, -0.000000000000000000 ) ) ;
#1372 = ORIENTED_EDGE ( 'NONE', *, *, #3184, .T. ) ;
#1373 = DIRECTION ( 'NONE',  ( 0.1803039946937170235, -0.000000000000000000, 0.9836109340066773177 ) ) ;
#1374 = ADVANCED_FACE ( 'NONE', ( #210 ), #3386, .T. ) ;
#1375 = CARTESIAN_POINT ( 'NONE',  ( 8.039116409783325423, 11.34999252656495194, 19.02278303249431346 ) ) ;
#1376 = ORIENTED_EDGE ( 'NONE', *, *, #2699, .T. ) ;
#1377 = CARTESIAN_POINT ( 'NONE',  ( 0.000000000000000000, 3.799999999999901679, -26.15564437074638349 ) ) ;
#1378 = CARTESIAN_POINT ( 'NONE',  ( 0.000000000000000000, 9.799999999999926104, 0.000000000000000000 ) ) ;
#1379 = ORIENTED_EDGE ( 'NONE', *, *, #1924, .T. ) ;
#1380 = CARTESIAN_POINT ( 'NONE',  ( 13.15884088326095025, 9.329942888615812890, -18.26568254422244664 ) ) ;
#1381 = DIRECTION ( 'NONE',  ( 0.9998837755602060229, -0.000000000000000000, -0.01524583128162817873 ) ) ;
#1382 = CARTESIAN_POINT ( 'NONE',  ( 19.93310100931617868, -2.974000000000072141, -8.296119572172537815 ) ) ;
#1383 = VERTEX_POINT ( 'NONE', #501 ) ;
#1384 = LINE ( 'NONE', #3700, #2185 ) ;
#1385 = ADVANCED_FACE ( 'NONE', ( #1347 ), #3339, .F. ) ;
#1386 = PRODUCT_RELATED_PRODUCT_CATEGORY ( 'part', '', ( #935 ) ) ;
#1387 = DIRECTION ( 'NONE',  ( 0.000000000000000000, 0.000000000000000000, -1.000000000000000000 ) ) ;
#1388 = ORIENTED_EDGE ( 'NONE', *, *, #496, .F. ) ;
#1389 = ORIENTED_EDGE ( 'NONE', *, *, #2068, .T. ) ;
#1390 = DIRECTION ( 'NONE',  ( 2.891205793294675861E-16, 0.000000000000000000, 1.000000000000000000 ) ) ;
#1391 = CIRCLE ( 'NONE', #1937, 0.4749999999999997558 ) ;
#1392 = CIRCLE ( 'NONE', #960, 20.25000000000000355 ) ;
#1393 = DIRECTION ( 'NONE',  ( 0.000000000000000000, -1.000000000000000000, 0.000000000000000000 ) ) ;
#1394 = DIRECTION ( 'NONE',  ( 0.000000000000000000, 0.000000000000000000, 1.000000000000000000 ) ) ;
#1395 = DIRECTION ( 'NONE',  ( 0.000000000000000000, 0.000000000000000000, -1.000000000000000000 ) ) ;
#1396 = VERTEX_POINT ( 'NONE', #3063 ) ;
#1397 = DIRECTION ( 'NONE',  ( 0.000000000000000000, -1.000000000000000000, 0.000000000000000000 ) ) ;
#1398 = VECTOR ( 'NONE', #681, 1000.000000000000000 ) ;
#1399 = CARTESIAN_POINT ( 'NONE',  ( -6.436413556298620442, 11.25999999999997847, 19.50539547874914703 ) ) ;
#1400 = EDGE_CURVE ( 'NONE', #2400, #467, #1334, .T. ) ;
#1401 = AXIS2_PLACEMENT_3D ( 'NONE', #411, #1560, #1621 ) ;
#1402 = ORIENTED_EDGE ( 'NONE', *, *, #405, .F. ) ;
#1403 = EDGE_CURVE ( 'NONE', #946, #1574, #761, .T. ) ;
#1404 = DIRECTION ( 'NONE',  ( -0.9863891375665609917, 0.000000000000000000, -0.1644277023214038014 ) ) ;
#1405 = DIRECTION ( 'NONE',  ( -0.3695524189464526876, 0.000000000000000000, 0.9292098846067154971 ) ) ;
#1406 = AXIS2_PLACEMENT_3D ( 'NONE', #199, #2701, #178 ) ;
#1407 = ADVANCED_FACE ( 'NONE', ( #521 ), #1688, .T. ) ;
#1408 = CIRCLE ( 'NONE', #1582, 0.7250000000000034195 ) ;
#1409 = DIRECTION ( 'NONE',  ( -5.385579418882414786E-15, 0.000000000000000000, 1.000000000000000000 ) ) ;
#1410 = ORIENTED_EDGE ( 'NONE', *, *, #2405, .T. ) ;
#1411 = DIRECTION ( 'NONE',  ( -2.891205793294676354E-16, 0.000000000000000000, 1.000000000000000000 ) ) ;
#1412 = VERTEX_POINT ( 'NONE', #742 ) ;
#1413 = CARTESIAN_POINT ( 'NONE',  ( -8.039884573100295029, -2.974000000000072141, 19.15229260200478478 ) ) ;
#1414 = CARTESIAN_POINT ( 'NONE',  ( 9.999999999999991118, 19.87782218537311252, -10.07782218537314556 ) ) ;
#1415 = EDGE_LOOP ( 'NONE', ( #1174, #631, #3168, #3671, #1575, #1790, #3261, #1286, #2940, #1234, #1629, #205, #3378, #440 ) ) ;
#1416 = DIRECTION ( 'NONE',  ( 0.000000000000000000, 0.000000000000000000, 1.000000000000000000 ) ) ;
#1417 = CARTESIAN_POINT ( 'NONE',  ( -21.86450192966153949, 2.799999999999927880, 5.309760387044498486 ) ) ;
#1418 = EDGE_CURVE ( 'NONE', #2683, #3584, #3574, .T. ) ;
#1419 = CIRCLE ( 'NONE', #2877, 19.50000000000000355 ) ;
#1420 = ORIENTED_EDGE ( 'NONE', *, *, #2339, .F. ) ;
#1421 = EDGE_CURVE ( 'NONE', #2015, #189, #1977, .T. ) ;
#1422 = TOROIDAL_SURFACE ( 'NONE', #2756, 19.41000000000000369, 0.08999999999999999667 ) ;
#1423 = FACE_OUTER_BOUND ( 'NONE', #1106, .T. ) ;
#1424 = FACE_OUTER_BOUND ( 'NONE', #78, .T. ) ;
#1425 = CARTESIAN_POINT ( 'NONE',  ( 10.00000000000000533, -1.474000000000069033, -26.15564437074637993 ) ) ;
#1426 = CARTESIAN_POINT ( 'NONE',  ( -0.5727718084201500748, 2.799999999999927880, 1.138232138501142909 ) ) ;
#1427 = CARTESIAN_POINT ( 'NONE',  ( 10.00000000000000533, 3.799999999999930100, -26.15564437074637993 ) ) ;
#1428 = ORIENTED_EDGE ( 'NONE', *, *, #517, .T. ) ;
#1429 = LINE ( 'NONE', #2586, #1689 ) ;
#1430 = LINE ( 'NONE', #2893, #3110 ) ;
#1431 = EDGE_LOOP ( 'NONE', ( #2264, #1824, #2932, #1043, #1266, #2377 ) ) ;
#1432 = CARTESIAN_POINT ( 'NONE',  ( -12.00000000000001066, 0.5499999999999325428, -24.83064437074637709 ) ) ;
#1433 = ORIENTED_EDGE ( 'NONE', *, *, #2735, .F. ) ;
#1434 = LINE ( 'NONE', #1718, #2858 ) ;
#1435 = PLANE ( 'NONE',  #3156 ) ;
#1436 = DIRECTION ( 'NONE',  ( 0.000000000000000000, -1.000000000000000000, 0.000000000000000000 ) ) ;
#1437 = DIRECTION ( 'NONE',  ( -0.000000000000000000, 1.000000000000000000, -0.000000000000000000 ) ) ;
#1438 = EDGE_CURVE ( 'NONE', #1061, #3216, #2241, .T. ) ;
#1439 = EDGE_CURVE ( 'NONE', #3724, #1603, #2485, .T. ) ;
#1440 = ORIENTED_EDGE ( 'NONE', *, *, #2705, .T. ) ;
#1441 = CARTESIAN_POINT ( 'NONE',  ( -9.999999999999996447, 0.5499999999999264366, 23.63064437074640267 ) ) ;
#1442 = VECTOR ( 'NONE', #1175, 999.9999999999998863 ) ;
#1443 = CARTESIAN_POINT ( 'NONE',  ( 8.101380661862867427, 11.29681153493117840, 19.08627065080251839 ) ) ;
#1444 = EDGE_LOOP ( 'NONE', ( #577, #629, #2718, #3076 ) ) ;
#1445 = DIRECTION ( 'NONE',  ( 0.9292098846067159412, 0.000000000000000000, 0.3695524189464516884 ) ) ;
#1446 = DIRECTION ( 'NONE',  ( 0.000000000000000000, 1.000000000000000000, 0.000000000000000000 ) ) ;
#1447 = AXIS2_PLACEMENT_3D ( 'NONE', #338, #2645, #579 ) ;
#1448 = AXIS2_PLACEMENT_3D ( 'NONE', #2279, #1349, #2221 ) ;
#1449 = ORIENTED_EDGE ( 'NONE', *, *, #2236, .F. ) ;
#1450 = EDGE_CURVE ( 'NONE', #3086, #2287, #1384, .T. ) ;
#1451 = CARTESIAN_POINT ( 'NONE',  ( 11.99999999999998757, 0.5499999999999325428, -24.35564437074638278 ) ) ;
#1452 = LINE ( 'NONE', #3466, #2178 ) ;
#1453 = CONICAL_SURFACE ( 'NONE', #3567, 0.4749999999999997558, 0.7853981633974528309 ) ;
#1454 = CIRCLE ( 'NONE', #2183, 0.08999999999999980238 ) ;
#1455 = VECTOR ( 'NONE', #2774, 1000.000000000000000 ) ;
#1456 = DIRECTION ( 'NONE',  ( 0.000000000000000000, 1.000000000000000000, 0.000000000000000000 ) ) ;
#1457 = FACE_OUTER_BOUND ( 'NONE', #2125, .T. ) ;
#1458 = DIRECTION ( 'NONE',  ( -0.000000000000000000, -1.000000000000000000, 0.000000000000000000 ) ) ;
#1459 = ADVANCED_FACE ( 'NONE', ( #3418 ), #823, .F. ) ;
#1460 = VECTOR ( 'NONE', #740, 1000.000000000000000 ) ;
#1461 = ORIENTED_EDGE ( 'NONE', *, *, #1838, .F. ) ;
#1462 = CARTESIAN_POINT ( 'NONE',  ( 6.980079899971487478, 11.25000000000000000, 16.15045995762239528 ) ) ;
#1463 = EDGE_LOOP ( 'NONE', ( #1950, #180, #3675, #144, #3497 ) ) ;
#1464 = CARTESIAN_POINT ( 'NONE',  ( 8.098057949709566827, 11.30526152352358871, 19.08290223030006416 ) ) ;
#1465 = VERTEX_POINT ( 'NONE', #1019 ) ;
#1466 = DIRECTION ( 'NONE',  ( -0.7178050287942189245, 0.000000000000000000, -0.6962441673994337332 ) ) ;
#1467 = DIRECTION ( 'NONE',  ( 1.000000000000000000, 0.000000000000000000, 0.000000000000000000 ) ) ;
#1468 = EDGE_CURVE ( 'NONE', #3584, #161, #1044, .T. ) ;
#1469 = ORIENTED_EDGE ( 'NONE', *, *, #1111, .F. ) ;
#1470 = FACE_OUTER_BOUND ( 'NONE', #1476, .T. ) ;
#1471 = AXIS2_PLACEMENT_3D ( 'NONE', #184, #3363, #765 ) ;
#1472 = CYLINDRICAL_SURFACE ( 'NONE', #2973, 19.50000000000000355 ) ;
#1473 = EDGE_CURVE ( 'NONE', #1328, #1366, #1323, .T. ) ;
#1474 = CIRCLE ( 'NONE', #3593, 2.000000000000015543 ) ;
#1475 = CARTESIAN_POINT ( 'NONE',  ( -7.484512020058524229, 11.33845233683298659, 19.29552269439351875 ) ) ;
#1476 = EDGE_LOOP ( 'NONE', ( #3542, #2244, #244, #703 ) ) ;
#1477 = CARTESIAN_POINT ( 'NONE',  ( -10.24999999999999645, 0.5499999999999325428, -23.88064437074637780 ) ) ;
#1478 = EDGE_CURVE ( 'NONE', #3146, #3506, #1032, .T. ) ;
#1479 = TOROIDAL_SURFACE ( 'NONE', #99, 3.059999999999825970, 0.08999999999999999667 ) ;
#1480 = ORIENTED_EDGE ( 'NONE', *, *, #3077, .T. ) ;
#1481 = CARTESIAN_POINT ( 'NONE',  ( -13.19439664247190969, 11.34999999999997122, 14.23572959988795539 ) ) ;
#1482 = ORIENTED_EDGE ( 'NONE', *, *, #2628, .T. ) ;
#1483 = DIRECTION ( 'NONE',  ( 0.000000000000000000, -1.000000000000000000, 0.000000000000000000 ) ) ;
#1484 = VERTEX_POINT ( 'NONE', #3550 ) ;
#1485 = CARTESIAN_POINT ( 'NONE',  ( 0.000000000000000000, 11.34999999999997122, -19.40500000002931458 ) ) ;
#1486 = CARTESIAN_POINT ( 'NONE',  ( 13.12429721057666399, -2.974000000000072141, -24.65564437074637638 ) ) ;
#1487 = ORIENTED_EDGE ( 'NONE', *, *, #352, .T. ) ;
#1488 = EDGE_CURVE ( 'NONE', #648, #2625, #2958, .T. ) ;
#1489 = FACE_OUTER_BOUND ( 'NONE', #2892, .T. ) ;
#1490 = SURFACE_SIDE_STYLE ('',( #555 ) ) ;
#1491 = CARTESIAN_POINT ( 'NONE',  ( 15.95934561907592197, 9.763086998378504688, 15.87797266882530067 ) ) ;
#1492 = CARTESIAN_POINT ( 'NONE',  ( -13.19946148723249024, -2.974000000000072141, 24.65564437074638704 ) ) ;
#1493 = DIRECTION ( 'NONE',  ( 0.000000000000000000, -0.000000000000000000, -1.000000000000000000 ) ) ;
#1494 = CARTESIAN_POINT ( 'NONE',  ( 2.227020204249461178E-15, 11.37499999999996803, 18.18499999999999517 ) ) ;
#1495 = VERTEX_POINT ( 'NONE', #620 ) ;
#1496 = EDGE_CURVE ( 'NONE', #2232, #2602, #2356, .T. ) ;
#1497 = DIRECTION ( 'NONE',  ( 0.000000000000000000, 0.000000000000000000, -1.000000000000000000 ) ) ;
#1498 = CARTESIAN_POINT ( 'NONE',  ( -9.999999999999994671, 8.632336374617832320, -20.15564437074637993 ) ) ;
#1499 = ORIENTED_EDGE ( 'NONE', *, *, #2871, .T. ) ;
#1500 = CARTESIAN_POINT ( 'NONE',  ( 7.026732143693278587, 11.25999999999997314, 19.21010431083652392 ) ) ;
#1501 = VERTEX_POINT ( 'NONE', #920 ) ;
#1502 = CIRCLE ( 'NONE', #902, 0.7249999999999825473 ) ;
#1503 = CARTESIAN_POINT ( 'NONE',  ( -20.59236487628161782, 2.799999999999927880, 9.066670215800472832 ) ) ;
#1504 = MANIFOLD_SOLID_BREP ( 'Cut-Extrude8', #2851 ) ;
#1505 = EDGE_CURVE ( 'NONE', #1025, #278, #899, .T. ) ;
#1506 = LINE ( 'NONE', #3256, #3210 ) ;
#1507 = VECTOR ( 'NONE', #2207, 1000.000000000000114 ) ;
#1508 = EDGE_CURVE ( 'NONE', #278, #1671, #1528, .T. ) ;
#1509 = LINE ( 'NONE', #3538, #2736 ) ;
#1510 = CARTESIAN_POINT ( 'NONE',  ( -7.458856171241162514, 11.34978921482787584, 19.26746108292000059 ) ) ;
#1511 = CIRCLE ( 'NONE', #795, 19.50000000000000355 ) ;
#1512 = CARTESIAN_POINT ( 'NONE',  ( -19.31591823177372902, -2.974000000000072141, -11.53886055308023906 ) ) ;
#1513 = ADVANCED_FACE ( 'NONE', ( #1708 ), #3273, .F. ) ;
#1514 = CIRCLE ( 'NONE', #3332, 0.4749999999999997558 ) ;
#1515 = DIRECTION ( 'NONE',  ( 0.000000000000000000, -1.000000000000000000, 0.000000000000000000 ) ) ;
#1516 = AXIS2_PLACEMENT_3D ( 'NONE', #3154, #3536, #1183 ) ;
#1517 = EDGE_LOOP ( 'NONE', ( #1081, #1245, #39, #79 ) ) ;
#1518 = VECTOR ( 'NONE', #335, 1000.000000000000000 ) ;
#1519 = CARTESIAN_POINT ( 'NONE',  ( 11.15802247752154663, 11.25000000000000000, 19.53838617673230615 ) ) ;
#1520 = ORIENTED_EDGE ( 'NONE', *, *, #436, .T. ) ;
#1521 = DIRECTION ( 'NONE',  ( 0.000000000000000000, 0.000000000000000000, -1.000000000000000000 ) ) ;
#1522 = ORIENTED_EDGE ( 'NONE', *, *, #1418, .F. ) ;
#1523 = DIRECTION ( 'NONE',  ( 0.000000000000000000, 0.000000000000000000, 1.000000000000000000 ) ) ;
#1524 = DIRECTION ( 'NONE',  ( 1.000000000000000000, 0.000000000000000000, 0.000000000000000000 ) ) ;
#1525 = VECTOR ( 'NONE', #3172, 1000.000000000000000 ) ;
#1526 = ORIENTED_EDGE ( 'NONE', *, *, #3690, .T. ) ;
#1527 = DIRECTION ( 'NONE',  ( -0.000000000000000000, -1.000000000000000000, -0.000000000000000000 ) ) ;
#1528 = LINE ( 'NONE', #1221, #571 ) ;
#1529 = DIRECTION ( 'NONE',  ( 0.7071067811865442421, 0.000000000000000000, -0.7071067811865507924 ) ) ;
#1530 = EDGE_CURVE ( 'NONE', #2227, #649, #1655, .T. ) ;
#1531 = CARTESIAN_POINT ( 'NONE',  ( -10.55932221929372083, 10.15000000000000036, 19.86833446137672610 ) ) ;
#1532 = CARTESIAN_POINT ( 'NONE',  ( -7.813924682793268239, 10.00000000000000000, 18.65887492646981727 ) ) ;
#1533 = CARTESIAN_POINT ( 'NONE',  ( 10.00000000000000355, 0.5499999999999325428, -24.35564437074638278 ) ) ;
#1534 = AXIS2_PLACEMENT_3D ( 'NONE', #2902, #1187, #309 ) ;
#1535 = ORIENTED_EDGE ( 'NONE', *, *, #1076, .T. ) ;
#1536 = CARTESIAN_POINT ( 'NONE',  ( 11.99999999999998757, 0.5499999999999325428, -23.88064437074638491 ) ) ;
#1537 = ORIENTED_EDGE ( 'NONE', *, *, #3103, .T. ) ;
#1538 = DIRECTION ( 'NONE',  ( 0.000000000000000000, 0.000000000000000000, 1.000000000000000000 ) ) ;
#1539 = ORIENTED_EDGE ( 'NONE', *, *, #2764, .T. ) ;
#1540 =( NAMED_UNIT ( * ) SI_UNIT ( $, .STERADIAN. ) SOLID_ANGLE_UNIT ( ) );
#1541 = B_SPLINE_CURVE_WITH_KNOTS ( 'NONE', 3,
 ( #1869, #1793, #2959, #3033, #2412, #1491, #956, #2116 ),
 .UNSPECIFIED., .F., .F.,
 ( 4, 2, 2, 4 ),
 ( 0.000000000000000000, 0.004453226027401209139, 0.006679839041101813708, 0.008906452054802421747 ),
 .UNSPECIFIED. ) ;
#1542 = ORIENTED_EDGE ( 'NONE', *, *, #832, .T. ) ;
#1543 = VERTEX_POINT ( 'NONE', #2375 ) ;
#1544 = DIRECTION ( 'NONE',  ( 0.000000000000000000, 0.000000000000000000, -1.000000000000000000 ) ) ;
#1545 = DIRECTION ( 'NONE',  ( -0.4959121101120612107, 0.000000000000000000, -0.8683727189658844159 ) ) ;
#1546 = ORIENTED_EDGE ( 'NONE', *, *, #2856, .T. ) ;
#1547 = CYLINDRICAL_SURFACE ( 'NONE', #2484, 20.25000000000000355 ) ;
#1548 = DIRECTION ( 'NONE',  ( -0.9292098846067159412, 0.000000000000000000, -0.3695524189464516884 ) ) ;
#1549 = FACE_OUTER_BOUND ( 'NONE', #618, .T. ) ;
#1550 = EDGE_LOOP ( 'NONE', ( #591, #3195, #1852, #481, #1194, #3685 ) ) ;
#1551 = ADVANCED_FACE ( 'NONE', ( #2336, #3495 ), #2057, .F. ) ;
#1552 = EDGE_CURVE ( 'NONE', #2196, #1543, #1125, .T. ) ;
#1553 = FACE_OUTER_BOUND ( 'NONE', #3317, .T. ) ;
#1554 = ORIENTED_EDGE ( 'NONE', *, *, #1473, .T. ) ;
#1555 = ORIENTED_EDGE ( 'NONE', *, *, #2206, .F. ) ;
#1556 = DIRECTION ( 'NONE',  ( -0.000000000000000000, 1.000000000000000000, -0.000000000000000000 ) ) ;
#1557 = CARTESIAN_POINT ( 'NONE',  ( 12.69067465797238903, 11.30795080672177555, 14.78729789603181821 ) ) ;
#1558 = ORIENTED_EDGE ( 'NONE', *, *, #3635, .T. ) ;
#1559 = DIRECTION ( 'NONE',  ( -1.000000000000000000, -0.000000000000000000, -8.673617379884034486E-16 ) ) ;
#1560 = DIRECTION ( 'NONE',  ( -1.000000000000000000, 0.000000000000000000, 2.891205793294676847E-16 ) ) ;
#1561 = ORIENTED_EDGE ( 'NONE', *, *, #3083, .T. ) ;
#1562 = AXIS2_PLACEMENT_3D ( 'NONE', #3272, #2471, #708 ) ;
#1563 = DIRECTION ( 'NONE',  ( 0.000000000000000000, 0.000000000000000000, 1.000000000000000000 ) ) ;
#1564 = VECTOR ( 'NONE', #1711, 1000.000000000000000 ) ;
#1565 = CARTESIAN_POINT ( 'NONE',  ( 12.00000000000000178, 0.5499999999999265476, 23.88064437074637780 ) ) ;
#1566 = CARTESIAN_POINT ( 'NONE',  ( 0.000000000000000000, 9.799999999999926104, -20.15564437074637993 ) ) ;
#1567 = VECTOR ( 'NONE', #1467, 1000.000000000000000 ) ;
#1568 = ORIENTED_EDGE ( 'NONE', *, *, #3091, .T. ) ;
#1569 = VECTOR ( 'NONE', #2476, 1000.000000000000000 ) ;
#1570 = VECTOR ( 'NONE', #677, 1000.000000000000000 ) ;
#1571 = ADVANCED_FACE ( 'NONE', ( #1807 ), #376, .T. ) ;
#1572 = CARTESIAN_POINT ( 'NONE',  ( 0.000000000000000000, 11.34999999999997300, 0.000000000000000000 ) ) ;
#1573 = VECTOR ( 'NONE', #2373, 1000.000000000000000 ) ;
#1574 = VERTEX_POINT ( 'NONE', #100 ) ;
#1575 = ORIENTED_EDGE ( 'NONE', *, *, #380, .F. ) ;
#1576 = CARTESIAN_POINT ( 'NONE',  ( 0.000000000000000000, -2.974000000000072141, 0.000000000000000000 ) ) ;
#1577 = APPLICATION_PROTOCOL_DEFINITION ( 'draft international standard', 'automotive_design', 1998, #639 ) ;
#1578 = DIRECTION ( 'NONE',  ( 0.000000000000000000, 0.000000000000000000, -1.000000000000000000 ) ) ;
#1579 = AXIS2_PLACEMENT_3D ( 'NONE', #1812, #86, #2982 ) ;
#1580 = DIRECTION ( 'NONE',  ( 1.000000000000000000, 0.000000000000000000, -2.891205793294676354E-16 ) ) ;
#1581 = ORIENTED_EDGE ( 'NONE', *, *, #2650, .F. ) ;
#1582 = AXIS2_PLACEMENT_3D ( 'NONE', #2875, #821, #255 ) ;
#1583 = ADVANCED_FACE ( 'NONE', ( #1238 ), #2393, .F. ) ;
#1584 = ORIENTED_EDGE ( 'NONE', *, *, #1681, .F. ) ;
#1585 = ORIENTED_EDGE ( 'NONE', *, *, #402, .T. ) ;
#1586 = CARTESIAN_POINT ( 'NONE',  ( 0.000000000000000000, 74.98961030678925965, -19.40500000002931458 ) ) ;
#1587 = DIRECTION ( 'NONE',  ( 0.000000000000000000, 0.000000000000000000, -1.000000000000000000 ) ) ;
#1588 = VERTEX_POINT ( 'NONE', #3612 ) ;
#1589 = VECTOR ( 'NONE', #653, 1000.000000000000114 ) ;
#1590 = CYLINDRICAL_SURFACE ( 'NONE', #3630, 1.500000000000001332 ) ;
#1591 = CIRCLE ( 'NONE', #513, 1.500000000000001332 ) ;
#1592 = VERTEX_POINT ( 'NONE', #2750 ) ;
#1593 = ORIENTED_EDGE ( 'NONE', *, *, #2643, .T. ) ;
#1594 = CARTESIAN_POINT ( 'NONE',  ( 0.000000000000000000, 0.04999999999992814359, 0.000000000000000000 ) ) ;
#1595 = CARTESIAN_POINT ( 'NONE',  ( 5.218048215738235740E-12, 11.57499999999997264, 17.98499999999281229 ) ) ;
#1596 = CYLINDRICAL_SURFACE ( 'NONE', #3642, 13.00000000000000000 ) ;
#1597 = ORIENTED_EDGE ( 'NONE', *, *, #84, .T. ) ;
#1598 = PLANE ( 'NONE',  #2867 ) ;
#1599 = ORIENTED_EDGE ( 'NONE', *, *, #1218, .T. ) ;
#1600 = CARTESIAN_POINT ( 'NONE',  ( -12.85550738009676053, 10.12106578027105108, 14.56443957384752252 ) ) ;
#1601 = DIRECTION ( 'NONE',  ( 0.4226182617406970543, 0.000000000000000000, 0.9063077870366511579 ) ) ;
#1602 = EDGE_CURVE ( 'NONE', #2196, #277, #3634, .T. ) ;
#1603 = VERTEX_POINT ( 'NONE', #1910 ) ;
#1604 = EDGE_CURVE ( 'NONE', #1843, #3604, #1620, .T. ) ;
#1605 = CARTESIAN_POINT ( 'NONE',  ( -6.484437924835757983, 11.34999999999997300, 19.41576158573447586 ) ) ;
#1606 = LINE ( 'NONE', #1041, #664 ) ;
#1607 = DIRECTION ( 'NONE',  ( -1.000000000000000000, 0.000000000000000000, -0.000000000000000000 ) ) ;
#1608 = ORIENTED_EDGE ( 'NONE', *, *, #3618, .F. ) ;
#1609 = CARTESIAN_POINT ( 'NONE',  ( 14.99718884230662930, 9.799999999999926104, 14.77086805989612905 ) ) ;
#1610 = DIRECTION ( 'NONE',  ( 0.000000000000000000, 0.000000000000000000, -1.000000000000000000 ) ) ;
#1611 = EDGE_CURVE ( 'NONE', #1412, #3417, #1644, .T. ) ;
#1612 = ORIENTED_EDGE ( 'NONE', *, *, #3469, .F. ) ;
#1613 = ADVANCED_FACE ( 'NONE', ( #488 ), #2229, .F. ) ;
#1614 = ORIENTED_EDGE ( 'NONE', *, *, #1203, .T. ) ;
#1615 = CARTESIAN_POINT ( 'NONE',  ( 13.65441362079806353, 10.15000000000000568, 13.79371445745431224 ) ) ;
#1616 = ORIENTED_EDGE ( 'NONE', *, *, #2628, .F. ) ;
#1617 = CARTESIAN_POINT ( 'NONE',  ( 8.065861096445765099, 11.34292378652093980, 19.05014816765870123 ) ) ;
#1618 = ORIENTED_EDGE ( 'NONE', *, *, #2510, .T. ) ;
#1619 = FACE_OUTER_BOUND ( 'NONE', #2963, .T. ) ;
#1620 = LINE ( 'NONE', #2495, #1961 ) ;
#1621 = DIRECTION ( 'NONE',  ( 0.000000000000000000, 0.000000000000000000, 1.000000000000000000 ) ) ;
#1622 = ORIENTED_EDGE ( 'NONE', *, *, #1785, .T. ) ;
#1623 = CARTESIAN_POINT ( 'NONE',  ( -20.59236487628161782, 0.7999999999999279909, 9.066670215800472832 ) ) ;
#1624 = EDGE_CURVE ( 'NONE', #1652, #2348, #2806, .T. ) ;
#1625 = FACE_OUTER_BOUND ( 'NONE', #2894, .T. ) ;
#1626 = CIRCLE ( 'NONE', #2111, 0.4749999999999997558 ) ;
#1627 = DIRECTION ( 'NONE',  ( 0.000000000000000000, 0.000000000000000000, 1.000000000000000000 ) ) ;
#1628 = ADVANCED_FACE ( 'NONE', ( #2826 ), #2555, .F. ) ;
#1629 = ORIENTED_EDGE ( 'NONE', *, *, #3136, .T. ) ;
#1630 = VECTOR ( 'NONE', #954, 1000.000000000000000 ) ;
#1631 = VECTOR ( 'NONE', #419, 1000.000000000000114 ) ;
#1632 = DIRECTION ( 'NONE',  ( 0.000000000000000000, 1.000000000000000000, 0.000000000000000000 ) ) ;
#1633 = ORIENTED_EDGE ( 'NONE', *, *, #2521, .F. ) ;
#1634 = AXIS2_PLACEMENT_3D ( 'NONE', #569, #3200, #2943 ) ;
#1635 = DIRECTION ( 'NONE',  ( 0.000000000000000000, -1.000000000000000000, 0.000000000000000000 ) ) ;
#1636 = EDGE_LOOP ( 'NONE', ( #390, #3359, #2460, #2994 ) ) ;
#1637 = AXIS2_PLACEMENT_3D ( 'NONE', #3577, #103, #3553 ) ;
#1638 = ORIENTED_EDGE ( 'NONE', *, *, #3252, .T. ) ;
#1639 = MECHANICAL_DESIGN_GEOMETRIC_PRESENTATION_REPRESENTATION (  '', ( #2308 ), #16 ) ;
#1640 = CARTESIAN_POINT ( 'NONE',  ( -14.67436674234446592, 8.462944526683497060, -21.49269984406280543 ) ) ;
#1641 = ORIENTED_EDGE ( 'NONE', *, *, #3143, .T. ) ;
#1642 = DIRECTION ( 'NONE',  ( -8.006416042969879049E-16, -2.668805347656626481E-15, -1.000000000000000000 ) ) ;
#1643 = EDGE_CURVE ( 'NONE', #1002, #3177, #1359, .T. ) ;
#1644 = LINE ( 'NONE', #227, #387 ) ;
#1645 = CARTESIAN_POINT ( 'NONE',  ( 10.00000000000000533, 3.799999999999902567, 26.15564437074637993 ) ) ;
#1646 = ORIENTED_EDGE ( 'NONE', *, *, #524, .F. ) ;
#1647 = AXIS2_PLACEMENT_3D ( 'NONE', #2587, #893, #2317 ) ;
#1648 = DIRECTION ( 'NONE',  ( 0.000000000000000000, 0.000000000000000000, 1.000000000000000000 ) ) ;
#1649 = EDGE_CURVE ( 'NONE', #3604, #2809, #3231, .T. ) ;
#1650 = CARTESIAN_POINT ( 'NONE',  ( -9.999999999999996447, -2.974000000000072141, 24.65564437074638349 ) ) ;
#1651 = LINE ( 'NONE', #272, #1216 ) ;
#1652 = VERTEX_POINT ( 'NONE', #3090 ) ;
#1653 = DIRECTION ( 'NONE',  ( -0.3131456130149716799, 0.6715429342378171906, -0.6715429342378194111 ) ) ;
#1654 = DIRECTION ( 'NONE',  ( -0.000000000000000000, -1.000000000000000000, 0.000000000000000000 ) ) ;
#1655 = CIRCLE ( 'NONE', #1050, 3.149999999999824940 ) ;
#1656 = ORIENTED_EDGE ( 'NONE', *, *, #2432, .T. ) ;
#1657 = CYLINDRICAL_SURFACE ( 'NONE', #3330, 3.199999999999900702 ) ;
#1658 =( BOUNDED_CURVE ( )  B_SPLINE_CURVE ( 3, ( #941, #2100, #3258, #1736 ),
 .UNSPECIFIED., .F., .F. ) 
 B_SPLINE_CURVE_WITH_KNOTS ( ( 4, 4 ),
 ( 1.570796326794899000, 3.141592653589794892 ),
 .UNSPECIFIED. ) 
 CURVE ( )  GEOMETRIC_REPRESENTATION_ITEM ( )  RATIONAL_B_SPLINE_CURVE ( ( 1.000000000000000000, 0.8047378541243652705, 0.8047378541243652705, 1.000000000000000000 ) ) 
 REPRESENTATION_ITEM ( '' )  );
#1659 = VECTOR ( 'NONE', #3147, 1000.000000000000114 ) ;
#1660 = FACE_OUTER_BOUND ( 'NONE', #2360, .T. ) ;
#1661 = PLANE ( 'NONE',  #2674 ) ;
#1662 = EDGE_LOOP ( 'NONE', ( #1219, #486, #1086, #633, #2049 ) ) ;
#1663 = DIRECTION ( 'NONE',  ( 0.000000000000000000, 0.000000000000000000, -1.000000000000000000 ) ) ;
#1664 = CARTESIAN_POINT ( 'NONE',  ( 10.25000000000003375, 0.5499999999999264366, 24.35564437074637567 ) ) ;
#1665 = CARTESIAN_POINT ( 'NONE',  ( -7.517602003331536054, 74.98961030678925965, 19.33150888463367778 ) ) ;
#1666 = ORIENTED_EDGE ( 'NONE', *, *, #2939, .F. ) ;
#1667 = DIRECTION ( 'NONE',  ( 0.000000000000000000, 0.000000000000000000, 1.000000000000000000 ) ) ;
#1668 = EDGE_CURVE ( 'NONE', #1998, #2700, #530, .T. ) ;
#1669 = CARTESIAN_POINT ( 'NONE',  ( -12.13064373469592994, 11.25999999999997847, 15.26753033669436022 ) ) ;
#1670 = DIRECTION ( 'NONE',  ( 0.9367205978485819706, 0.000000000000000000, 0.3500778792871594991 ) ) ;
#1671 = VERTEX_POINT ( 'NONE', #246 ) ;
#1672 = ORIENTED_EDGE ( 'NONE', *, *, #3432, .T. ) ;
#1673 = EDGE_CURVE ( 'NONE', #1592, #3348, #2845, .T. ) ;
#1674 = DIRECTION ( 'NONE',  ( 0.000000000000000000, 0.000000000000000000, 1.000000000000000000 ) ) ;
#1675 = EDGE_CURVE ( 'NONE', #1592, #1501, #1419, .T. ) ;
#1676 = DIRECTION ( 'NONE',  ( -0.3842467840676229707, 0.000000000000000000, 0.9232304202817893657 ) ) ;
#1677 = CYLINDRICAL_SURFACE ( 'NONE', #910, 20.25000000000000355 ) ;
#1678 = VERTEX_POINT ( 'NONE', #2093 ) ;
#1679 = DIRECTION ( 'NONE',  ( 0.000000000000000000, -1.000000000000000000, 0.000000000000000000 ) ) ;
#1680 = DIRECTION ( 'NONE',  ( -1.000000000000000000, -0.000000000000000000, -0.000000000000000000 ) ) ;
#1681 = EDGE_CURVE ( 'NONE', #1495, #2215, #670, .T. ) ;
#1682 = DIRECTION ( 'NONE',  ( -0.9998837755602059119, 0.000000000000000000, 0.01524583128162817700 ) ) ;
#1683 = VERTEX_POINT ( 'NONE', #2445 ) ;
#1684 = DIRECTION ( 'NONE',  ( 0.000000000000000000, -1.000000000000000000, 0.000000000000000000 ) ) ;
#1685 = PLANE ( 'NONE',  #2855 ) ;
#1686 = DIRECTION ( 'NONE',  ( -1.000000000000000000, 0.000000000000000000, 0.000000000000000000 ) ) ;
#1687 = VERTEX_POINT ( 'NONE', #3251 ) ;
#1688 = PLANE ( 'NONE',  #855 ) ;
#1689 = VECTOR ( 'NONE', #3735, 1000.000000000000000 ) ;
#1690 = DIRECTION ( 'NONE',  ( 0.3695524189464526876, -0.000000000000000000, -0.9292098846067154971 ) ) ;
#1691 = EDGE_LOOP ( 'NONE', ( #538, #3107 ) ) ;
#1692 = AXIS2_PLACEMENT_3D ( 'NONE', #2197, #2805, #1358 ) ;
#1693 = AXIS2_PLACEMENT_3D ( 'NONE', #3527, #1231, #2933 ) ;
#1694 = EDGE_CURVE ( 'NONE', #2046, #558, #2996, .T. ) ;
#1695 = DIRECTION ( 'NONE',  ( 0.000000000000000000, -1.000000000000000000, 0.000000000000000000 ) ) ;
#1696 = AXIS2_PLACEMENT_3D ( 'NONE', #852, #2324, #1149 ) ;
#1697 = LINE ( 'NONE', #1414, #3576 ) ;
#1698 = ORIENTED_EDGE ( 'NONE', *, *, #2746, .F. ) ;
#1699 = AXIS2_PLACEMENT_3D ( 'NONE', #3134, #531, #1682 ) ;
#1700 = DIRECTION ( 'NONE',  ( 0.000000000000000000, -1.000000000000000000, 0.000000000000000000 ) ) ;
#1701 = LINE ( 'NONE', #2228, #2538 ) ;
#1702 = CIRCLE ( 'NONE', #1942, 0.7250000000000380584 ) ;
#1703 = ORIENTED_EDGE ( 'NONE', *, *, #3186, .T. ) ;
#1704 = DIRECTION ( 'NONE',  ( 0.000000000000000000, -1.000000000000000000, 0.000000000000000000 ) ) ;
#1705 = CARTESIAN_POINT ( 'NONE',  ( 0.000000000000000000, 11.25999999999997314, 0.000000000000000000 ) ) ;
#1706 = AXIS2_PLACEMENT_3D ( 'NONE', #3678, #2595, #1105 ) ;
#1707 = FACE_OUTER_BOUND ( 'NONE', #3081, .T. ) ;
#1708 = FACE_OUTER_BOUND ( 'NONE', #1024, .T. ) ;
#1709 = CARTESIAN_POINT ( 'NONE',  ( -10.00000000000000000, 19.87782218537310897, 10.07782218537314733 ) ) ;
#1710 = EDGE_LOOP ( 'NONE', ( #1728, #491, #2090, #200 ) ) ;
#1711 = DIRECTION ( 'NONE',  ( -0.000000000000000000, -1.000000000000000000, -0.000000000000000000 ) ) ;
#1712 = CARTESIAN_POINT ( 'NONE',  ( -20.63924026080315599, 2.799999999999927880, -8.959450957332267151 ) ) ;
#1713 = ORIENTED_EDGE ( 'NONE', *, *, #3473, .T. ) ;
#1714 = DIRECTION ( 'NONE',  ( 0.000000000000000000, 1.000000000000000000, -0.000000000000000000 ) ) ;
#1715 = FACE_OUTER_BOUND ( 'NONE', #447, .T. ) ;
#1716 = AXIS2_PLACEMENT_3D ( 'NONE', #203, #239, #3067 ) ;
#1717 = ORIENTED_EDGE ( 'NONE', *, *, #3115, .T. ) ;
#1718 = CARTESIAN_POINT ( 'NONE',  ( -6.893445386980598499, 11.25000000000000000, 20.74830538543782410 ) ) ;
#1719 = ADVANCED_FACE ( 'NONE', ( #1828 ), #2971, .F. ) ;
#1720 = LINE ( 'NONE', #2873, #2480 ) ;
#1721 = EDGE_CURVE ( 'NONE', #3648, #2391, #2816, .T. ) ;
#1722 = AXIS2_PLACEMENT_3D ( 'NONE', #2341, #1371, #1188 ) ;
#1723 = DIRECTION ( 'NONE',  ( 0.000000000000000000, 0.000000000000000000, -1.000000000000000000 ) ) ;
#1724 = ADVANCED_FACE ( 'NONE', ( #2719 ), #1283, .F. ) ;
#1725 = EDGE_LOOP ( 'NONE', ( #2646, #1410, #164, #1461 ) ) ;
#1726 = DIRECTION ( 'NONE',  ( 0.000000000000000000, 0.000000000000000000, -1.000000000000000000 ) ) ;
#1727 = EDGE_CURVE ( 'NONE', #3368, #936, #1235, .T. ) ;
#1728 = ORIENTED_EDGE ( 'NONE', *, *, #380, .T. ) ;
#1729 = DIRECTION ( 'NONE',  ( -0.9836109340066773177, 0.000000000000000000, 0.1803039946937170512 ) ) ;
#1730 = ORIENTED_EDGE ( 'NONE', *, *, #883, .T. ) ;
#1731 = DIRECTION ( 'NONE',  ( 0.000000000000000000, 1.000000000000000000, -0.000000000000000000 ) ) ;
#1732 = ORIENTED_EDGE ( 'NONE', *, *, #2978, .T. ) ;
#1733 = EDGE_CURVE ( 'NONE', #464, #1113, #626, .T. ) ;
#1734 = CARTESIAN_POINT ( 'NONE',  ( -19.97438003572289134, 3.549999999999928324, -3.329660972008262387 ) ) ;
#1735 = DIRECTION ( 'NONE',  ( 0.000000000000000000, 0.000000000000000000, 1.000000000000000000 ) ) ;
#1736 = CARTESIAN_POINT ( 'NONE',  ( -12.49999999999999645, -1.474000000000069033, 26.15564437074638349 ) ) ;
#1737 = ADVANCED_FACE ( 'NONE', ( #2818 ), #503, .F. ) ;
#1738 = DIRECTION ( 'NONE',  ( 0.000000000000000000, -1.000000000000000000, 0.000000000000000000 ) ) ;
#1739 = AXIS2_PLACEMENT_3D ( 'NONE', #104, #3554, #961 ) ;
#1740 = ORIENTED_EDGE ( 'NONE', *, *, #2455, .T. ) ;
#1741 = CARTESIAN_POINT ( 'NONE',  ( 10.00000000000000355, 0.5499999999999325428, -24.35564437074638278 ) ) ;
#1742 = AXIS2_PLACEMENT_3D ( 'NONE', #152, #3326, #733 ) ;
#1743 = ORIENTED_EDGE ( 'NONE', *, *, #3074, .T. ) ;
#1744 = CIRCLE ( 'NONE', #1140, 2.999999999999999112 ) ;
#1745 = CARTESIAN_POINT ( 'NONE',  ( -8.039884573100295029, 11.25000000000000000, 19.15229260200478478 ) ) ;
#1746 = VERTEX_POINT ( 'NONE', #3667 ) ;
#1747 = EDGE_CURVE ( 'NONE', #2697, #2888, #1840, .T. ) ;
#1748 = DIRECTION ( 'NONE',  ( -1.000000000000000000, -0.000000000000000000, -2.891205793294676354E-16 ) ) ;
#1749 = DIRECTION ( 'NONE',  ( 1.000000000000000000, 0.000000000000000000, -2.891205793294676354E-16 ) ) ;
#1750 = ORIENTED_EDGE ( 'NONE', *, *, #279, .F. ) ;
#1751 =( BOUNDED_CURVE ( )  B_SPLINE_CURVE ( 3, ( #1486, #2896, #564, #298 ),
 .UNSPECIFIED., .F., .F. ) 
 B_SPLINE_CURVE_WITH_KNOTS ( ( 4, 4 ),
 ( 1.570796326794894560, 3.141592653589794892 ),
 .UNSPECIFIED. ) 
 CURVE ( )  GEOMETRIC_REPRESENTATION_ITEM ( )  RATIONAL_B_SPLINE_CURVE ( ( 1.000000000000000000, 0.8047378541243640493, 0.8047378541243640493, 1.000000000000000000 ) ) 
 REPRESENTATION_ITEM ( '' )  );
#1752 = ADVANCED_FACE ( 'NONE', ( #2465 ), #687, .F. ) ;
#1753 = CIRCLE ( 'NONE', #2243, 22.50000000000000355 ) ;
#1754 = CYLINDRICAL_SURFACE ( 'NONE', #963, 22.50000000000000355 ) ;
#1755 = DIRECTION ( 'NONE',  ( -1.000000000000000000, -0.000000000000000000, 2.891205793294676354E-16 ) ) ;
#1756 = VECTOR ( 'NONE', #1239, 1000.000000000000000 ) ;
#1757 = VECTOR ( 'NONE', #1048, 1000.000000000000000 ) ;
#1758 = PLANE ( 'NONE',  #738 ) ;
#1759 = DIRECTION ( 'NONE',  ( 0.000000000000000000, 0.000000000000000000, -1.000000000000000000 ) ) ;
#1760 = VERTEX_POINT ( 'NONE', #219 ) ;
#1761 = AXIS2_PLACEMENT_3D ( 'NONE', #3608, #1580, #2744 ) ;
#1762 = CARTESIAN_POINT ( 'NONE',  ( -6.484437924835757983, 11.25999999999997847, 16.35576158573464767 ) ) ;
#1763 = VECTOR ( 'NONE', #3139, 1000.000000000000000 ) ;
#1764 = VERTEX_POINT ( 'NONE', #3401 ) ;
#1765 = EDGE_CURVE ( 'NONE', #3368, #95, #2078, .T. ) ;
#1766 = LINE ( 'NONE', #2910, #3625 ) ;
#1767 = ORIENTED_EDGE ( 'NONE', *, *, #840, .F. ) ;
#1768 = CARTESIAN_POINT ( 'NONE',  ( -7.813924682793266463, 11.25000000000000000, 18.65887492646982082 ) ) ;
#1769 = VERTEX_POINT ( 'NONE', #1307 ) ;
#1770 = CYLINDRICAL_SURFACE ( 'NONE', #3558, 0.4749999999999997558 ) ;
#1771 = ORIENTED_EDGE ( 'NONE', *, *, #3714, .F. ) ;
#1772 = CYLINDRICAL_SURFACE ( 'NONE', #1099, 0.4749999999999997558 ) ;
#1773 = AXIS2_PLACEMENT_3D ( 'NONE', #371, #1556, #112 ) ;
#1774 = DIRECTION ( 'NONE',  ( 1.000000000000000000, -0.000000000000000000, -0.000000000000000000 ) ) ;
#1775 = DIRECTION ( 'NONE',  ( 0.9469039830793308798, 0.000000000000000000, -0.3215164798707810800 ) ) ;
#1776 = ORIENTED_EDGE ( 'NONE', *, *, #3524, .F. ) ;
#1777 = VECTOR ( 'NONE', #3588, 1000.000000000000000 ) ;
#1778 = EDGE_CURVE ( 'NONE', #1912, #2, #511, .T. ) ;
#1779 = ADVANCED_FACE ( 'NONE', ( #3624 ), #1902, .F. ) ;
#1780 = DIRECTION ( 'NONE',  ( 0.000000000000000000, -1.000000000000000000, 0.000000000000000000 ) ) ;
#1781 = CARTESIAN_POINT ( 'NONE',  ( 17.23832272926866693, 9.799999999999926104, -14.77086805989614327 ) ) ;
#1782 = EDGE_CURVE ( 'NONE', #1157, #3234, #1226, .T. ) ;
#1783 = ORIENTED_EDGE ( 'NONE', *, *, #1364, .T. ) ;
#1784 = DIRECTION ( 'NONE',  ( -0.000000000000000000, -1.000000000000000000, -0.000000000000000000 ) ) ;
#1785 = EDGE_CURVE ( 'NONE', #3692, #909, #1352, .T. ) ;
#1786 = CARTESIAN_POINT ( 'NONE',  ( 8.626808707502201301, 36.38267500856138525, 18.89423185675252981 ) ) ;
#1787 = ORIENTED_EDGE ( 'NONE', *, *, #2405, .F. ) ;
#1788 = CARTESIAN_POINT ( 'NONE',  ( -10.55932221929372083, 11.25999999999997314, 19.86833446137672610 ) ) ;
#1789 = ADVANCED_FACE ( 'NONE', ( #724 ), #3049, .T. ) ;
#1790 = ORIENTED_EDGE ( 'NONE', *, *, #3366, .F. ) ;
#1791 = CARTESIAN_POINT ( 'NONE',  ( -7.181773703878873150, -2.974000000000072141, 20.09381813053617449 ) ) ;
#1792 = DIRECTION ( 'NONE',  ( 0.000000000000000000, -1.000000000000000000, 0.000000000000000000 ) ) ;
#1793 = CARTESIAN_POINT ( 'NONE',  ( 11.31761227180271590, 8.929837151085230573, 19.50192561704824357 ) ) ;
#1794 = EDGE_LOOP ( 'NONE', ( #1858, #2032, #1608, #1469 ) ) ;
#1795 = CARTESIAN_POINT ( 'NONE',  ( -7.490427963492608754, 11.33257588819465767, 19.30197009394602148 ) ) ;
#1796 = DIRECTION ( 'NONE',  ( -0.000000000000000000, -1.000000000000000000, -0.000000000000000000 ) ) ;
#1797 = FACE_OUTER_BOUND ( 'NONE', #957, .T. ) ;
#1798 = APPLICATION_CONTEXT ( 'automotive_design' ) ;
#1799 = EDGE_LOOP ( 'NONE', ( #3610, #1641, #3727, #1830, #2463, #1713, #3526, #1057, #3141, #1162, #1848, #1085, #3190, #722, #3350, #3471, #1535, #3198, #2429, #1821 ) ) ;
#1800 = CARTESIAN_POINT ( 'NONE',  ( -12.13064373469592994, 11.25999999999997847, 15.26753033669436022 ) ) ;
#1801 = ORIENTED_EDGE ( 'NONE', *, *, #3473, .F. ) ;
#1802 = CARTESIAN_POINT ( 'NONE',  ( 13.41246787328881851, 5.992388155425061314, -23.96325621532124117 ) ) ;
#1803 = VERTEX_POINT ( 'NONE', #2507 ) ;
#1804 = ADVANCED_FACE ( 'NONE', ( #3379 ), #1940, .T. ) ;
#1805 = EDGE_LOOP ( 'NONE', ( #406, #2745, #75, #111 ) ) ;
#1806 = CARTESIAN_POINT ( 'NONE',  ( 13.41246787328881851, 5.992388155425061314, -23.96325621532124117 ) ) ;
#1807 = FACE_OUTER_BOUND ( 'NONE', #3644, .T. ) ;
#1808 = CIRCLE ( 'NONE', #2407, 19.40500000002931458 ) ;
#1809 = DIRECTION ( 'NONE',  ( 0.000000000000000000, -0.000000000000000000, -1.000000000000000000 ) ) ;
#1810 = CIRCLE ( 'NONE', #12, 19.50000000000000355 ) ;
#1811 = EDGE_LOOP ( 'NONE', ( #1717, #1614 ) ) ;
#1812 = CARTESIAN_POINT ( 'NONE',  ( -9.012038728212507621, 11.25000000000000000, 20.90012448714078275 ) ) ;
#1813 = AXIS2_PLACEMENT_3D ( 'NONE', #3235, #3492, #3441 ) ;
#1814 = CARTESIAN_POINT ( 'NONE',  ( -7.452172210557686860, 11.34999247783139964, 19.26012299843465314 ) ) ;
#1815 = AXIS2_PLACEMENT_3D ( 'NONE', #2201, #1318, #820 ) ;
#1816 = CIRCLE ( 'NONE', #312, 22.50000000000000355 ) ;
#1817 = CARTESIAN_POINT ( 'NONE',  ( -13.34552499462046704, 11.34999999999997300, 5.879247809647602629 ) ) ;
#1818 = CONICAL_SURFACE ( 'NONE', #195, 0.4749999999999997558, 0.7853981633974632670 ) ;
#1819 = FACE_OUTER_BOUND ( 'NONE', #1958, .T. ) ;
#1820 = AXIS2_PLACEMENT_3D ( 'NONE', #2784, #192, #3327 ) ;
#1821 = ORIENTED_EDGE ( 'NONE', *, *, #1015, .T. ) ;
#1822 = CIRCLE ( 'NONE', #317, 22.50000000000000355 ) ;
#1823 = CARTESIAN_POINT ( 'NONE',  ( -13.01546112591378446, 11.34999999999997833, 14.40929039250804067 ) ) ;
#1824 = ORIENTED_EDGE ( 'NONE', *, *, #2012, .T. ) ;
#1825 = PRODUCT_DEFINITION ( 'UNKNOWN', '', #2351, #2830 ) ;
#1826 = LINE ( 'NONE', #1786, #1460 ) ;
#1827 = EDGE_LOOP ( 'NONE', ( #259, #640, #115, #580 ) ) ;
#1828 = FACE_OUTER_BOUND ( 'NONE', #890, .T. ) ;
#1829 = CARTESIAN_POINT ( 'NONE',  ( 0.000000000000000000, 9.824999999999972644, -22.50000000000000355 ) ) ;
#1830 = ORIENTED_EDGE ( 'NONE', *, *, #2584, .T. ) ;
#1831 = ORIENTED_EDGE ( 'NONE', *, *, #2053, .F. ) ;
#1832 = CARTESIAN_POINT ( 'NONE',  ( 0.000000000000000000, 10.15000000000000036, 0.000000000000000000 ) ) ;
#1833 = DIRECTION ( 'NONE',  ( -1.000000000000000000, 0.000000000000000000, -2.891205793294676354E-16 ) ) ;
#1834 = DIRECTION ( 'NONE',  ( 0.8683727189658844159, 0.000000000000000000, -0.4959121101120612107 ) ) ;
#1835 = VERTEX_POINT ( 'NONE', #2617 ) ;
#1836 = DIRECTION ( 'NONE',  ( 0.000000000000000000, 0.000000000000000000, -1.000000000000000000 ) ) ;
#1837 = EDGE_CURVE ( 'NONE', #248, #3692, #2547, .T. ) ;
#1838 = EDGE_CURVE ( 'NONE', #3086, #866, #2434, .T. ) ;
#1839 = CYLINDRICAL_SURFACE ( 'NONE', #1916, 19.40500000002931458 ) ;
#1840 = CIRCLE ( 'NONE', #2753, 19.50000000000000355 ) ;
#1841 = CARTESIAN_POINT ( 'NONE',  ( -6.893445386980600276, -2.974000000000072141, 20.74830538543782055 ) ) ;
#1842 = EDGE_CURVE ( 'NONE', #2342, #3562, #2689, .T. ) ;
#1843 = VERTEX_POINT ( 'NONE', #48 ) ;
#1844 = CARTESIAN_POINT ( 'NONE',  ( 0.000000000000000000, -1.474000000000072141, 24.65564437074637993 ) ) ;
#1845 = ORIENTED_EDGE ( 'NONE', *, *, #1733, .T. ) ;
#1846 = ORIENTED_EDGE ( 'NONE', *, *, #1649, .T. ) ;
#1847 = DIRECTION ( 'NONE',  ( 0.000000000000000000, 0.000000000000000000, 1.000000000000000000 ) ) ;
#1848 = ORIENTED_EDGE ( 'NONE', *, *, #540, .T. ) ;
#1849 = ORIENTED_EDGE ( 'NONE', *, *, #237, .F. ) ;
#1850 = FACE_BOUND ( 'NONE', #3010, .T. ) ;
#1851 = CARTESIAN_POINT ( 'NONE',  ( -9.999999999999996447, 0.5499999999999264366, 23.63064437074640267 ) ) ;
#1852 = ORIENTED_EDGE ( 'NONE', *, *, #889, .F. ) ;
#1853 = CARTESIAN_POINT ( 'NONE',  ( -11.99999999999999645, 0.5499999999999264366, 24.35564437074638278 ) ) ;
#1854 = CARTESIAN_POINT ( 'NONE',  ( 0.000000000000000000, 3.549999999999928324, 0.000000000000000000 ) ) ;
#1855 = ORIENTED_EDGE ( 'NONE', *, *, #2158, .T. ) ;
#1856 = CARTESIAN_POINT ( 'NONE',  ( -12.13064373469592994, 74.98961030678925965, 15.26753033669436022 ) ) ;
#1857 = EDGE_CURVE ( 'NONE', #3348, #2464, #869, .T. ) ;
#1858 = ORIENTED_EDGE ( 'NONE', *, *, #176, .F. ) ;
#1859 = ORIENTED_EDGE ( 'NONE', *, *, #1624, .T. ) ;
#1860 = CARTESIAN_POINT ( 'NONE',  ( -20.28561557374407442, -2.974000000000072141, -9.459337892425100591 ) ) ;
#1861 = CARTESIAN_POINT ( 'NONE',  ( 13.27524062403000116, 11.35002337091834690, 14.18462945049344981 ) ) ;
#1862 = FACE_OUTER_BOUND ( 'NONE', #1415, .T. ) ;
#1863 = AXIS2_PLACEMENT_3D ( 'NONE', #1854, #2101, #2380 ) ;
#1864 = VERTEX_POINT ( 'NONE', #327 ) ;
#1865 = EDGE_CURVE ( 'NONE', #2348, #2043, #2326, .T. ) ;
#1866 = VERTEX_POINT ( 'NONE', #3484 ) ;
#1867 = DIRECTION ( 'NONE',  ( 0.000000000000000000, 0.000000000000000000, -1.000000000000000000 ) ) ;
#1868 = DIRECTION ( 'NONE',  ( -1.000000000000000000, 0.000000000000000000, 2.891205793294676847E-16 ) ) ;
#1869 = CARTESIAN_POINT ( 'NONE',  ( 9.999999999999994671, 8.632336374617832320, 20.15564437074637993 ) ) ;
#1870 = ORIENTED_EDGE ( 'NONE', *, *, #465, .T. ) ;
#1871 = AXIS2_PLACEMENT_3D ( 'NONE', #1195, #2627, #3511 ) ;
#1872 = DIRECTION ( 'NONE',  ( 2.891205793294676354E-16, 0.000000000000000000, 1.000000000000000000 ) ) ;
#1873 = CARTESIAN_POINT ( 'NONE',  ( 0.000000000000000000, 2.799999999999927880, 0.000000000000000000 ) ) ;
#1874 = LINE ( 'NONE', #2438, #274 ) ;
#1875 = ORIENTED_EDGE ( 'NONE', *, *, #402, .F. ) ;
#1876 = CIRCLE ( 'NONE', #2975, 18.18499999999999517 ) ;
#1877 = VECTOR ( 'NONE', #430, 1000.000000000000000 ) ;
#1878 = CYLINDRICAL_SURFACE ( 'NONE', #1934, 0.09000000000000070444 ) ;
#1879 = ORIENTED_EDGE ( 'NONE', *, *, #1154, .T. ) ;
#1880 = ORIENTED_EDGE ( 'NONE', *, *, #2126, .T. ) ;
#1881 =( NAMED_UNIT ( * ) PLANE_ANGLE_UNIT ( ) SI_UNIT ( $, .RADIAN. ) );
#1882 = EDGE_CURVE ( 'NONE', #202, #2284, #2017, .T. ) ;
#1883 = PLANE ( 'NONE',  #1261 ) ;
#1884 = VECTOR ( 'NONE', #2604, 1000.000000000000114 ) ;
#1885 = DIRECTION ( 'NONE',  ( -1.000000000000000000, 0.000000000000000000, 0.000000000000000000 ) ) ;
#1886 = ADVANCED_FACE ( 'NONE', ( #1457 ), #2644, .F. ) ;
#1887 = VERTEX_POINT ( 'NONE', #2607 ) ;
#1888 = VECTOR ( 'NONE', #1954, 1000.000000000000000 ) ;
#1889 = CARTESIAN_POINT ( 'NONE',  ( 11.15802247752154663, 11.34999999999997300, 19.53838617673230615 ) ) ;
#1890 = CARTESIAN_POINT ( 'NONE',  ( -19.23458818254797364, 0.04999999999992857380, -3.206340195267209925 ) ) ;
#1891 = VERTEX_POINT ( 'NONE', #2626 ) ;
#1892 = CARTESIAN_POINT ( 'NONE',  ( 12.00000000000000178, 0.5499999999999264366, 24.35564437074637567 ) ) ;
#1893 = PLANE ( 'NONE',  #14 ) ;
#1894 = EDGE_CURVE ( 'NONE', #3241, #2015, #297, .T. ) ;
#1895 = EDGE_CURVE ( 'NONE', #2741, #3227, #264, .T. ) ;
#1896 = CARTESIAN_POINT ( 'NONE',  ( -6.484437924920801066, 11.25000000000000000, 16.35576158578727402 ) ) ;
#1897 = ORIENTED_EDGE ( 'NONE', *, *, #2540, .T. ) ;
#1898 = CARTESIAN_POINT ( 'NONE',  ( 0.000000000000000000, 9.799999999999926104, 0.000000000000000000 ) ) ;
#1899 = VECTOR ( 'NONE', #66, 1000.000000000000114 ) ;
#1900 = ORIENTED_EDGE ( 'NONE', *, *, #2499, .T. ) ;
#1901 = ORIENTED_EDGE ( 'NONE', *, *, #175, .T. ) ;
#1902 = PLANE ( 'NONE',  #749 ) ;
#1903 = CARTESIAN_POINT ( 'NONE',  ( 12.60614383679720873, 11.28014548391161398, 14.87444641571266324 ) ) ;
#1904 = VERTEX_POINT ( 'NONE', #1143 ) ;
#1905 = EDGE_CURVE ( 'NONE', #1764, #2888, #3, .T. ) ;
#1906 = ADVANCED_FACE ( 'NONE', ( #846 ), #21, .F. ) ;
#1907 = CARTESIAN_POINT ( 'NONE',  ( -1.479793181982435292E-14, 3.549999999999928324, -2.945107931998002430E-14 ) ) ;
#1908 = ORIENTED_EDGE ( 'NONE', *, *, #3297, .T. ) ;
#1909 = CARTESIAN_POINT ( 'NONE',  ( 7.797594443048651236, 11.25000000000000000, 19.86998445578315042 ) ) ;
#1910 = CARTESIAN_POINT ( 'NONE',  ( 2.632990618166810024E-15, 11.82499999999997264, -20.50000000000000355 ) ) ;
#1911 = CARTESIAN_POINT ( 'NONE',  ( -13.42788692071548162, 11.25999999999997314, 5.915531595694809575 ) ) ;
#1912 = VERTEX_POINT ( 'NONE', #544 ) ;
#1913 = CARTESIAN_POINT ( 'NONE',  ( 13.12429721057666399, -2.974000000000072141, -24.65564437074637638 ) ) ;
#1914 = FACE_OUTER_BOUND ( 'NONE', #1053, .T. ) ;
#1915 = DIRECTION ( 'NONE',  ( 0.000000000000000000, -0.000000000000000000, -1.000000000000000000 ) ) ;
#1916 = AXIS2_PLACEMENT_3D ( 'NONE', #2732, #3259, #658 ) ;
#1917 = CARTESIAN_POINT ( 'NONE',  ( -11.30214091123673725, 8.928319120606595050, 19.46938992621123177 ) ) ;
#1918 = ORIENTED_EDGE ( 'NONE', *, *, #2233, .T. ) ;
#1919 = CARTESIAN_POINT ( 'NONE',  ( 0.000000000000000000, 3.799999999999900790, 26.15564437074637993 ) ) ;
#1920 = DIRECTION ( 'NONE',  ( 0.000000000000000000, -1.000000000000000000, 0.000000000000000000 ) ) ;
#1921 = VERTEX_POINT ( 'NONE', #2304 ) ;
#1922 = DIRECTION ( 'NONE',  ( 0.000000000000000000, -1.000000000000000000, 0.000000000000000000 ) ) ;
#1923 = EDGE_LOOP ( 'NONE', ( #52, #3632, #2181, #2928 ) ) ;
#1924 = EDGE_CURVE ( 'NONE', #1108, #1835, #3288, .T. ) ;
#1925 = FACE_BOUND ( 'NONE', #3323, .T. ) ;
#1926 = EDGE_LOOP ( 'NONE', ( #2573, #532, #3474, #3301 ) ) ;
#1927 = CARTESIAN_POINT ( 'NONE',  ( 6.980079899886444394, 36.38267500856138525, 16.15045995767501807 ) ) ;
#1928 = CARTESIAN_POINT ( 'NONE',  ( -0.5727718084201500748, 0.7999999999999279909, 1.138232138501142909 ) ) ;
#1929 = CARTESIAN_POINT ( 'NONE',  ( -12.59505669002710349, 36.38267500856138525, 14.88672384962533002 ) ) ;
#1930 = ORIENTED_EDGE ( 'NONE', *, *, #1895, .T. ) ;
#1931 = CARTESIAN_POINT ( 'NONE',  ( 11.30214091123673725, 8.928319120606595050, -19.46938992621123177 ) ) ;
#1932 = LINE ( 'NONE', #3616, #2051 ) ;
#1933 = AXIS2_PLACEMENT_3D ( 'NONE', #1889, #1035, #265 ) ;
#1934 = AXIS2_PLACEMENT_3D ( 'NONE', #3281, #2142, #182 ) ;
#1935 = LINE ( 'NONE', #2541, #1763 ) ;
#1936 = ORIENTED_EDGE ( 'NONE', *, *, #1668, .T. ) ;
#1937 = AXIS2_PLACEMENT_3D ( 'NONE', #353, #3215, #2320 ) ;
#1938 = VECTOR ( 'NONE', #3397, 1000.000000000000000 ) ;
#1939 = ORIENTED_EDGE ( 'NONE', *, *, #3463, .F. ) ;
#1940 = CYLINDRICAL_SURFACE ( 'NONE', #3589, 2.000000000000001776 ) ;
#1941 = FACE_OUTER_BOUND ( 'NONE', #3371, .T. ) ;
#1942 = AXIS2_PLACEMENT_3D ( 'NONE', #3676, #1363, #851 ) ;
#1943 = LINE ( 'NONE', #827, #718 ) ;
#1944 = VECTOR ( 'NONE', #1653, 1000.000000000000114 ) ;
#1945 = DIRECTION ( 'NONE',  ( 0.000000000000000000, 0.000000000000000000, -1.000000000000000000 ) ) ;
#1946 = ORIENTED_EDGE ( 'NONE', *, *, #17, .T. ) ;
#1947 = LINE ( 'NONE', #3114, #3028 ) ;
#1948 = DIRECTION ( 'NONE',  ( 0.000000000000000000, -1.000000000000000000, 0.000000000000000000 ) ) ;
#1949 = DIRECTION ( 'NONE',  ( 0.000000000000000000, -0.000000000000000000, -1.000000000000000000 ) ) ;
#1950 = ORIENTED_EDGE ( 'NONE', *, *, #1643, .F. ) ;
#1951 = DIRECTION ( 'NONE',  ( -1.000000000000000000, 0.000000000000000000, 2.891205793294676847E-16 ) ) ;
#1952 = CARTESIAN_POINT ( 'NONE',  ( -9.999999999999996447, 9.799999999999926104, -26.15564437074638349 ) ) ;
#1953 = EDGE_CURVE ( 'NONE', #2069, #2131, #1964, .T. ) ;
#1954 = DIRECTION ( 'NONE',  ( -0.000000000000000000, -1.000000000000000000, -0.000000000000000000 ) ) ;
#1955 = EDGE_CURVE ( 'NONE', #2741, #1357, #3164, .T. ) ;
#1956 = ORIENTED_EDGE ( 'NONE', *, *, #2829, .F. ) ;
#1957 = DIRECTION ( 'NONE',  ( 0.6962441674134134395, 0.000000000000000000, -0.7178050287806589935 ) ) ;
#1958 = EDGE_LOOP ( 'NONE', ( #2095, #2530, #1730, #2292 ) ) ;
#1959 = LINE ( 'NONE', #1709, #1325 ) ;
#1960 = EDGE_CURVE ( 'NONE', #1341, #277, #320, .T. ) ;
#1961 = VECTOR ( 'NONE', #3654, 1000.000000000000000 ) ;
#1962 = ORIENTED_EDGE ( 'NONE', *, *, #3136, .F. ) ;
#1963 = FACE_OUTER_BOUND ( 'NONE', #2622, .T. ) ;
#1964 = CIRCLE ( 'NONE', #2569, 0.7250000000000034195 ) ;
#1965 = DIRECTION ( 'NONE',  ( 0.000000000000000000, 1.000000000000000000, -0.000000000000000000 ) ) ;
#1966 = DIRECTION ( 'NONE',  ( -0.000000000000000000, -1.000000000000000000, -0.000000000000000000 ) ) ;
#1967 = EDGE_LOOP ( 'NONE', ( #3682, #2493, #2664, #2967 ) ) ;
#1968 = CARTESIAN_POINT ( 'NONE',  ( 0.000000000000000000, 9.824999999999972644, 0.000000000000000000 ) ) ;
#1969 = DIRECTION ( 'NONE',  ( 0.7178050287815362918, 0.000000000000000000, 0.6962441674125090518 ) ) ;
#1970 = CARTESIAN_POINT ( 'NONE',  ( -13.22752167967423453, 10.15000000000000568, 14.20359954643075184 ) ) ;
#1971 = ORIENTED_EDGE ( 'NONE', *, *, #2939, .T. ) ;
#1972 = CARTESIAN_POINT ( 'NONE',  ( -14.67436674234448191, 8.462944526683513047, 21.49269984406279121 ) ) ;
#1973 = CARTESIAN_POINT ( 'NONE',  ( 15.78417040773771518, 9.799999999999924327, 18.26476238673711450 ) ) ;
#1974 = ADVANCED_FACE ( 'NONE', ( #2589 ), #578, .F. ) ;
#1975 = DIRECTION ( 'NONE',  ( 0.000000000000000000, -0.000000000000000000, -1.000000000000000000 ) ) ;
#1976 = VERTEX_POINT ( 'NONE', #1485 ) ;
#1977 = LINE ( 'NONE', #780, #3106 ) ;
#1978 = EDGE_LOOP ( 'NONE', ( #2491, #1743, #3113, #2318 ) ) ;
#1979 = EDGE_CURVE ( 'NONE', #1495, #443, #2895, .T. ) ;
#1980 = CARTESIAN_POINT ( 'NONE',  ( 0.000000000000000000, 10.15000000000000036, 0.000000000000000000 ) ) ;
#1981 = CARTESIAN_POINT ( 'NONE',  ( -12.49999999999999645, -1.474000000000069033, 26.15564437074638349 ) ) ;
#1982 = ORIENTED_EDGE ( 'NONE', *, *, #2944, .T. ) ;
#1983 = CARTESIAN_POINT ( 'NONE',  ( -1.631763199232759927E-14, 3.549999999999928324, 3.449955661462643006E-14 ) ) ;
#1984 = DIRECTION ( 'NONE',  ( 0.000000000000000000, 0.000000000000000000, 1.000000000000000000 ) ) ;
#1985 = ORIENTED_EDGE ( 'NONE', *, *, #1955, .T. ) ;
#1986 = PLANE ( 'NONE',  #424 ) ;
#1987 = CYLINDRICAL_SURFACE ( 'NONE', #551, 18.18499999999999517 ) ;
#1988 = PLANE ( 'NONE',  #1272 ) ;
#1989 = AXIS2_PLACEMENT_3D ( 'NONE', #2011, #1109, #787 ) ;
#1990 = ORIENTED_EDGE ( 'NONE', *, *, #699, .T. ) ;
#1991 = CIRCLE ( 'NONE', #2475, 19.50000000000000355 ) ;
#1992 = AXIS2_PLACEMENT_3D ( 'NONE', #2716, #3021, #720 ) ;
#1993 = LINE ( 'NONE', #3161, #3445 ) ;
#1994 = AXIS2_PLACEMENT_3D ( 'NONE', #2000, #2882, #282 ) ;
#1995 = ADVANCED_FACE ( 'NONE', ( #1179 ), #1422, .F. ) ;
#1996 = CIRCLE ( 'NONE', #3697, 0.08999999999999977462 ) ;
#1997 = LINE ( 'NONE', #38, #1884 ) ;
#1998 = VERTEX_POINT ( 'NONE', #2285 ) ;
#1999 = DIRECTION ( 'NONE',  ( 1.000000000000000000, 0.000000000000000000, -2.891205793294676354E-16 ) ) ;
#2000 = CARTESIAN_POINT ( 'NONE',  ( 10.00000000000000355, -1.474000000000072141, 24.65564437074637993 ) ) ;
#2001 = EDGE_CURVE ( 'NONE', #1061, #2372, #2917, .T. ) ;
#2002 = CIRCLE ( 'NONE', #2055, 0.4749999999999997558 ) ;
#2003 = COLOUR_RGB ( '',0.7921568627450980005, 0.8196078431372548767, 0.9333333333333333481 ) ;
#2004 = ORIENTED_EDGE ( 'NONE', *, *, #157, .T. ) ;
#2005 = FACE_OUTER_BOUND ( 'NONE', #3476, .T. ) ;
#2006 = CARTESIAN_POINT ( 'NONE',  ( -12.59505669002710349, 11.25000000000000000, 14.88672384962532824 ) ) ;
#2007 = AXIS2_PLACEMENT_3D ( 'NONE', #2031, #3438, #2302 ) ;
#2008 = CARTESIAN_POINT ( 'NONE',  ( -12.00000000000001066, 0.5499999999999325428, -23.88064437074637780 ) ) ;
#2009 = ADVANCED_FACE ( 'NONE', ( #1819 ), #628, .F. ) ;
#2010 = ORIENTED_EDGE ( 'NONE', *, *, #3645, .T. ) ;
#2011 = CARTESIAN_POINT ( 'NONE',  ( -13.42788692071548162, 0.000000000000000000, 5.915531595694809575 ) ) ;
#2012 = EDGE_CURVE ( 'NONE', #2700, #1396, #1591, .T. ) ;
#2013 = ORIENTED_EDGE ( 'NONE', *, *, #1496, .F. ) ;
#2014 = DIRECTION ( 'NONE',  ( 0.000000000000000000, 0.000000000000000000, -1.000000000000000000 ) ) ;
#2015 = VERTEX_POINT ( 'NONE', #1841 ) ;
#2016 = DIRECTION ( 'NONE',  ( -1.734723475976807686E-15, 0.000000000000000000, 1.000000000000000000 ) ) ;
#2017 = CIRCLE ( 'NONE', #1354, 3.199999999999848743 ) ;
#2018 = ORIENTED_EDGE ( 'NONE', *, *, #840, .T. ) ;
#2019 = ADVANCED_FACE ( 'NONE', ( #1797 ), #714, .F. ) ;
#2020 = PLANE ( 'NONE',  #609 ) ;
#2021 = DIRECTION ( 'NONE',  ( 0.000000000000000000, 1.000000000000000000, -0.000000000000000000 ) ) ;
#2022 = EDGE_CURVE ( 'NONE', #2046, #2151, #2677, .T. ) ;
#2023 = AXIS2_PLACEMENT_3D ( 'NONE', #1762, #2025, #2065 ) ;
#2024 = FACE_OUTER_BOUND ( 'NONE', #3623, .T. ) ;
#2025 = DIRECTION ( 'NONE',  ( 0.000000000000000000, 1.000000000000000000, -0.000000000000000000 ) ) ;
#2026 = EDGE_CURVE ( 'NONE', #2888, #2400, #1874, .T. ) ;
#2027 = ORIENTED_EDGE ( 'NONE', *, *, #2258, .F. ) ;
#2028 = EDGE_CURVE ( 'NONE', #3104, #2972, #3125, .T. ) ;
#2029 = DIRECTION ( 'NONE',  ( 0.000000000000000000, 0.000000000000000000, 1.000000000000000000 ) ) ;
#2030 = VERTEX_POINT ( 'NONE', #401 ) ;
#2031 = CARTESIAN_POINT ( 'NONE',  ( 0.000000000000000000, 11.82499999999997264, 0.000000000000000000 ) ) ;
#2032 = ORIENTED_EDGE ( 'NONE', *, *, #671, .F. ) ;
#2033 = CARTESIAN_POINT ( 'NONE',  ( -9.999999999999996447, 0.5499999999999325428, -24.35564437074637567 ) ) ;
#2034 = DIRECTION ( 'NONE',  ( 0.9998837755602059119, 0.000000000000000000, -0.01524583128163255023 ) ) ;
#2035 = ORIENTED_EDGE ( 'NONE', *, *, #1785, .F. ) ;
#2036 = LINE ( 'NONE', #1220, #3453 ) ;
#2037 = CARTESIAN_POINT ( 'NONE',  ( 9.999999999999994671, 8.632336374617832320, 20.15564437074637993 ) ) ;
#2038 = LINE ( 'NONE', #1532, #492 ) ;
#2039 = ADVANCED_FACE ( 'NONE', ( #1549 ), #3017, .F. ) ;
#2040 = DIRECTION ( 'NONE',  ( -1.000000000000000000, 0.000000000000000000, 0.000000000000000000 ) ) ;
#2041 = CARTESIAN_POINT ( 'NONE',  ( -4.144302834400548735E-15, 0.04999999999992814359, -2.260838196444735364E-14 ) ) ;
#2042 = CIRCLE ( 'NONE', #1863, 20.25000000000000355 ) ;
#2043 = VERTEX_POINT ( 'NONE', #1257 ) ;
#2044 = CARTESIAN_POINT ( 'NONE',  ( 5.218048215738235740E-12, 11.82499999999997264, -2.220446049250313081E-12 ) ) ;
#2045 = CIRCLE ( 'NONE', #362, 13.00000000000000000 ) ;
#2046 = VERTEX_POINT ( 'NONE', #1494 ) ;
#2047 = AXIS2_PLACEMENT_3D ( 'NONE', #3709, #242, #574 ) ;
#2048 = CARTESIAN_POINT ( 'NONE',  ( 13.04306982025041428, 11.25000000000000000, 14.49580386401778398 ) ) ;
#2049 = ORIENTED_EDGE ( 'NONE', *, *, #3483, .F. ) ;
#2050 = DIRECTION ( 'NONE',  ( 0.000000000000000000, 0.000000000000000000, 1.000000000000000000 ) ) ;
#2051 = VECTOR ( 'NONE', #1405, 1000.000000000000114 ) ;
#2052 = EDGE_CURVE ( 'NONE', #3604, #1383, #2734, .T. ) ;
#2053 = EDGE_CURVE ( 'NONE', #507, #3146, #142, .T. ) ;
#2054 = ORIENTED_EDGE ( 'NONE', *, *, #1450, .F. ) ;
#2055 = AXIS2_PLACEMENT_3D ( 'NONE', #3096, #1077, #1648 ) ;
#2056 = LINE ( 'NONE', #595, #428 ) ;
#2057 = PLANE ( 'NONE',  #92 ) ;
#2058 = FACE_OUTER_BOUND ( 'NONE', #3264, .T. ) ;
#2059 = VECTOR ( 'NONE', #1529, 1000.000000000000114 ) ;
#2060 = ORIENTED_EDGE ( 'NONE', *, *, #1838, .T. ) ;
#2061 = VECTOR ( 'NONE', #582, 1000.000000000000000 ) ;
#2062 = CARTESIAN_POINT ( 'NONE',  ( -7.514312779280692745, 11.28794464922849627, 19.32794149271433071 ) ) ;
#2063 = DIRECTION ( 'NONE',  ( -0.000000000000000000, 1.000000000000000000, -0.000000000000000000 ) ) ;
#2064 = VECTOR ( 'NONE', #77, 1000.000000000000000 ) ;
#2065 = DIRECTION ( 'NONE',  ( 0.000000000000000000, 0.000000000000000000, 1.000000000000000000 ) ) ;
#2066 = EDGE_CURVE ( 'NONE', #90, #3241, #2378, .T. ) ;
#2067 = VECTOR ( 'NONE', #2833, 1000.000000000000000 ) ;
#2068 = EDGE_CURVE ( 'NONE', #3614, #946, #754, .T. ) ;
#2069 = VERTEX_POINT ( 'NONE', #2654 ) ;
#2070 = CARTESIAN_POINT ( 'NONE',  ( -12.15180242931212184, 11.28275030601137452, 15.24700719026132134 ) ) ;
#2071 = ORIENTED_EDGE ( 'NONE', *, *, #1101, .F. ) ;
#2072 = CARTESIAN_POINT ( 'NONE',  ( 12.50000000000000533, 9.799999999999926104, 26.15564437074637993 ) ) ;
#2073 = ORIENTED_EDGE ( 'NONE', *, *, #1319, .F. ) ;
#2074 = DIRECTION ( 'NONE',  ( -0.000000000000000000, -1.000000000000000000, -0.000000000000000000 ) ) ;
#2075 = LINE ( 'NONE', #41, #124 ) ;
#2076 = ORIENTED_EDGE ( 'NONE', *, *, #2710, .T. ) ;
#2077 = CARTESIAN_POINT ( 'NONE',  ( -13.52232738652304356, 5.992388155425061314, 23.96325621532124117 ) ) ;
#2078 = CIRCLE ( 'NONE', #1170, 0.4749999999999997558 ) ;
#2079 = PRESENTATION_STYLE_ASSIGNMENT (( #837 ) ) ;
#2080 = DIRECTION ( 'NONE',  ( 0.000000000000000000, 1.000000000000000000, 0.000000000000000000 ) ) ;
#2081 = ORIENTED_EDGE ( 'NONE', *, *, #43, .T. ) ;
#2082 = VECTOR ( 'NONE', #361, 1000.000000000000000 ) ;
#2083 = DIRECTION ( 'NONE',  ( -0.000000000000000000, 1.000000000000000000, -0.000000000000000000 ) ) ;
#2084 = LINE ( 'NONE', #1817, #3543 ) ;
#2085 = EDGE_CURVE ( 'NONE', #3300, #3149, #1208, .T. ) ;
#2086 = DIRECTION ( 'NONE',  ( -2.668805347656626185E-16, 2.668805347656626481E-15, 1.000000000000000000 ) ) ;
#2087 = EDGE_CURVE ( 'NONE', #1891, #3520, #1474, .T. ) ;
#2088 = ORIENTED_EDGE ( 'NONE', *, *, #2456, .T. ) ;
#2089 = FACE_OUTER_BOUND ( 'NONE', #913, .T. ) ;
#2090 = ORIENTED_EDGE ( 'NONE', *, *, #804, .T. ) ;
#2091 = CARTESIAN_POINT ( 'NONE',  ( -12.55466712795429096, 9.203307295618342820, 18.68624806060784138 ) ) ;
#2092 = EDGE_LOOP ( 'NONE', ( #2591, #3065, #2388, #948 ) ) ;
#2093 = CARTESIAN_POINT ( 'NONE',  ( 9.277055991985228900, 11.25000000000000000, 18.37844129339694987 ) ) ;
#2094 = PRODUCT_CONTEXT ( 'NONE', #1798, 'mechanical' ) ;
#2095 = ORIENTED_EDGE ( 'NONE', *, *, #546, .F. ) ;
#2096 = DIRECTION ( 'NONE',  ( -1.000000000000000000, 0.000000000000000000, 2.891205793294676847E-16 ) ) ;
#2097 = DIRECTION ( 'NONE',  ( -1.000000000000000000, 0.000000000000000000, 0.000000000000000000 ) ) ;
#2098 = LINE ( 'NONE', #101, #1756 ) ;
#2099 = VERTEX_POINT ( 'NONE', #727 ) ;
#2100 = CARTESIAN_POINT ( 'NONE',  ( -12.78972643436935286, -2.974000000000069921, 25.53432402718674155 ) ) ;
#2101 = DIRECTION ( 'NONE',  ( 0.000000000000000000, -1.000000000000000000, 0.000000000000000000 ) ) ;
#2102 = DIRECTION ( 'NONE',  ( -1.156482317317870344E-15, 0.000000000000000000, 1.000000000000000000 ) ) ;
#2103 = AXIS2_PLACEMENT_3D ( 'NONE', #2327, #888, #3522 ) ;
#2104 = VERTEX_POINT ( 'NONE', #1290 ) ;
#2105 = DIRECTION ( 'NONE',  ( 0.000000000000000000, 0.000000000000000000, -1.000000000000000000 ) ) ;
#2106 = ORIENTED_EDGE ( 'NONE', *, *, #3524, .T. ) ;
#2107 = CARTESIAN_POINT ( 'NONE',  ( 0.000000000000000000, 3.549999999999928324, 0.000000000000000000 ) ) ;
#2108 = ORIENTED_EDGE ( 'NONE', *, *, #2354, .T. ) ;
#2109 = VERTEX_POINT ( 'NONE', #442 ) ;
#2110 = ADVANCED_FACE ( 'NONE', ( #705 ), #1596, .T. ) ;
#2111 = AXIS2_PLACEMENT_3D ( 'NONE', #745, #2128, #162 ) ;
#2112 = EDGE_CURVE ( 'NONE', #622, #2602, #989, .T. ) ;
#2113 = CARTESIAN_POINT ( 'NONE',  ( 14.44070884072150562, 8.462944526683513047, -21.49269984406278411 ) ) ;
#2114 = CARTESIAN_POINT ( 'NONE',  ( -20.28561557374407442, 9.799999999999926104, 9.459337892425100591 ) ) ;
#2115 = VECTOR ( 'NONE', #2213, 1000.000000000000000 ) ;
#2116 = CARTESIAN_POINT ( 'NONE',  ( 16.97266793280126862, 9.799999999999926104, 14.77086805989612905 ) ) ;
#2117 = ORIENTED_EDGE ( 'NONE', *, *, #2978, .F. ) ;
#2118 = PLANE ( 'NONE',  #1579 ) ;
#2119 = ADVANCED_FACE ( 'NONE', ( #1309, #1862 ), #2467, .F. ) ;
#2120 = DIRECTION ( 'NONE',  ( 0.000000000000000000, 0.000000000000000000, -1.000000000000000000 ) ) ;
#2121 = AXIS2_PLACEMENT_3D ( 'NONE', #2520, #800, #1915 ) ;
#2122 = FACE_OUTER_BOUND ( 'NONE', #672, .T. ) ;
#2123 = VECTOR ( 'NONE', #1684, 1000.000000000000000 ) ;
#2124 = TOROIDAL_SURFACE ( 'NONE', #1820, 17.98499999999999588, 0.2000000000000000111 ) ;
#2125 = EDGE_LOOP ( 'NONE', ( #2704, #3449, #982, #3559 ) ) ;
#2126 = EDGE_CURVE ( 'NONE', #248, #2878, #3578, .T. ) ;
#2127 = AXIS2_PLACEMENT_3D ( 'NONE', #3475, #1128, #2880 ) ;
#2128 = DIRECTION ( 'NONE',  ( 1.000000000000000000, -0.000000000000000000, -0.000000000000000000 ) ) ;
#2129 = EDGE_LOOP ( 'NONE', ( #373, #437, #2261, #3479 ) ) ;
#2130 = ORIENTED_EDGE ( 'NONE', *, *, #1076, .F. ) ;
#2131 = VERTEX_POINT ( 'NONE', #2447 ) ;
#2132 = ORIENTED_EDGE ( 'NONE', *, *, #2584, .F. ) ;
#2133 = FACE_OUTER_BOUND ( 'NONE', #2582, .T. ) ;
#2134 = DIRECTION ( 'NONE',  ( 0.000000000000000000, 0.000000000000000000, -1.000000000000000000 ) ) ;
#2135 = EDGE_LOOP ( 'NONE', ( #2804, #1616, #1379, #2334 ) ) ;
#2136 = AXIS2_PLACEMENT_3D ( 'NONE', #45, #1868, #3032 ) ;
#2137 = LINE ( 'NONE', #3291, #2123 ) ;
#2138 = CARTESIAN_POINT ( 'NONE',  ( -11.99999999999999645, 0.5499999999999265476, 23.88064437074638491 ) ) ;
#2139 = VECTOR ( 'NONE', #3725, 1000.000000000000000 ) ;
#2140 = ORIENTED_EDGE ( 'NONE', *, *, #1321, .F. ) ;
#2141 = ADVANCED_FACE ( 'NONE', ( #2671 ), #378, .T. ) ;
#2142 = DIRECTION ( 'NONE',  ( 0.4031531783023034055, 0.000000000000000000, 0.9151325121668179019 ) ) ;
#2143 = EDGE_LOOP ( 'NONE', ( #3514, #873 ) ) ;
#2144 = EDGE_LOOP ( 'NONE', ( #1132, #2778, #42, #2814 ) ) ;
#2145 = DIRECTION ( 'NONE',  ( 0.000000000000000000, -1.000000000000000000, 0.000000000000000000 ) ) ;
#2146 = FACE_BOUND ( 'NONE', #281, .T. ) ;
#2147 = CARTESIAN_POINT ( 'NONE',  ( 0.000000000000000000, -2.974000000000072141, 0.000000000000000000 ) ) ;
#2148 = CARTESIAN_POINT ( 'NONE',  ( 17.66185827230568250, 16.20240590103955114, -13.75323846970671937 ) ) ;
#2149 = ADVANCED_FACE ( 'NONE', ( #655 ), #2118, .T. ) ;
#2150 = ORIENTED_EDGE ( 'NONE', *, *, #1278, .T. ) ;
#2151 = VERTEX_POINT ( 'NONE', #1223 ) ;
#2152 = LINE ( 'NONE', #2450, #3446 ) ;
#2153 = DIRECTION ( 'NONE',  ( -2.891205793294675861E-16, 0.000000000000000000, 1.000000000000000000 ) ) ;
#2154 = EDGE_LOOP ( 'NONE', ( #645, #1346 ) ) ;
#2155 = DIRECTION ( 'NONE',  ( 0.000000000000000000, 0.000000000000000000, -1.000000000000000000 ) ) ;
#2156 = DIRECTION ( 'NONE',  ( -0.000000000000000000, -1.000000000000000000, -0.000000000000000000 ) ) ;
#2157 = DIRECTION ( 'NONE',  ( 0.000000000000000000, 0.000000000000000000, -1.000000000000000000 ) ) ;
#2158 = EDGE_CURVE ( 'NONE', #2284, #3206, #102, .T. ) ;
#2159 = ORIENTED_EDGE ( 'NONE', *, *, #1421, .T. ) ;
#2160 = CARTESIAN_POINT ( 'NONE',  ( 0.000000000000000000, 10.15000000000000036, 0.000000000000000000 ) ) ;
#2161 = EDGE_LOOP ( 'NONE', ( #1236, #1542, #2766, #2860 ) ) ;
#2162 = ORIENTED_EDGE ( 'NONE', *, *, #32, .F. ) ;
#2163 = DIRECTION ( 'NONE',  ( 1.000000000000000000, -0.000000000000000000, -0.000000000000000000 ) ) ;
#2164 = CARTESIAN_POINT ( 'NONE',  ( 0.000000000000000000, 9.900000000000035882, 0.000000000000000000 ) ) ;
#2165 = CARTESIAN_POINT ( 'NONE',  ( 9.656014212262096663, 11.25000000000000000, 20.60908929367606035 ) ) ;
#2166 = ORIENTED_EDGE ( 'NONE', *, *, #3192, .F. ) ;
#2167 = VERTEX_POINT ( 'NONE', #2396 ) ;
#2168 = CARTESIAN_POINT ( 'NONE',  ( 12.59048283055166451, 11.25000000000000000, 14.89059240237217452 ) ) ;
#2169 = EDGE_CURVE ( 'NONE', #1265, #3348, #2362, .T. ) ;
#2170 = AXIS2_PLACEMENT_3D ( 'NONE', #3129, #1091, #3111 ) ;
#2171 = ORIENTED_EDGE ( 'NONE', *, *, #3043, .F. ) ;
#2172 = CARTESIAN_POINT ( 'NONE',  ( 17.49999999999999645, 9.799999999999926104, -14.14213562373095634 ) ) ;
#2173 = CIRCLE ( 'NONE', #2788, 20.25000000000000355 ) ;
#2174 = CARTESIAN_POINT ( 'NONE',  ( -17.42416479728412071, 0.04999999999992857380, 8.754911828058867584 ) ) ;
#2175 = CIRCLE ( 'NONE', #3560, 3.059999999999826858 ) ;
#2176 = CARTESIAN_POINT ( 'NONE',  ( 17.23832272926867404, 9.799999999999926104, 14.77086805989612905 ) ) ;
#2177 = VECTOR ( 'NONE', #198, 1000.000000000000000 ) ;
#2178 = VECTOR ( 'NONE', #2593, 1000.000000000000114 ) ;
#2179 = CIRCLE ( 'NONE', #1029, 19.41000000000000369 ) ;
#2180 = CARTESIAN_POINT ( 'NONE',  ( -13.15884088326095025, 9.329942888615812890, 18.26568254422244664 ) ) ;
#2181 = ORIENTED_EDGE ( 'NONE', *, *, #1160, .T. ) ;
#2182 = DIRECTION ( 'NONE',  ( 0.7178050287806589935, -0.000000000000000000, 0.6962441674134134395 ) ) ;
#2183 = AXIS2_PLACEMENT_3D ( 'NONE', #231, #2234, #2577 ) ;
#2184 = EDGE_CURVE ( 'NONE', #3325, #3365, #1509, .T. ) ;
#2185 = VECTOR ( 'NONE', #2260, 999.9999999999998863 ) ;
#2186 = ADVANCED_FACE ( 'NONE', ( #680 ), #3462, .F. ) ;
#2187 = CARTESIAN_POINT ( 'NONE',  ( -11.99999999999999645, 0.5499999999999264366, 24.35564437074638278 ) ) ;
#2188 = EDGE_LOOP ( 'NONE', ( #2576, #385, #2422, #2526 ) ) ;
#2189 = ORIENTED_EDGE ( 'NONE', *, *, #1228, .F. ) ;
#2190 = DIRECTION ( 'NONE',  ( -1.000000000000000000, 0.000000000000000000, 2.891205793294676847E-16 ) ) ;
#2191 = CARTESIAN_POINT ( 'NONE',  ( 12.92834950686481754, 11.33738293114813267, 14.54226287852713639 ) ) ;
#2192 = AXIS2_PLACEMENT_3D ( 'NONE', #3651, #170, #3367 ) ;
#2193 = ORIENTED_EDGE ( 'NONE', *, *, #1362, .T. ) ;
#2194 = CIRCLE ( 'NONE', #140, 3.199999999999900702 ) ;
#2195 = LINE ( 'NONE', #2842, #1211 ) ;
#2196 = VERTEX_POINT ( 'NONE', #217 ) ;
#2197 = CARTESIAN_POINT ( 'NONE',  ( 0.000000000000000000, 11.25000000000000000, 0.000000000000000000 ) ) ;
#2198 = CARTESIAN_POINT ( 'NONE',  ( 10.00000000000000355, 0.5499999999999325428, -23.63064437074638136 ) ) ;
#2199 = EDGE_LOOP ( 'NONE', ( #2140, #3410, #3338, #1093 ) ) ;
#2200 = DIRECTION ( 'NONE',  ( 1.000000000000000000, 0.000000000000000000, 0.000000000000000000 ) ) ;
#2201 = CARTESIAN_POINT ( 'NONE',  ( 10.25000000000003375, 0.5499999999999264366, 24.35564437074637567 ) ) ;
#2202 = LINE ( 'NONE', #3080, #2925 ) ;
#2203 = EDGE_LOOP ( 'NONE', ( #986, #2557, #2605, #1558 ) ) ;
#2204 = DIRECTION ( 'NONE',  ( 1.224646799147351482E-16, 0.000000000000000000, -1.000000000000000000 ) ) ;
#2205 = AXIS2_PLACEMENT_3D ( 'NONE', #29, #1172, #1759 ) ;
#2206 = EDGE_CURVE ( 'NONE', #3227, #1887, #2208, .T. ) ;
#2207 = DIRECTION ( 'NONE',  ( -6.133173666733481761E-16, 0.7071067811865489050, -0.7071067811865461294 ) ) ;
#2208 = LINE ( 'NONE', #1369, #1269 ) ;
#2209 = EDGE_LOOP ( 'NONE', ( #974, #1005, #3006, #2552 ) ) ;
#2210 = CARTESIAN_POINT ( 'NONE',  ( 12.59649775869600852, 11.27288767458297158, 14.88439120763066903 ) ) ;
#2211 = ORIENTED_EDGE ( 'NONE', *, *, #929, .T. ) ;
#2212 = CARTESIAN_POINT ( 'NONE',  ( 8.046074937566986662, 11.34978929803812697, 19.02991909402351922 ) ) ;
#2213 = DIRECTION ( 'NONE',  ( -0.4226182617406970543, 0.000000000000000000, 0.9063077870366511579 ) ) ;
#2214 = DIRECTION ( 'NONE',  ( 0.4031531783023034055, 0.000000000000000000, 0.9151325121668179019 ) ) ;
#2215 = VERTEX_POINT ( 'NONE', #2242 ) ;
#2216 = CARTESIAN_POINT ( 'NONE',  ( -17.80880838013104039, 9.799999999999926104, 14.77086805989614327 ) ) ;
#2217 = DIRECTION ( 'NONE',  ( 0.000000000000000000, 1.000000000000000000, -0.000000000000000000 ) ) ;
#2218 = CARTESIAN_POINT ( 'NONE',  ( 0.000000000000000000, 9.799999999999926104, 0.000000000000000000 ) ) ;
#2219 = ORIENTED_EDGE ( 'NONE', *, *, #1924, .F. ) ;
#2220 = DIRECTION ( 'NONE',  ( 0.000000000000000000, 0.000000000000000000, 1.000000000000000000 ) ) ;
#2221 = DIRECTION ( 'NONE',  ( 0.000000000000000000, 0.000000000000000000, -1.000000000000000000 ) ) ;
#2222 = LINE ( 'NONE', #2172, #2984 ) ;
#2223 = EDGE_LOOP ( 'NONE', ( #1376, #1801, #169, #1646 ) ) ;
#2224 = CARTESIAN_POINT ( 'NONE',  ( -6.436413556298620442, 11.25000000000000000, 19.50539547874912216 ) ) ;
#2225 = FACE_OUTER_BOUND ( 'NONE', #1004, .T. ) ;
#2226 = CARTESIAN_POINT ( 'NONE',  ( -12.78972643436935286, -2.974000000000069477, -25.53432402718674155 ) ) ;
#2227 = VERTEX_POINT ( 'NONE', #763 ) ;
#2228 = CARTESIAN_POINT ( 'NONE',  ( -9.999999999999994671, 5.992388155425029339, -23.96325621532126249 ) ) ;
#2229 = PLANE ( 'NONE',  #3528 ) ;
#2230 = FACE_OUTER_BOUND ( 'NONE', #2135, .T. ) ;
#2231 = EDGE_CURVE ( 'NONE', #558, #1904, #476, .T. ) ;
#2232 = VERTEX_POINT ( 'NONE', #1350 ) ;
#2233 = EDGE_CURVE ( 'NONE', #1465, #5, #2505, .T. ) ;
#2234 = DIRECTION ( 'NONE',  ( -1.000000000000000000, 0.000000000000000000, 0.000000000000000000 ) ) ;
#2235 = DIRECTION ( 'NONE',  ( 0.000000000000000000, 0.000000000000000000, -1.000000000000000000 ) ) ;
#2236 = EDGE_CURVE ( 'NONE', #1215, #1157, #2222, .T. ) ;
#2237 = AXIS2_PLACEMENT_3D ( 'NONE', #1927, #2553, #3712 ) ;
#2238 = AXIS2_PLACEMENT_3D ( 'NONE', #3582, #3621, #1045 ) ;
#2239 = CARTESIAN_POINT ( 'NONE',  ( 8.107012747381945772, 74.98961030678925965, 19.09197697396391646 ) ) ;
#2240 = VERTEX_POINT ( 'NONE', #1913 ) ;
#2241 = LINE ( 'NONE', #2543, #1944 ) ;
#2242 = CARTESIAN_POINT ( 'NONE',  ( -17.62768122836097362, 0.04999999999992814359, -8.337556867049867648 ) ) ;
#2243 = AXIS2_PLACEMENT_3D ( 'NONE', #3036, #2754, #174 ) ;
#2244 = ORIENTED_EDGE ( 'NONE', *, *, #2052, .T. ) ;
#2245 = CYLINDRICAL_SURFACE ( 'NONE', #2731, 17.98499999999503274 ) ;
#2246 = AXIS2_PLACEMENT_3D ( 'NONE', #2929, #3108, #3485 ) ;
#2247 = AXIS2_PLACEMENT_3D ( 'NONE', #2335, #898, #2941 ) ;
#2248 = CARTESIAN_POINT ( 'NONE',  ( 7.028104268508625019, 74.98961030678925965, 19.30009385063694438 ) ) ;
#2249 = FACE_OUTER_BOUND ( 'NONE', #2144, .T. ) ;
#2250 = ORIENTED_EDGE ( 'NONE', *, *, #1400, .T. ) ;
#2251 = CYLINDRICAL_SURFACE ( 'NONE', #1020, 0.4749999999999997558 ) ;
#2252 = VECTOR ( 'NONE', #2889, 1000.000000000000000 ) ;
#2253 = ORIENTED_EDGE ( 'NONE', *, *, #1530, .F. ) ;
#2254 = EDGE_CURVE ( 'NONE', #2426, #3104, #3331, .T. ) ;
#2255 = AXIS2_PLACEMENT_3D ( 'NONE', #3249, #2403, #1607 ) ;
#2256 = CARTESIAN_POINT ( 'NONE',  ( -9.151412590054562202, 10.15000000000000036, 17.21922319985983307 ) ) ;
#2257 = CARTESIAN_POINT ( 'NONE',  ( -8.712419260641606655, -2.974000000000072141, 18.65273767788729842 ) ) ;
#2258 = EDGE_CURVE ( 'NONE', #1501, #3534, #2554, .T. ) ;
#2259 = ORIENTED_EDGE ( 'NONE', *, *, #3192, .T. ) ;
#2260 = DIRECTION ( 'NONE',  ( 0.9064578082128001979, 0.000000000000000000, -0.4222963910928513309 ) ) ;
#2261 = ORIENTED_EDGE ( 'NONE', *, *, #2561, .F. ) ;
#2262 = CARTESIAN_POINT ( 'NONE',  ( -13.52232738652303645, 5.992388155425029339, -23.96325621532126249 ) ) ;
#2263 = VECTOR ( 'NONE', #1267, 1000.000000000000000 ) ;
#2264 = ORIENTED_EDGE ( 'NONE', *, *, #2829, .T. ) ;
#2265 = EDGE_CURVE ( 'NONE', #161, #822, #1368, .T. ) ;
#2266 = AXIS2_PLACEMENT_3D ( 'NONE', #3600, #3313, #2986 ) ;
#2267 = CARTESIAN_POINT ( 'NONE',  ( -4.144302834400548735E-15, 3.549999999999928324, -2.260838196444735364E-14 ) ) ;
#2268 =( BOUNDED_CURVE ( )  B_SPLINE_CURVE ( 3, ( #2536, #1972, #251, #2216 ),
 .UNSPECIFIED., .F., .F. ) 
 B_SPLINE_CURVE_WITH_KNOTS ( ( 4, 4 ),
 ( 3.926990816987243171, 4.712388980384689674 ),
 .UNSPECIFIED. ) 
 CURVE ( )  GEOMETRIC_REPRESENTATION_ITEM ( )  RATIONAL_B_SPLINE_CURVE ( ( 1.000000000000000000, 0.9492530216741912330, 0.9492530216741912330, 1.000000000000000000 ) ) 
 REPRESENTATION_ITEM ( '' )  );
#2269 = CARTESIAN_POINT ( 'NONE',  ( 0.000000000000000000, 3.549999999999928324, 0.000000000000000000 ) ) ;
#2270 = ORIENTED_EDGE ( 'NONE', *, *, #1960, .T. ) ;
#2271 = LINE ( 'NONE', #3672, #1145 ) ;
#2272 = ORIENTED_EDGE ( 'NONE', *, *, #2112, .T. ) ;
#2273 = DIRECTION ( 'NONE',  ( 0.000000000000000000, 1.000000000000000000, 0.000000000000000000 ) ) ;
#2274 = DIRECTION ( 'NONE',  ( -0.000000000000000000, -1.000000000000000000, -0.000000000000000000 ) ) ;
#2275 = DIRECTION ( 'NONE',  ( 8.673617379884033500E-16, 0.000000000000000000, -1.000000000000000000 ) ) ;
#2276 = ORIENTED_EDGE ( 'NONE', *, *, #3488, .T. ) ;
#2277 = DIRECTION ( 'NONE',  ( -1.000000000000000000, 0.000000000000000000, 0.000000000000000000 ) ) ;
#2278 = ADVANCED_FACE ( 'NONE', ( #2249 ), #188, .T. ) ;
#2279 = CARTESIAN_POINT ( 'NONE',  ( 0.000000000000000000, 0.7999999999999279909, 0.000000000000000000 ) ) ;
#2280 = ADVANCED_FACE ( 'NONE', ( #1925, #1311 ), #1677, .F. ) ;
#2281 = ORIENTED_EDGE ( 'NONE', *, *, #565, .T. ) ;
#2282 = CARTESIAN_POINT ( 'NONE',  ( -0.2016580806570709150, 2.799999999999927880, -0.4328584038517560573 ) ) ;
#2283 = CARTESIAN_POINT ( 'NONE',  ( 10.25000000000003375, 0.5499999999999264366, 24.83064437074637709 ) ) ;
#2284 = VERTEX_POINT ( 'NONE', #527 ) ;
#2285 = CARTESIAN_POINT ( 'NONE',  ( 12.50000000000000533, -1.474000000000069033, -26.15564437074637993 ) ) ;
#2286 = DIRECTION ( 'NONE',  ( -0.000000000000000000, -1.000000000000000000, 0.000000000000000000 ) ) ;
#2287 = VERTEX_POINT ( 'NONE', #3382 ) ;
#2288 = EDGE_CURVE ( 'NONE', #3365, #477, #70, .T. ) ;
#2289 = CARTESIAN_POINT ( 'NONE',  ( 12.55466712795429096, 9.203307295618342820, -18.68624806060784138 ) ) ;
#2290 = DIRECTION ( 'NONE',  ( -1.000000000000000000, 0.000000000000000000, -0.000000000000000000 ) ) ;
#2291 = LINE ( 'NONE', #214, #2067 ) ;
#2292 = ORIENTED_EDGE ( 'NONE', *, *, #1694, .F. ) ;
#2293 = AXIS2_PLACEMENT_3D ( 'NONE', #318, #2657, #332 ) ;
#2294 = CARTESIAN_POINT ( 'NONE',  ( -19.91812141363523025, 0.04999999999992814359, 3.651155892547749637 ) ) ;
#2295 = ORIENTED_EDGE ( 'NONE', *, *, #228, .T. ) ;
#2296 = VECTOR ( 'NONE', #1295, 1000.000000000000000 ) ;
#2297 = AXIS2_PLACEMENT_3D ( 'NONE', #1898, #3064, #1610 ) ;
#2298 = ADVANCED_FACE ( 'NONE', ( #3112 ), #1598, .T. ) ;
#2299 = DIRECTION ( 'NONE',  ( -1.000000000000000000, -0.000000000000000000, 2.891205793294676354E-16 ) ) ;
#2300 = VECTOR ( 'NONE', #3564, 1000.000000000000000 ) ;
#2301 = VECTOR ( 'NONE', #516, 1000.000000000000000 ) ;
#2302 = DIRECTION ( 'NONE',  ( 0.000000000000000000, 0.000000000000000000, 1.000000000000000000 ) ) ;
#2303 = ORIENTED_EDGE ( 'NONE', *, *, #908, .F. ) ;
#2304 = CARTESIAN_POINT ( 'NONE',  ( 10.00000000000000533, -1.474000000000069033, 26.15564437074637993 ) ) ;
#2305 = CARTESIAN_POINT ( 'NONE',  ( 0.000000000000000000, 11.34999999999997300, 0.000000000000000000 ) ) ;
#2306 = EDGE_CURVE ( 'NONE', #3005, #189, #1112, .T. ) ;
#2307 = AXIS2_PLACEMENT_3D ( 'NONE', #3187, #3521, #2672 ) ;
#2308 = STYLED_ITEM ( 'NONE', ( #2079 ), #1504 ) ;
#2309 = ORIENTED_EDGE ( 'NONE', *, *, #3390, .T. ) ;
#2310 = DIRECTION ( 'NONE',  ( -0.4031531783023032944, 0.000000000000000000, -0.9151325121668179019 ) ) ;
#2311 = CARTESIAN_POINT ( 'NONE',  ( -0.6436645579237758596, 0.7999999999999279909, -1.895668097355308834 ) ) ;
#2312 = DIRECTION ( 'NONE',  ( 0.000000000000000000, 0.000000000000000000, -1.000000000000000000 ) ) ;
#2313 = DIRECTION ( 'NONE',  ( 2.664535259100375697E-15, 0.000000000000000000, 1.000000000000000000 ) ) ;
#2314 = EDGE_LOOP ( 'NONE', ( #3027, #2054, #238, #1597 ) ) ;
#2315 = EDGE_CURVE ( 'NONE', #1764, #512, #2195, .T. ) ;
#2316 = CARTESIAN_POINT ( 'NONE',  ( 8.626808707502201301, -2.974000000000072141, 18.89423185675252981 ) ) ;
#2317 = DIRECTION ( 'NONE',  ( -0.4031531783023034055, 0.000000000000000000, -0.9151325121668179019 ) ) ;
#2318 = ORIENTED_EDGE ( 'NONE', *, *, #908, .T. ) ;
#2319 = DIRECTION ( 'NONE',  ( -0.9863891375665609917, 0.000000000000000000, -0.1644277023214038014 ) ) ;
#2320 = DIRECTION ( 'NONE',  ( 0.000000000000000000, 0.000000000000000000, 1.000000000000000000 ) ) ;
#2321 = AXIS2_PLACEMENT_3D ( 'NONE', #2389, #3563, #3284 ) ;
#2322 = VERTEX_POINT ( 'NONE', #1092 ) ;
#2323 = CARTESIAN_POINT ( 'NONE',  ( -10.24999999999999645, 0.5499999999999325428, -24.35564437074637567 ) ) ;
#2324 = DIRECTION ( 'NONE',  ( 1.000000000000000000, 0.000000000000000000, 0.000000000000000000 ) ) ;
#2325 = LINE ( 'NONE', #3539, #3392 ) ;
#2326 = LINE ( 'NONE', #3202, #3657 ) ;
#2327 = CARTESIAN_POINT ( 'NONE',  ( 0.000000000000000000, -1.474000000000072141, 24.65564437074638349 ) ) ;
#2328 = ORIENTED_EDGE ( 'NONE', *, *, #3268, .T. ) ;
#2329 = DIRECTION ( 'NONE',  ( -0.000000000000000000, -1.000000000000000000, -0.000000000000000000 ) ) ;
#2330 = ORIENTED_EDGE ( 'NONE', *, *, #2980, .T. ) ;
#2331 = CYLINDRICAL_SURFACE ( 'NONE', #857, 22.50000000000000355 ) ;
#2332 = ORIENTED_EDGE ( 'NONE', *, *, #2594, .F. ) ;
#2333 = CYLINDRICAL_SURFACE ( 'NONE', #1813, 0.4749999999999997558 ) ;
#2334 = ORIENTED_EDGE ( 'NONE', *, *, #123, .T. ) ;
#2335 = CARTESIAN_POINT ( 'NONE',  ( -6.484437924920801066, -2.974000000000072141, 16.35576158578727402 ) ) ;
#2336 = FACE_BOUND ( 'NONE', #1691, .T. ) ;
#2337 = ADVANCED_FACE ( 'NONE', ( #811 ), #3349, .F. ) ;
#2338 = LINE ( 'NONE', #1120, #1027 ) ;
#2339 = EDGE_CURVE ( 'NONE', #477, #2030, #3424, .T. ) ;
#2340 = CARTESIAN_POINT ( 'NONE',  ( 0.000000000000000000, 0.04999999999992814359, 0.000000000000000000 ) ) ;
#2341 = CARTESIAN_POINT ( 'NONE',  ( -10.55932221929372083, 11.25999999999997314, 19.86833446137672610 ) ) ;
#2342 = VERTEX_POINT ( 'NONE', #3631 ) ;
#2343 = CARTESIAN_POINT ( 'NONE',  ( -12.83651893607444272, 11.35002369576548631, 14.58285765796255973 ) ) ;
#2344 = CIRCLE ( 'NONE', #2850, 2.999999999999999112 ) ;
#2345 = ORIENTED_EDGE ( 'NONE', *, *, #3525, .F. ) ;
#2346 = VECTOR ( 'NONE', #261, 1000.000000000000000 ) ;
#2347 = DIRECTION ( 'NONE',  ( 0.000000000000000000, 0.000000000000000000, -1.000000000000000000 ) ) ;
#2348 = VERTEX_POINT ( 'NONE', #243 ) ;
#2349 = DIRECTION ( 'NONE',  ( -0.9039836527364590868, 0.000000000000000000, -0.4275670188230717428 ) ) ;
#2350 = FACE_OUTER_BOUND ( 'NONE', #711, .T. ) ;
#2351 = PRODUCT_DEFINITION_FORMATION_WITH_SPECIFIED_SOURCE ( 'ANY', '', #935, .NOT_KNOWN. ) ;
#2352 = ORIENTED_EDGE ( 'NONE', *, *, #2112, .F. ) ;
#2353 = CIRCLE ( 'NONE', #968, 3.089999999999998970 ) ;
#2354 = EDGE_CURVE ( 'NONE', #1588, #2759, #3278, .T. ) ;
#2355 = FACE_OUTER_BOUND ( 'NONE', #3425, .T. ) ;
#2356 = LINE ( 'NONE', #3517, #3640 ) ;
#2357 = PLANE ( 'NONE',  #3637 ) ;
#2358 = AXIS2_PLACEMENT_3D ( 'NONE', #26, #1755, #884 ) ;
#2359 = ADVANCED_FACE ( 'NONE', ( #446 ), #1661, .F. ) ;
#2360 = EDGE_LOOP ( 'NONE', ( #1581, #934, #113, #2272, #1908, #470, #3570 ) ) ;
#2361 = CARTESIAN_POINT ( 'NONE',  ( -7.517602003331536054, 11.25999999999997847, 19.33150888463367778 ) ) ;
#2362 = CIRCLE ( 'NONE', #611, 19.50000000000000355 ) ;
#2363 = CARTESIAN_POINT ( 'NONE',  ( 0.000000000000000000, -2.974000000000072141, -22.50000000000000355 ) ) ;
#2364 = CIRCLE ( 'NONE', #3708, 2.999999999999999112 ) ;
#2365 = ORIENTED_EDGE ( 'NONE', *, *, #3218, .T. ) ;
#2366 = B_SPLINE_CURVE_WITH_KNOTS ( 'NONE', 3,
 ( #905, #2379, #1814, #623, #1510, #3467, #2983, #2926, #1475, #1795, #2616, #2901, #2634, #3242, #47, #2062, #886, #656, #2361 ),
 .UNSPECIFIED., .F., .F.,
 ( 4, 3, 3, 3, 3, 3, 4 ),
 ( -2.204428597463215525E-06, 0.000000000000000000, 2.757941218287852827E-05, 5.930895885210299775E-05, 8.868894791335248193E-05, 0.0001171094177910574259, 0.0001455936606797417503 ),
 .UNSPECIFIED. ) ;
#2367 = FACE_BOUND ( 'NONE', #127, .T. ) ;
#2368 = ORIENTED_EDGE ( 'NONE', *, *, #2052, .F. ) ;
#2369 = CARTESIAN_POINT ( 'NONE',  ( -16.97266793280126862, 9.799999999999926104, -14.77086805989612905 ) ) ;
#2370 = EDGE_LOOP ( 'NONE', ( #3003, #3442, #2117, #2276 ) ) ;
#2371 = APPLICATION_PROTOCOL_DEFINITION ( 'draft international standard', 'automotive_design', 1998, #1798 ) ;
#2372 = VERTEX_POINT ( 'NONE', #1981 ) ;
#2373 = DIRECTION ( 'NONE',  ( 0.000000000000000000, 1.000000000000000000, 0.000000000000000000 ) ) ;
#2374 = AXIS2_PLACEMENT_3D ( 'NONE', #2488, #2190, #784 ) ;
#2375 = CARTESIAN_POINT ( 'NONE',  ( -13.19439664247190969, 11.34999999999997122, 14.23572959988795539 ) ) ;
#2376 = LINE ( 'NONE', #638, #1570 ) ;
#2377 = ORIENTED_EDGE ( 'NONE', *, *, #2390, .T. ) ;
#2378 = CIRCLE ( 'NONE', #1285, 1.999999999999998224 ) ;
#2379 = CARTESIAN_POINT ( 'NONE',  ( -7.451677451804133767, 11.34999999999997655, 19.25957966112260777 ) ) ;
#2380 = DIRECTION ( 'NONE',  ( 0.000000000000000000, 0.000000000000000000, -1.000000000000000000 ) ) ;
#2381 = DIRECTION ( 'NONE',  ( 0.000000000000000000, -1.000000000000000000, 0.000000000000000000 ) ) ;
#2382 = ORIENTED_EDGE ( 'NONE', *, *, #2643, .F. ) ;
#2383 = EDGE_CURVE ( 'NONE', #549, #3506, #526, .T. ) ;
#2384 = EDGE_CURVE ( 'NONE', #1603, #3562, #673, .T. ) ;
#2385 = CARTESIAN_POINT ( 'NONE',  ( 7.028104268508625019, 11.25000000000000000, 19.30009385063694438 ) ) ;
#2386 = ORIENTED_EDGE ( 'NONE', *, *, #1478, .T. ) ;
#2387 = CARTESIAN_POINT ( 'NONE',  ( -11.31761227180271590, 8.929837151085230573, -19.50192561704824357 ) ) ;
#2388 = ORIENTED_EDGE ( 'NONE', *, *, #2415, .F. ) ;
#2389 = CARTESIAN_POINT ( 'NONE',  ( -9.999999999999996447, 0.5499999999999264366, 24.35564437074638278 ) ) ;
#2390 = EDGE_CURVE ( 'NONE', #2232, #461, #1697, .T. ) ;
#2391 = VERTEX_POINT ( 'NONE', #1745 ) ;
#2392 = DIRECTION ( 'NONE',  ( 0.6962441674134027814, 0.000000000000000000, -0.7178050287806693186 ) ) ;
#2393 = CYLINDRICAL_SURFACE ( 'NONE', #2136, 0.4749999999999997558 ) ;
#2394 = FACE_OUTER_BOUND ( 'NONE', #1725, .T. ) ;
#2395 = VERTEX_POINT ( 'NONE', #3145 ) ;
#2396 = CARTESIAN_POINT ( 'NONE',  ( -7.813924682793268239, 11.25999999999997314, 18.65887492646981727 ) ) ;
#2397 = EDGE_CURVE ( 'NONE', #2970, #2697, #19, .T. ) ;
#2398 = DIRECTION ( 'NONE',  ( -0.000000000000000000, -1.000000000000000000, -0.000000000000000000 ) ) ;
#2399 = CARTESIAN_POINT ( 'NONE',  ( -19.72453493802065339, 0.7999999999999279909, 4.583145369590927665 ) ) ;
#2400 = VERTEX_POINT ( 'NONE', #2572 ) ;
#2401 = CARTESIAN_POINT ( 'NONE',  ( 8.107012747381949325, 11.25000000000000000, 19.09197697396391646 ) ) ;
#2402 = ORIENTED_EDGE ( 'NONE', *, *, #2231, .T. ) ;
#2403 = DIRECTION ( 'NONE',  ( 0.000000000000000000, 0.000000000000000000, -1.000000000000000000 ) ) ;
#2404 = ORIENTED_EDGE ( 'NONE', *, *, #1508, .F. ) ;
#2405 = EDGE_CURVE ( 'NONE', #2287, #806, #1038, .T. ) ;
#2406 = ORIENTED_EDGE ( 'NONE', *, *, #3309, .F. ) ;
#2407 = AXIS2_PLACEMENT_3D ( 'NONE', #652, #1010, #675 ) ;
#2408 = EDGE_CURVE ( 'NONE', #648, #1002, #1997, .T. ) ;
#2409 = ORIENTED_EDGE ( 'NONE', *, *, #1362, .F. ) ;
#2410 = DIRECTION ( 'NONE',  ( 0.000000000000000000, 0.000000000000000000, -1.000000000000000000 ) ) ;
#2411 = AXIS2_PLACEMENT_3D ( 'NONE', #690, #1847, #1524 ) ;
#2412 = CARTESIAN_POINT ( 'NONE',  ( 14.86833698829939365, 9.634223665031608874, 16.90394284962680160 ) ) ;
#2413 = CIRCLE ( 'NONE', #2909, 0.4749999999999997558 ) ;
#2414 = CARTESIAN_POINT ( 'NONE',  ( -19.18041321313021541, 3.549999999999928324, 3.515927896527460739 ) ) ;
#2415 = EDGE_CURVE ( 'NONE', #2970, #3084, #1141, .T. ) ;
#2416 = AXIS2_PLACEMENT_3D ( 'NONE', #2819, #2637, #3189 ) ;
#2417 = DIRECTION ( 'NONE',  ( -0.4031531783023034055, -0.000000000000000000, -0.9151325121668179019 ) ) ;
#2418 = AXIS2_PLACEMENT_3D ( 'NONE', #267, #3728, #1133 ) ;
#2419 = VECTOR ( 'NONE', #2097, 1000.000000000000000 ) ;
#2420 = VECTOR ( 'NONE', #280, 1000.000000000000000 ) ;
#2421 = ADVANCED_FACE ( 'NONE', ( #1177, #53, #862 ), #2331, .T. ) ;
#2422 = ORIENTED_EDGE ( 'NONE', *, *, #897, .F. ) ;
#2423 = AXIS2_PLACEMENT_3D ( 'NONE', #326, #1780, #3498 ) ;
#2424 = DIRECTION ( 'NONE',  ( -0.000000000000000000, -1.000000000000000000, -0.000000000000000000 ) ) ;
#2425 = VERTEX_POINT ( 'NONE', #3178 ) ;
#2426 = VERTEX_POINT ( 'NONE', #2863 ) ;
#2427 = CARTESIAN_POINT ( 'NONE',  ( 12.50000000000000888, -2.352679656440429756, 26.15564437074637993 ) ) ;
#2428 = ORIENTED_EDGE ( 'NONE', *, *, #384, .T. ) ;
#2429 = ORIENTED_EDGE ( 'NONE', *, *, #2087, .T. ) ;
#2430 = CARTESIAN_POINT ( 'NONE',  ( -21.86450192966153949, 2.799999999999927880, 5.309760387044498486 ) ) ;
#2431 = CARTESIAN_POINT ( 'NONE',  ( -12.00000000000001066, 0.5499999999999325428, -24.35564437074637567 ) ) ;
#2432 = EDGE_CURVE ( 'NONE', #1113, #3692, #1822, .T. ) ;
#2433 = ORIENTED_EDGE ( 'NONE', *, *, #3042, .T. ) ;
#2434 = CIRCLE ( 'NONE', #2205, 22.50000000000000355 ) ;
#2435 = DIRECTION ( 'NONE',  ( 0.000000000000000000, 0.000000000000000000, -1.000000000000000000 ) ) ;
#2436 = CARTESIAN_POINT ( 'NONE',  ( -1.631763199232759927E-14, 3.549999999999928324, 3.449955661462643006E-14 ) ) ;
#2437 = AXIS2_PLACEMENT_3D ( 'NONE', #1163, #1999, #337 ) ;
#2438 = CARTESIAN_POINT ( 'NONE',  ( -1.479793181982435292E-14, 0.04999999999992814359, -2.945107931998002430E-14 ) ) ;
#2439 = VERTEX_POINT ( 'NONE', #3508 ) ;
#2440 = CARTESIAN_POINT ( 'NONE',  ( -21.89901060341049543, 2.799999999999927880, -5.165591407739766439 ) ) ;
#2441 = ADVANCED_FACE ( 'NONE', ( #262 ), #3490, .T. ) ;
#2442 = ORIENTED_EDGE ( 'NONE', *, *, #1675, .F. ) ;
#2443 = ADVANCED_FACE ( 'NONE', ( #914 ), #3723, .F. ) ;
#2444 = ORIENTED_EDGE ( 'NONE', *, *, #1842, .F. ) ;
#2445 = CARTESIAN_POINT ( 'NONE',  ( 10.00000000000000355, 0.5499999999999325428, -23.63064437074638136 ) ) ;
#2446 = DIRECTION ( 'NONE',  ( -1.000000000000000000, -0.000000000000000000, 2.891205793294676354E-16 ) ) ;
#2447 = CARTESIAN_POINT ( 'NONE',  ( -9.999999999999996447, 0.5499999999999325428, -25.08064437074638064 ) ) ;
#2448 = ORIENTED_EDGE ( 'NONE', *, *, #1228, .T. ) ;
#2449 = ORIENTED_EDGE ( 'NONE', *, *, #2944, .F. ) ;
#2450 = CARTESIAN_POINT ( 'NONE',  ( -7.813924682793268239, 11.25000000000000000, 18.65887492646982082 ) ) ;
#2451 = DIRECTION ( 'NONE',  ( -0.000000000000000000, -1.000000000000000000, -0.000000000000000000 ) ) ;
#2452 = DIRECTION ( 'NONE',  ( 0.000000000000000000, -0.000000000000000000, -1.000000000000000000 ) ) ;
#2453 = ORIENTED_EDGE ( 'NONE', *, *, #3635, .F. ) ;
#2454 = CARTESIAN_POINT ( 'NONE',  ( -10.24999999999999645, 0.5499999999999325428, -24.35564437074637567 ) ) ;
#2455 = EDGE_CURVE ( 'NONE', #2809, #207, #590, .T. ) ;
#2456 = EDGE_CURVE ( 'NONE', #1835, #1652, #561, .T. ) ;
#2457 = FACE_OUTER_BOUND ( 'NONE', #3705, .T. ) ;
#2458 = B_SPLINE_CURVE_WITH_KNOTS ( 'NONE', 3,
 ( #1615, #3321, #1331, #2509 ),
 .UNSPECIFIED., .F., .F.,
 ( 4, 4 ),
 ( 0.000000000000000000, 0.001548415303619076746 ),
 .UNSPECIFIED. ) ;
#2459 = EDGE_CURVE ( 'NONE', #2972, #2834, #1430, .T. ) ;
#2460 = ORIENTED_EDGE ( 'NONE', *, *, #65, .T. ) ;
#2461 = DIRECTION ( 'NONE',  ( -0.000000000000000000, -1.000000000000000000, -0.000000000000000000 ) ) ;
#2462 = CARTESIAN_POINT ( 'NONE',  ( 0.000000000000000000, 11.25999999999997314, 0.000000000000000000 ) ) ;
#2463 = ORIENTED_EDGE ( 'NONE', *, *, #2408, .T. ) ;
#2464 = VERTEX_POINT ( 'NONE', #2048 ) ;
#2465 = FACE_OUTER_BOUND ( 'NONE', #2506, .T. ) ;
#2466 = CARTESIAN_POINT ( 'NONE',  ( 12.79856270660934392, 11.32488351772294699, 14.67606883662777584 ) ) ;
#2467 = PLANE ( 'NONE',  #557 ) ;
#2468 = ORIENTED_EDGE ( 'NONE', *, *, #518, .F. ) ;
#2469 = CARTESIAN_POINT ( 'NONE',  ( -0.2016580806570709150, 2.799999999999927880, -0.4328584038517560573 ) ) ;
#2470 = ORIENTED_EDGE ( 'NONE', *, *, #3248, .F. ) ;
#2471 = DIRECTION ( 'NONE',  ( 1.000000000000000000, 0.000000000000000000, -8.673617379884034486E-16 ) ) ;
#2472 = LINE ( 'NONE', #1911, #3275 ) ;
#2473 = CIRCLE ( 'NONE', #541, 17.98499999999503274 ) ;
#2474 = ORIENTED_EDGE ( 'NONE', *, *, #249, .F. ) ;
#2475 = AXIS2_PLACEMENT_3D ( 'NONE', #2844, #2783, #1663 ) ;
#2476 = DIRECTION ( 'NONE',  ( -0.000000000000000000, -1.000000000000000000, -0.000000000000000000 ) ) ;
#2477 = AXIS2_PLACEMENT_3D ( 'NONE', #2160, #3315, #2758 ) ;
#2478 = ADVANCED_FACE ( 'NONE', ( #2915 ), #432, .T. ) ;
#2479 = DIRECTION ( 'NONE',  ( -0.9151325121668149043, 0.000000000000000000, 0.4031531783023102333 ) ) ;
#2480 = VECTOR ( 'NONE', #2924, 1000.000000000000114 ) ;
#2481 = CIRCLE ( 'NONE', #2974, 0.1999999999999987899 ) ;
#2482 = CARTESIAN_POINT ( 'NONE',  ( 0.000000000000000000, 9.824999999999972644, 0.000000000000000000 ) ) ;
#2483 = EDGE_LOOP ( 'NONE', ( #2474, #692, #3493, #2444 ) ) ;
#2484 = AXIS2_PLACEMENT_3D ( 'NONE', #2711, #120, #1255 ) ;
#2485 = CIRCLE ( 'NONE', #2797, 2.000000000000001776 ) ;
#2486 = FACE_OUTER_BOUND ( 'NONE', #1517, .T. ) ;
#2487 = ORIENTED_EDGE ( 'NONE', *, *, #3316, .T. ) ;
#2488 = CARTESIAN_POINT ( 'NONE',  ( 11.99999999999998757, 0.5499999999999325428, -24.35564437074638278 ) ) ;
#2489 = CARTESIAN_POINT ( 'NONE',  ( 8.038092722406085855, 11.34999999999997300, 19.02173299715788346 ) ) ;
#2490 = VECTOR ( 'NONE', #1729, 1000.000000000000000 ) ;
#2491 = ORIENTED_EDGE ( 'NONE', *, *, #699, .F. ) ;
#2492 = CARTESIAN_POINT ( 'NONE',  ( 8.078865641038785128, 11.33253154403983665, 19.06339775350209109 ) ) ;
#2493 = ORIENTED_EDGE ( 'NONE', *, *, #2397, .T. ) ;
#2494 = DIRECTION ( 'NONE',  ( 1.000000000000000000, -0.000000000000000000, -0.000000000000000000 ) ) ;
#2495 = CARTESIAN_POINT ( 'NONE',  ( 12.00000000000000178, 0.5499999999999265476, 23.88064437074637780 ) ) ;
#2496 = PLANE ( 'NONE',  #2861 ) ;
#2497 = VERTEX_POINT ( 'NONE', #1768 ) ;
#2498 = CARTESIAN_POINT ( 'NONE',  ( 7.535780628892249311, 11.25000000000000000, 20.52829426940657598 ) ) ;
#2499 = EDGE_CURVE ( 'NONE', #2759, #2625, #473, .T. ) ;
#2500 = CARTESIAN_POINT ( 'NONE',  ( 0.000000000000000000, 3.799999999999928324, 26.15564437074638349 ) ) ;
#2501 = FACE_OUTER_BOUND ( 'NONE', #2199, .T. ) ;
#2502 = ORIENTED_EDGE ( 'NONE', *, *, #3228, .F. ) ;
#2503 = DIRECTION ( 'NONE',  ( 0.000000000000000000, 0.000000000000000000, -1.000000000000000000 ) ) ;
#2504 = AXIS2_PLACEMENT_3D ( 'NONE', #2684, #96, #2703 ) ;
#2505 = LINE ( 'NONE', #3665, #3217 ) ;
#2506 = EDGE_LOOP ( 'NONE', ( #1875, #684, #2027, #2442, #2468 ) ) ;
#2507 = CARTESIAN_POINT ( 'NONE',  ( 9.625654057275255582, 11.34999999999997300, 16.85511447512773842 ) ) ;
#2508 = EDGE_CURVE ( 'NONE', #1866, #1061, #2772, .T. ) ;
#2509 = CARTESIAN_POINT ( 'NONE',  ( 12.59048283055160766, 9.900000000000035882, 14.89059240237222070 ) ) ;
#2510 = EDGE_CURVE ( 'NONE', #202, #1891, #1826, .T. ) ;
#2511 = CARTESIAN_POINT ( 'NONE',  ( 0.000000000000000000, 11.25999999999997314, 0.000000000000000000 ) ) ;
#2512 = CARTESIAN_POINT ( 'NONE',  ( -12.49999999999999645, -2.352679656440426204, -26.15564437074638349 ) ) ;
#2513 = ORIENTED_EDGE ( 'NONE', *, *, #279, .T. ) ;
#2514 = CARTESIAN_POINT ( 'NONE',  ( 10.00000000000000355, 0.5499999999999325428, -25.08064437074638775 ) ) ;
#2515 = CARTESIAN_POINT ( 'NONE',  ( -12.59505669002710349, 36.38267500856138525, 14.88672384962533002 ) ) ;
#2516 = EDGE_CURVE ( 'NONE', #662, #2640, #94, .T. ) ;
#2517 = FACE_OUTER_BOUND ( 'NONE', #2916, .T. ) ;
#2518 = ORIENTED_EDGE ( 'NONE', *, *, #3555, .F. ) ;
#2519 = DIRECTION ( 'NONE',  ( 0.000000000000000000, -1.000000000000000000, 0.000000000000000000 ) ) ;
#2520 = CARTESIAN_POINT ( 'NONE',  ( 0.000000000000000000, 3.549999999999928324, 0.000000000000000000 ) ) ;
#2521 = EDGE_CURVE ( 'NONE', #2972, #3325, #2742, .T. ) ;
#2522 = CARTESIAN_POINT ( 'NONE',  ( -19.18041321313021541, 0.04999999999992814359, 3.515927896527460739 ) ) ;
#2523 = ORIENTED_EDGE ( 'NONE', *, *, #2685, .F. ) ;
#2524 = DIRECTION ( 'NONE',  ( 0.000000000000000000, 1.000000000000000000, 0.000000000000000000 ) ) ;
#2525 = DIRECTION ( 'NONE',  ( 0.000000000000000000, -1.000000000000000000, 0.000000000000000000 ) ) ;
#2526 = ORIENTED_EDGE ( 'NONE', *, *, #3646, .F. ) ;
#2527 = FACE_OUTER_BOUND ( 'NONE', #880, .T. ) ;
#2528 = PLANE ( 'NONE',  #418 ) ;
#2529 = CARTESIAN_POINT ( 'NONE',  ( 8.089716688610208095, 11.32033636782361619, 19.07443454169306918 ) ) ;
#2530 = ORIENTED_EDGE ( 'NONE', *, *, #496, .T. ) ;
#2531 = DIRECTION ( 'NONE',  ( 1.000000000000000000, 0.000000000000000000, 0.000000000000000000 ) ) ;
#2532 = CIRCLE ( 'NONE', #118, 17.98499999999503274 ) ;
#2533 = DIRECTION ( 'NONE',  ( -1.000000000000000000, 0.000000000000000000, 0.000000000000000000 ) ) ;
#2534 = ORIENTED_EDGE ( 'NONE', *, *, #1321, .T. ) ;
#2535 = ADVANCED_FACE ( 'NONE', ( #2501 ), #1103, .F. ) ;
#2536 = CARTESIAN_POINT ( 'NONE',  ( -13.52232738652304356, 5.992388155425061314, 23.96325621532124117 ) ) ;
#2537 = DIRECTION ( 'NONE',  ( 0.000000000000000000, 0.7071067811865487940, 0.7071067811865463515 ) ) ;
#2538 = VECTOR ( 'NONE', #2494, 1000.000000000000000 ) ;
#2539 = CIRCLE ( 'NONE', #479, 3.149999999999902656 ) ;
#2540 = EDGE_CURVE ( 'NONE', #3548, #248, #881, .T. ) ;
#2541 = CARTESIAN_POINT ( 'NONE',  ( 9.999999999999982236, -2.974000000000072141, -8.673617379884018117E-15 ) ) ;
#2542 = ORIENTED_EDGE ( 'NONE', *, *, #1496, .T. ) ;
#2543 = CARTESIAN_POINT ( 'NONE',  ( -18.03628154234811731, 15.67259408145484834, 14.28305028929142040 ) ) ;
#2544 = CARTESIAN_POINT ( 'NONE',  ( 2.202527268266514464E-15, 11.37499999999996803, -17.98499999999999588 ) ) ;
#2545 = AXIS2_PLACEMENT_3D ( 'NONE', #3481, #2923, #2647 ) ;
#2546 = ORIENTED_EDGE ( 'NONE', *, *, #3602, .F. ) ;
#2547 = LINE ( 'NONE', #3706, #329 ) ;
#2548 = AXIS2_PLACEMENT_3D ( 'NONE', #654, #1834, #1545 ) ;
#2549 = FACE_OUTER_BOUND ( 'NONE', #566, .T. ) ;
#2550 = PLANE ( 'NONE',  #1989 ) ;
#2551 = DIRECTION ( 'NONE',  ( -0.8935469126812358720, 0.000000000000000000, 0.4489698373363534833 ) ) ;
#2552 = ORIENTED_EDGE ( 'NONE', *, *, #1857, .F. ) ;
#2553 = DIRECTION ( 'NONE',  ( -0.000000000000000000, -1.000000000000000000, -0.000000000000000000 ) ) ;
#2554 = CIRCLE ( 'NONE', #2614, 19.50000000000000355 ) ;
#2555 = PLANE ( 'NONE',  #3354 ) ;
#2556 = CIRCLE ( 'NONE', #912, 17.98499999999503274 ) ;
#2557 = ORIENTED_EDGE ( 'NONE', *, *, #1865, .F. ) ;
#2558 = AXIS2_PLACEMENT_3D ( 'NONE', #2950, #350, #1538 ) ;
#2559 = UNCERTAINTY_MEASURE_WITH_UNIT (LENGTH_MEASURE( 1.000000000000000082E-05 ), #1198, 'distance_accuracy_value', 'NONE');
#2560 = CARTESIAN_POINT ( 'NONE',  ( -9.999999999999996447, 5.992388155425028451, -23.96325621532126249 ) ) ;
#2561 = EDGE_CURVE ( 'NONE', #3227, #443, #3398, .T. ) ;
#2562 = CARTESIAN_POINT ( 'NONE',  ( 7.797594443048665447, -2.974000000000072141, 19.86998445578315398 ) ) ;
#2563 = EDGE_CURVE ( 'NONE', #1328, #2395, #1248, .T. ) ;
#2564 = DIRECTION ( 'NONE',  ( 0.3695524189464529652, 0.000000000000000000, -0.9292098846067153861 ) ) ;
#2565 = ORIENTED_EDGE ( 'NONE', *, *, #2615, .F. ) ;
#2566 =( NAMED_UNIT ( * ) SI_UNIT ( $, .STERADIAN. ) SOLID_ANGLE_UNIT ( ) );
#2567 = AXIS2_PLACEMENT_3D ( 'NONE', #478, #1087, #3319 ) ;
#2568 = ORIENTED_EDGE ( 'NONE', *, *, #524, .T. ) ;
#2569 = AXIS2_PLACEMENT_3D ( 'NONE', #2033, #1748, #1416 ) ;
#2570 = CARTESIAN_POINT ( 'NONE',  ( -19.77264843923389748, 0.7999999999999279909, -4.370912227265795202 ) ) ;
#2571 = ADVANCED_FACE ( 'NONE', ( #971 ), #3233, .T. ) ;
#2572 = CARTESIAN_POINT ( 'NONE',  ( -18.09432498179505089, 0.04999999999992814359, 9.091639206061131517 ) ) ;
#2573 = ORIENTED_EDGE ( 'NONE', *, *, #452, .F. ) ;
#2574 = DIRECTION ( 'NONE',  ( -0.000000000000000000, -1.000000000000000000, -0.000000000000000000 ) ) ;
#2575 = DIRECTION ( 'NONE',  ( -0.000000000000000000, -1.000000000000000000, -0.000000000000000000 ) ) ;
#2576 = ORIENTED_EDGE ( 'NONE', *, *, #3618, .T. ) ;
#2577 = DIRECTION ( 'NONE',  ( 0.000000000000000000, 0.000000000000000000, 1.000000000000000000 ) ) ;
#2578 = CARTESIAN_POINT ( 'NONE',  ( 0.000000000000000000, 9.799999999999926104, -26.15564437074637993 ) ) ;
#2579 = ADVANCED_FACE ( 'NONE', ( #933 ), #3337, .F. ) ;
#2580 = CARTESIAN_POINT ( 'NONE',  ( -6.437785681113966874, 11.34999999999997300, 19.41540593894872657 ) ) ;
#2581 = EDGE_CURVE ( 'NONE', #2809, #3604, #917, .T. ) ;
#2582 = EDGE_LOOP ( 'NONE', ( #3314, #894, #1783, #850 ) ) ;
#2583 = CARTESIAN_POINT ( 'NONE',  ( 9.999999999999994671, -2.974000000000072141, 20.15564437074638349 ) ) ;
#2584 = EDGE_CURVE ( 'NONE', #2391, #648, #2194, .T. ) ;
#2585 = ORIENTED_EDGE ( 'NONE', *, *, #606, .F. ) ;
#2586 = CARTESIAN_POINT ( 'NONE',  ( 5.220250743006501471E-12, 11.57499999999997264, -17.98499999999725318 ) ) ;
#2587 = CARTESIAN_POINT ( 'NONE',  ( -13.42788692071548162, 0.000000000000000000, 5.915531595694809575 ) ) ;
#2588 = ORIENTED_EDGE ( 'NONE', *, *, #3690, .F. ) ;
#2589 = FACE_OUTER_BOUND ( 'NONE', #1051, .T. ) ;
#2590 = CARTESIAN_POINT ( 'NONE',  ( 0.000000000000000000, 11.82499999999997264, 20.50000000000000355 ) ) ;
#2591 = ORIENTED_EDGE ( 'NONE', *, *, #2315, .T. ) ;
#2592 = CARTESIAN_POINT ( 'NONE',  ( -19.72453493802065339, 2.799999999999927880, 4.583145369590927665 ) ) ;
#2593 = DIRECTION ( 'NONE',  ( -0.3695524189464535758, 0.000000000000000000, 0.9292098846067150530 ) ) ;
#2594 = EDGE_CURVE ( 'NONE', #1501, #3206, #2202, .T. ) ;
#2595 = DIRECTION ( 'NONE',  ( 0.000000000000000000, -1.000000000000000000, 0.000000000000000000 ) ) ;
#2596 = DIRECTION ( 'NONE',  ( 0.000000000000000000, 0.000000000000000000, -1.000000000000000000 ) ) ;
#2597 = VECTOR ( 'NONE', #665, 1000.000000000000000 ) ;
#2598 = ORIENTED_EDGE ( 'NONE', *, *, #1733, .F. ) ;
#2599 = VECTOR ( 'NONE', #2953, 1000.000000000000000 ) ;
#2600 = CIRCLE ( 'NONE', #2477, 19.40900744143347012 ) ;
#2601 = CARTESIAN_POINT ( 'NONE',  ( 0.000000000000000000, 9.824999999999972644, 0.000000000000000000 ) ) ;
#2602 = VERTEX_POINT ( 'NONE', #1802 ) ;
#2603 = AXIS2_PLACEMENT_3D ( 'NONE', #2578, #1134, #2290 ) ;
#2604 = DIRECTION ( 'NONE',  ( -0.7178050287815238573, 0.000000000000000000, -0.6962441674125219304 ) ) ;
#2605 = ORIENTED_EDGE ( 'NONE', *, *, #284, .F. ) ;
#2606 = AXIS2_PLACEMENT_3D ( 'NONE', #808, #3683, #2313 ) ;
#2607 = CARTESIAN_POINT ( 'NONE',  ( -19.97438003572289134, 0.04999999999992814359, -3.329660972008262387 ) ) ;
#2608 = CARTESIAN_POINT ( 'NONE',  ( -9.999999999999996447, -1.474000000000069033, -26.15564437074638349 ) ) ;
#2609 = AXIS2_PLACEMENT_3D ( 'NONE', #2454, #433, #2155 ) ;
#2610 = AXIS2_PLACEMENT_3D ( 'NONE', #1314, #1074, #1601 ) ;
#2611 = ORIENTED_EDGE ( 'NONE', *, *, #1552, .T. ) ;
#2612 = CARTESIAN_POINT ( 'NONE',  ( 0.2944732312038638722, 11.34999999999997300, 19.31275512489393620 ) ) ;
#2613 = DIRECTION ( 'NONE',  ( 0.000000000000000000, 0.000000000000000000, -1.000000000000000000 ) ) ;
#2614 = AXIS2_PLACEMENT_3D ( 'NONE', #291, #1437, #2596 ) ;
#2615 = EDGE_CURVE ( 'NONE', #537, #909, #3340, .T. ) ;
#2616 = CARTESIAN_POINT ( 'NONE',  ( -7.495909146065449669, 11.32713129795719453, 19.30794367609079742 ) ) ;
#2617 = CARTESIAN_POINT ( 'NONE',  ( -20.63924026080315599, 2.799999999999927880, -8.959450957332267151 ) ) ;
#2618 = LINE ( 'NONE', #504, #2821 ) ;
#2619 = EDGE_LOOP ( 'NONE', ( #2883, #679, #1305, #1554 ) ) ;
#2620 = CARTESIAN_POINT ( 'NONE',  ( -12.49999999999999645, -1.474000000000069033, -26.15564437074638349 ) ) ;
#2621 = VECTOR ( 'NONE', #1390, 1000.000000000000000 ) ;
#2622 = EDGE_LOOP ( 'NONE', ( #877, #2132, #3212, #85 ) ) ;
#2623 = ADVANCED_FACE ( 'NONE', ( #1707 ), #1988, .F. ) ;
#2624 = CARTESIAN_POINT ( 'NONE',  ( 8.103605621920696223, 11.28792383926458953, 19.08852536070794059 ) ) ;
#2625 = VERTEX_POINT ( 'NONE', #2257 ) ;
#2626 = CARTESIAN_POINT ( 'NONE',  ( 8.626808707502179985, 11.25000000000000000, 18.89423185675250139 ) ) ;
#2627 = DIRECTION ( 'NONE',  ( -0.8830370871723048909, 1.071082503562632110E-15, -0.4693032097463760710 ) ) ;
#2628 = EDGE_CURVE ( 'NONE', #1108, #1292, #3153, .T. ) ;
#2629 = ORIENTED_EDGE ( 'NONE', *, *, #1229, .F. ) ;
#2630 = EDGE_CURVE ( 'NONE', #2878, #3216, #2291, .T. ) ;
#2631 = CARTESIAN_POINT ( 'NONE',  ( -18.55232424079347453, 3.549999999999928324, 8.116265475233481297 ) ) ;
#2632 = DIRECTION ( 'NONE',  ( 0.4495073219544571952, 0.000000000000000000, -0.8932766466830597274 ) ) ;
#2633 = CARTESIAN_POINT ( 'NONE',  ( 0.000000000000000000, 36.38267500856138525, 0.000000000000000000 ) ) ;
#2634 = CARTESIAN_POINT ( 'NONE',  ( -7.504997647541806316, 11.31271055316759622, 19.31782658318509505 ) ) ;
#2635 = CARTESIAN_POINT ( 'NONE',  ( 6.980079899886444394, -2.974000000000072141, 16.15045995767501807 ) ) ;
#2636 = ORIENTED_EDGE ( 'NONE', *, *, #3142, .T. ) ;
#2637 = DIRECTION ( 'NONE',  ( 1.000000000000000000, 0.000000000000000000, -2.891205793294676354E-16 ) ) ;
#2638 = ORIENTED_EDGE ( 'NONE', *, *, #1882, .F. ) ;
#2639 = DIRECTION ( 'NONE',  ( 0.000000000000000000, 0.000000000000000000, 1.000000000000000000 ) ) ;
#2640 = VERTEX_POINT ( 'NONE', #2008 ) ;
#2641 = CARTESIAN_POINT ( 'NONE',  ( 8.107012747381945772, 11.26944729789263633, 19.09197697396391646 ) ) ;
#2642 = VERTEX_POINT ( 'NONE', #2580 ) ;
#2643 = EDGE_CURVE ( 'NONE', #2948, #464, #1935, .T. ) ;
#2644 = CYLINDRICAL_SURFACE ( 'NONE', #3060, 0.09000000000000031586 ) ;
#2645 = DIRECTION ( 'NONE',  ( -0.9232304202817894767, 0.000000000000000000, -0.3842467840676229152 ) ) ;
#2646 = ORIENTED_EDGE ( 'NONE', *, *, #1450, .T. ) ;
#2647 = DIRECTION ( 'NONE',  ( 0.000000000000000000, -0.000000000000000000, -1.000000000000000000 ) ) ;
#2648 = DIRECTION ( 'NONE',  ( 1.000000000000000000, 0.000000000000000000, -2.891205793294676354E-16 ) ) ;
#2649 = ORIENTED_EDGE ( 'NONE', *, *, #953, .T. ) ;
#2650 = EDGE_CURVE ( 'NONE', #2240, #1157, #233, .T. ) ;
#2651 =( BOUNDED_CURVE ( )  B_SPLINE_CURVE ( 3, ( #2176, #1973, #3695, #2771 ),
 .UNSPECIFIED., .F., .F. ) 
 B_SPLINE_CURVE_WITH_KNOTS ( ( 4, 4 ),
 ( 1.570796326794896780, 2.356194490192347502 ),
 .UNSPECIFIED. ) 
 CURVE ( )  GEOMETRIC_REPRESENTATION_ITEM ( )  RATIONAL_B_SPLINE_CURVE ( ( 1.000000000000000000, 0.9492530216741907889, 0.9492530216741907889, 1.000000000000000000 ) ) 
 REPRESENTATION_ITEM ( '' )  );
#2652 = CARTESIAN_POINT ( 'NONE',  ( 13.80180808780507640, 6.927856569956250432, 23.02778780079004406 ) ) ;
#2653 = LINE ( 'NONE', #2041, #3295 ) ;
#2654 = CARTESIAN_POINT ( 'NONE',  ( -9.999999999999996447, 0.5499999999999325428, -23.63064437074637425 ) ) ;
#2655 = EDGE_LOOP ( 'NONE', ( #2817, #746, #3575, #3711 ) ) ;
#2656 = CIRCLE ( 'NONE', #2965, 19.40900744143347012 ) ;
#2657 = DIRECTION ( 'NONE',  ( 0.000000000000000000, 1.000000000000000000, -0.000000000000000000 ) ) ;
#2658 = CIRCLE ( 'NONE', #1933, 3.089999999999998970 ) ;
#2659 = ORIENTED_EDGE ( 'NONE', *, *, #678, .F. ) ;
#2660 = CIRCLE ( 'NONE', #2297, 22.50000000000000355 ) ;
#2661 = CARTESIAN_POINT ( 'NONE',  ( -16.97266793280125796, 9.799999999999926104, 14.77086805989614149 ) ) ;
#2662 = ORIENTED_EDGE ( 'NONE', *, *, #3512, .F. ) ;
#2663 = DIRECTION ( 'NONE',  ( 0.000000000000000000, -1.000000000000000000, 0.000000000000000000 ) ) ;
#2664 = ORIENTED_EDGE ( 'NONE', *, *, #1747, .T. ) ;
#2665 = VECTOR ( 'NONE', #2900, 1000.000000000000114 ) ;
#2666 = AXIS2_PLACEMENT_3D ( 'NONE', #3658, #2273, #3372 ) ;
#2667 = DIRECTION ( 'NONE',  ( -0.01524583128163230390, 0.000000000000000000, -0.9998837755602058008 ) ) ;
#2668 = DIRECTION ( 'NONE',  ( -0.8932766466830597274, 0.000000000000000000, -0.4495073219544571952 ) ) ;
#2669 = DIRECTION ( 'NONE',  ( 0.000000000000000000, 0.000000000000000000, 1.000000000000000000 ) ) ;
#2670 = AXIS2_PLACEMENT_3D ( 'NONE', #2835, #2182, #1957 ) ;
#2671 = FACE_OUTER_BOUND ( 'NONE', #293, .T. ) ;
#2672 = DIRECTION ( 'NONE',  ( -0.3695524189464526876, 0.000000000000000000, 0.9292098846067154971 ) ) ;
#2673 = ADVANCED_FACE ( 'NONE', ( #3122 ), #3698, .F. ) ;
#2674 = AXIS2_PLACEMENT_3D ( 'NONE', #1907, #2823, #1356 ) ;
#2675 = EDGE_CURVE ( 'NONE', #610, #1298, #1080, .T. ) ;
#2676 = DIRECTION ( 'NONE',  ( -1.000000000000000000, 0.000000000000000000, 2.891205793294676847E-16 ) ) ;
#2677 = LINE ( 'NONE', #659, #2082 ) ;
#2678 = AXIS2_PLACEMENT_3D ( 'NONE', #2813, #3394, #803 ) ;
#2679 = ORIENTED_EDGE ( 'NONE', *, *, #1110, .T. ) ;
#2680 = CARTESIAN_POINT ( 'NONE',  ( -13.51061806865133796, 10.15000000000000568, 13.92900658353529941 ) ) ;
#2681 = ORIENTED_EDGE ( 'NONE', *, *, #1165, .T. ) ;
#2682 = DIRECTION ( 'NONE',  ( 0.000000000000000000, 0.000000000000000000, -1.000000000000000000 ) ) ;
#2683 = VERTEX_POINT ( 'NONE', #2852 ) ;
#2684 = CARTESIAN_POINT ( 'NONE',  ( 5.218048215738235740E-12, 11.57499999999997264, -2.220446049250313081E-12 ) ) ;
#2685 = EDGE_CURVE ( 'NONE', #2131, #2069, #1408, .T. ) ;
#2686 = EDGE_CURVE ( 'NONE', #549, #769, #2870, .T. ) ;
#2687 = EDGE_LOOP ( 'NONE', ( #2382, #3661, #368, #764, #3605, #1971 ) ) ;
#2688 = DIRECTION ( 'NONE',  ( -8.006416042969879049E-16, 0.000000000000000000, 1.000000000000000000 ) ) ;
#2689 = CIRCLE ( 'NONE', #3173, 2.000000000000001776 ) ;
#2690 = CARTESIAN_POINT ( 'NONE',  ( 0.000000000000000000, -3.200000000000072564, -14.77086805989612905 ) ) ;
#2691 = DIRECTION ( 'NONE',  ( 1.000000000000000000, 0.000000000000000000, -2.891205793294676354E-16 ) ) ;
#2692 = DIRECTION ( 'NONE',  ( 0.000000000000000000, 0.000000000000000000, -1.000000000000000000 ) ) ;
#2693 = FACE_OUTER_BOUND ( 'NONE', #2154, .T. ) ;
#2694 = FACE_OUTER_BOUND ( 'NONE', #2881, .T. ) ;
#2695 = CARTESIAN_POINT ( 'NONE',  ( -2.745402229934452673E-14, 3.549999999999928324, 1.646945678633283094E-13 ) ) ;
#2696 = EDGE_CURVE ( 'NONE', #3135, #1012, #1651, .T. ) ;
#2697 = VERTEX_POINT ( 'NONE', #2522 ) ;
#2698 = DIRECTION ( 'NONE',  ( 0.000000000000000000, 1.000000000000000000, -0.000000000000000000 ) ) ;
#2699 = EDGE_CURVE ( 'NONE', #2109, #2322, #856, .T. ) ;
#2700 = VERTEX_POINT ( 'NONE', #1425 ) ;
#2701 = DIRECTION ( 'NONE',  ( -1.000000000000000000, -0.000000000000000000, -0.000000000000000000 ) ) ;
#2702 = ORIENTED_EDGE ( 'NONE', *, *, #804, .F. ) ;
#2703 = DIRECTION ( 'NONE',  ( 0.000000000000000000, 0.000000000000000000, 1.000000000000000000 ) ) ;
#2704 = ORIENTED_EDGE ( 'NONE', *, *, #744, .T. ) ;
#2705 = EDGE_CURVE ( 'NONE', #3581, #3300, #617, .T. ) ;
#2706 = ORIENTED_EDGE ( 'NONE', *, *, #3083, .F. ) ;
#2707 = FACE_OUTER_BOUND ( 'NONE', #2687, .T. ) ;
#2708 = CARTESIAN_POINT ( 'NONE',  ( 9.670286147185324310, 11.25000000000000000, 16.93326801983467789 ) ) ;
#2709 = EDGE_LOOP ( 'NONE', ( #1240, #2795, #2769, #15 ) ) ;
#2710 = EDGE_CURVE ( 'NONE', #3506, #2757, #3718, .T. ) ;
#2711 = CARTESIAN_POINT ( 'NONE',  ( 0.000000000000000000, 3.549999999999928324, 0.000000000000000000 ) ) ;
#2712 = DIRECTION ( 'NONE',  ( 0.000000000000000000, 0.000000000000000000, 1.000000000000000000 ) ) ;
#2713 = DIRECTION ( 'NONE',  ( 0.000000000000000000, -0.7071067811865463515, 0.7071067811865487940 ) ) ;
#2714 = AXIS2_PLACEMENT_3D ( 'NONE', #2436, #643, #160 ) ;
#2715 = ORIENTED_EDGE ( 'NONE', *, *, #2856, .F. ) ;
#2716 = CARTESIAN_POINT ( 'NONE',  ( 0.000000000000000000, 11.34999999999997122, 0.000000000000000000 ) ) ;
#2717 = ORIENTED_EDGE ( 'NONE', *, *, #1955, .F. ) ;
#2718 = ORIENTED_EDGE ( 'NONE', *, *, #316, .F. ) ;
#2719 = FACE_OUTER_BOUND ( 'NONE', #1116, .T. ) ;
#2720 = EDGE_CURVE ( 'NONE', #20, #1396, #1060, .T. ) ;
#2721 = CARTESIAN_POINT ( 'NONE',  ( 12.75530960225819221, 11.31975310286538594, 14.72066137652505802 ) ) ;
#2722 = ORIENTED_EDGE ( 'NONE', *, *, #3019, .T. ) ;
#2723 = AXIS2_PLACEMENT_3D ( 'NONE', #882, #3549, #1544 ) ;
#2724 = AXIS2_PLACEMENT_3D ( 'NONE', #1355, #860, #3144 ) ;
#2725 = ORIENTED_EDGE ( 'NONE', *, *, #2794, .T. ) ;
#2726 = LINE ( 'NONE', #1252, #1630 ) ;
#2727 = DIRECTION ( 'NONE',  ( 0.000000000000000000, 0.000000000000000000, -1.000000000000000000 ) ) ;
#2728 = ORIENTED_EDGE ( 'NONE', *, *, #2874, .T. ) ;
#2729 = VECTOR ( 'NONE', #3277, 1000.000000000000114 ) ;
#2730 = CYLINDRICAL_SURFACE ( 'NONE', #2919, 13.00000000000000000 ) ;
#2731 = AXIS2_PLACEMENT_3D ( 'NONE', #3402, #346, #328 ) ;
#2732 = CARTESIAN_POINT ( 'NONE',  ( 0.000000000000000000, 74.98961030678925965, 0.000000000000000000 ) ) ;
#2733 = CIRCLE ( 'NONE', #3396, 3.059999999999826858 ) ;
#2734 = LINE ( 'NONE', #1281, #3419 ) ;
#2735 = EDGE_CURVE ( 'NONE', #512, #2400, #498, .T. ) ;
#2736 = VECTOR ( 'NONE', #3276, 1000.000000000000000 ) ;
#2737 = ORIENTED_EDGE ( 'NONE', *, *, #3483, .T. ) ;
#2738 = CIRCLE ( 'NONE', #3222, 19.50000000000000355 ) ;
#2739 = DIRECTION ( 'NONE',  ( -0.000000000000000000, -1.000000000000000000, -0.000000000000000000 ) ) ;
#2740 = ORIENTED_EDGE ( 'NONE', *, *, #3599, .F. ) ;
#2741 = VERTEX_POINT ( 'NONE', #835 ) ;
#2742 = B_SPLINE_CURVE_WITH_KNOTS ( 'NONE', 3,
 ( #1498, #2387, #668, #2990, #456, #369, #1214, #2369 ),
 .UNSPECIFIED., .F., .F.,
 ( 4, 2, 2, 4 ),
 ( 0.000000000000000000, 0.004453226027401209139, 0.006679839041101813708, 0.008906452054802421747 ),
 .UNSPECIFIED. ) ;
#2743 = DIRECTION ( 'NONE',  ( 0.000000000000000000, -1.000000000000000000, 0.000000000000000000 ) ) ;
#2744 = DIRECTION ( 'NONE',  ( -2.668805347656626185E-16, 0.000000000000000000, -1.000000000000000000 ) ) ;
#2745 = ORIENTED_EDGE ( 'NONE', *, *, #3309, .T. ) ;
#2746 = EDGE_CURVE ( 'NONE', #3047, #2497, #2364, .T. ) ;
#2747 = ADVANCED_FACE ( 'NONE', ( #288 ), #1365, .T. ) ;
#2748 = EDGE_LOOP ( 'NONE', ( #3174, #1433, #1306, #230 ) ) ;
#2749 = CARTESIAN_POINT ( 'NONE',  ( 10.25000000000000355, 0.5499999999999325428, -24.83064437074638420 ) ) ;
#2750 = CARTESIAN_POINT ( 'NONE',  ( 12.59048283055160766, 9.900000000000035882, 14.89059240237222070 ) ) ;
#2751 = DIRECTION ( 'NONE',  ( -0.9469039830793308798, 0.000000000000000000, 0.3215164798707810800 ) ) ;
#2752 = EDGE_LOOP ( 'NONE', ( #451, #2193, #3290, #3062 ) ) ;
#2753 = AXIS2_PLACEMENT_3D ( 'NONE', #1594, #1066, #2779 ) ;
#2754 = DIRECTION ( 'NONE',  ( -0.000000000000000000, -1.000000000000000000, -0.000000000000000000 ) ) ;
#2755 = FACE_OUTER_BOUND ( 'NONE', #425, .T. ) ;
#2756 = AXIS2_PLACEMENT_3D ( 'NONE', #3180, #1714, #3510 ) ;
#2757 = VERTEX_POINT ( 'NONE', #379 ) ;
#2758 = DIRECTION ( 'NONE',  ( 0.000000000000000000, 0.000000000000000000, -1.000000000000000000 ) ) ;
#2759 = VERTEX_POINT ( 'NONE', #601 ) ;
#2760 = ORIENTED_EDGE ( 'NONE', *, *, #2001, .F. ) ;
#2761 = CARTESIAN_POINT ( 'NONE',  ( 13.44876950137828509, 11.34999999999997122, 14.00572683754660375 ) ) ;
#2762 = ADVANCED_FACE ( 'NONE', ( #2024, #1155 ), #1758, .T. ) ;
#2763 = ORIENTED_EDGE ( 'NONE', *, *, #1189, .T. ) ;
#2764 = EDGE_CURVE ( 'NONE', #24, #1769, #2366, .T. ) ;
#2765 = DIRECTION ( 'NONE',  ( -0.4222963910928513864, 0.000000000000000000, -0.9064578082128001979 ) ) ;
#2766 = ORIENTED_EDGE ( 'NONE', *, *, #339, .F. ) ;
#2767 = CARTESIAN_POINT ( 'NONE',  ( -13.22752167967423453, 10.15000000000000568, 14.20359954643075184 ) ) ;
#2768 = LINE ( 'NONE', #2198, #1209 ) ;
#2769 = ORIENTED_EDGE ( 'NONE', *, *, #719, .T. ) ;
#2770 = LINE ( 'NONE', #757, #1260 ) ;
#2771 = CARTESIAN_POINT ( 'NONE',  ( 13.41246787328880252, 5.992388155425024010, 23.96325621532126604 ) ) ;
#2772 = LINE ( 'NONE', #2793, #801 ) ;
#2773 = ORIENTED_EDGE ( 'NONE', *, *, #197, .F. ) ;
#2774 = DIRECTION ( 'NONE',  ( -1.000000000000000000, 0.000000000000000000, -0.000000000000000000 ) ) ;
#2775 = FACE_OUTER_BOUND ( 'NONE', #760, .T. ) ;
#2776 = DIRECTION ( 'NONE',  ( 1.000000000000000000, 0.000000000000000000, 1.224646799147353207E-16 ) ) ;
#2777 = VERTEX_POINT ( 'NONE', #1492 ) ;
#2778 = ORIENTED_EDGE ( 'NONE', *, *, #1721, .F. ) ;
#2779 = DIRECTION ( 'NONE',  ( -8.881784197001252323E-16, 0.000000000000000000, -1.000000000000000000 ) ) ;
#2780 = CARTESIAN_POINT ( 'NONE',  ( 17.49999999999999645, 9.799999999999926104, 14.14213562373095634 ) ) ;
#2781 = ORIENTED_EDGE ( 'NONE', *, *, #1438, .T. ) ;
#2782 = CARTESIAN_POINT ( 'NONE',  ( 8.072732333809758742, 11.33841334137015977, 19.05715415547814828 ) ) ;
#2783 = DIRECTION ( 'NONE',  ( -0.000000000000000000, 1.000000000000000000, -0.000000000000000000 ) ) ;
#2784 = CARTESIAN_POINT ( 'NONE',  ( 0.000000000000000000, 11.37499999999996803, 0.000000000000000000 ) ) ;
#2785 = CIRCLE ( 'NONE', #2724, 19.50000000000000355 ) ;
#2786 = ORIENTED_EDGE ( 'NONE', *, *, #1069, .F. ) ;
#2787 = DIRECTION ( 'NONE',  ( 0.000000000000000000, -1.000000000000000000, 0.000000000000000000 ) ) ;
#2788 = AXIS2_PLACEMENT_3D ( 'NONE', #2825, #1397, #208 ) ;
#2789 = CARTESIAN_POINT ( 'NONE',  ( 0.000000000000000000, 10.15000000000000568, 0.000000000000000000 ) ) ;
#2790 = CARTESIAN_POINT ( 'NONE',  ( 5.218048215738235740E-12, 11.57499999999997264, -2.220446049250313081E-12 ) ) ;
#2791 = EDGE_CURVE ( 'NONE', #1887, #1864, #3169, .T. ) ;
#2792 = AXIS2_PLACEMENT_3D ( 'NONE', #3607, #1289, #1578 ) ;
#2793 = CARTESIAN_POINT ( 'NONE',  ( -12.49999999999999645, 3.799999999999928324, 26.15564437074638349 ) ) ;
#2794 = EDGE_CURVE ( 'NONE', #2215, #1357, #2738, .T. ) ;
#2795 = ORIENTED_EDGE ( 'NONE', *, *, #1747, .F. ) ;
#2796 = VECTOR ( 'NONE', #358, 1000.000000000000000 ) ;
#2797 = AXIS2_PLACEMENT_3D ( 'NONE', #2815, #216, #2204 ) ;
#2798 = ORIENTED_EDGE ( 'NONE', *, *, #2791, .F. ) ;
#2799 = DIRECTION ( 'NONE',  ( 0.000000000000000000, -0.000000000000000000, -1.000000000000000000 ) ) ;
#2800 = CARTESIAN_POINT ( 'NONE',  ( 0.000000000000000000, 11.37499999999996803, 0.000000000000000000 ) ) ;
#2801 = VECTOR ( 'NONE', #1632, 1000.000000000000000 ) ;
#2802 = ORIENTED_EDGE ( 'NONE', *, *, #3316, .F. ) ;
#2803 = CARTESIAN_POINT ( 'NONE',  ( 7.535780628892249311, 11.25000000000000000, 20.52829426940657598 ) ) ;
#2804 = ORIENTED_EDGE ( 'NONE', *, *, #809, .F. ) ;
#2805 = DIRECTION ( 'NONE',  ( -0.000000000000000000, 1.000000000000000000, -0.000000000000000000 ) ) ;
#2806 = LINE ( 'NONE', #1928, #816 ) ;
#2807 = EDGE_CURVE ( 'NONE', #3206, #1588, #797, .T. ) ;
#2808 = FACE_OUTER_BOUND ( 'NONE', #1336, .T. ) ;
#2809 = VERTEX_POINT ( 'NONE', #1186 ) ;
#2810 = CARTESIAN_POINT ( 'NONE',  ( 0.000000000000000000, 9.799999999999926104, -26.15564437074638349 ) ) ;
#2811 = CARTESIAN_POINT ( 'NONE',  ( -7.731562756698254546, 11.25999999999997314, 18.62259114042260677 ) ) ;
#2812 = EDGE_CURVE ( 'NONE', #2497, #2167, #2038, .T. ) ;
#2813 = CARTESIAN_POINT ( 'NONE',  ( 11.15802247752154663, 10.15000000000000036, 19.53838617673230615 ) ) ;
#2814 = ORIENTED_EDGE ( 'NONE', *, *, #2066, .F. ) ;
#2815 = CARTESIAN_POINT ( 'NONE',  ( 2.510525938252074481E-15, 9.824999999999972644, -20.50000000000000355 ) ) ;
#2816 = CIRCLE ( 'NONE', #1773, 1.999999999999998224 ) ;
#2817 = ORIENTED_EDGE ( 'NONE', *, *, #1439, .F. ) ;
#2818 = FACE_OUTER_BOUND ( 'NONE', #1805, .T. ) ;
#2819 = CARTESIAN_POINT ( 'NONE',  ( -11.99999999999999645, 0.5499999999999264366, 24.35564437074638278 ) ) ;
#2820 = ADVANCED_FACE ( 'NONE', ( #3201 ), #13, .F. ) ;
#2821 = VECTOR ( 'NONE', #221, 1000.000000000000114 ) ;
#2822 = PLANE ( 'NONE',  #1201 ) ;
#2823 = DIRECTION ( 'NONE',  ( 0.4489698373363535389, -0.000000000000000000, 0.8935469126812359830 ) ) ;
#2824 = ORIENTED_EDGE ( 'NONE', *, *, #1837, .T. ) ;
#2825 = CARTESIAN_POINT ( 'NONE',  ( 0.000000000000000000, 2.799999999999927880, 0.000000000000000000 ) ) ;
#2826 = FACE_OUTER_BOUND ( 'NONE', #1463, .T. ) ;
#2827 = FACE_OUTER_BOUND ( 'NONE', #3041, .T. ) ;
#2828 = ORIENTED_EDGE ( 'NONE', *, *, #3293, .T. ) ;
#2829 = EDGE_CURVE ( 'NONE', #461, #2700, #2325, .T. ) ;
#2830 = PRODUCT_DEFINITION_CONTEXT ( 'detailed design', #639, 'design' ) ;
#2831 = CARTESIAN_POINT ( 'NONE',  ( -21.86450192966153949, 0.7999999999999275468, 5.309760387044498486 ) ) ;
#2832 = EDGE_CURVE ( 'NONE', #2897, #1328, #345, .T. ) ;
#2833 = DIRECTION ( 'NONE',  ( -1.000000000000000000, 0.000000000000000000, -0.000000000000000000 ) ) ;
#2834 = VERTEX_POINT ( 'NONE', #1202 ) ;
#2835 = CARTESIAN_POINT ( 'NONE',  ( 13.96489683493073741, 36.38267500856138525, 13.54543027703088320 ) ) ;
#2836 = CARTESIAN_POINT ( 'NONE',  ( 13.62228356734529200, 11.34999999999997122, 13.82683949465077689 ) ) ;
#2837 = ORIENTED_EDGE ( 'NONE', *, *, #2696, .T. ) ;
#2838 = DIRECTION ( 'NONE',  ( -0.000000000000000000, -1.000000000000000000, 0.000000000000000000 ) ) ;
#2839 = LINE ( 'NONE', #310, #395 ) ;
#2840 = FACE_OUTER_BOUND ( 'NONE', #2752, .T. ) ;
#2841 = ADVANCED_FACE ( 'NONE', ( #308 ), #1171, .T. ) ;
#2842 = CARTESIAN_POINT ( 'NONE',  ( -1.479793181982435292E-14, 3.549999999999928324, -2.945107931998002430E-14 ) ) ;
#2843 = ORIENTED_EDGE ( 'NONE', *, *, #3252, .F. ) ;
#2844 = CARTESIAN_POINT ( 'NONE',  ( 0.000000000000000000, 11.25000000000000000, 0.000000000000000000 ) ) ;
#2845 = LINE ( 'NONE', #3385, #3717 ) ;
#2846 = PLANE ( 'NONE',  #1699 ) ;
#2847 = EDGE_LOOP ( 'NONE', ( #186, #528, #932, #3719, #573 ) ) ;
#2848 = CARTESIAN_POINT ( 'NONE',  ( -2.745402229934452673E-14, 0.04999999999992814359, 1.646945678633283094E-13 ) ) ;
#2849 = LINE ( 'NONE', #1952, #2177 ) ;
#2850 = AXIS2_PLACEMENT_3D ( 'NONE', #1788, #2286, #2016 ) ;
#2851 = CLOSED_SHELL ( 'NONE', ( #2186, #3160, #270, #2868, #2911, #3431, #1737, #813, #1271, #3513, #1752, #2009, #627, #556, #1047, #3229, #1049, #3345, #2421, #2443, #1974, #59, #2841, #2747, #2141, #499, #2820, #1459, #951, #119, #2119, #1135, #824, #1789, #2441, #1013, #3205, #2762, #1719, #1348, #292, #2478, #2956, #1551, #3109, #300, #1117, #179, #61, #2623, #3311, #2579, #3566, #1779, #1338, #3377, #3733, #1613, #663, #3664, #3569, #1906, #2905, #1583, #3213, #533, #2039, #1407, #1273, #885, #1571, #2931, #1374, #2110, #2535, #944, #1724, #996, #1385, #3480, #743, #1084, #1628, #651, #1804, #2278, #2149, #106, #3012, #1886, #997, #1995, #859, #685, #691, #289, #625, #1513, #1339, #2673, #1293, #2298, #709, #1121, #1301, #2571, #1055, #728, #349, #2359, #107, #2280, #930, #2337, #2019, #782, #2964, #772, #3126 ) ) ;
#2852 = CARTESIAN_POINT ( 'NONE',  ( -9.999999999999996447, -2.974000000000072141, -24.65564437074638349 ) ) ;
#2853 = ORIENTED_EDGE ( 'NONE', *, *, #413, .T. ) ;
#2854 = CARTESIAN_POINT ( 'NONE',  ( -6.484437924835757983, 74.98961030678925965, 16.35576158573464767 ) ) ;
#2855 = AXIS2_PLACEMENT_3D ( 'NONE', #2500, #2537, #3079 ) ;
#2856 = EDGE_CURVE ( 'NONE', #2777, #2372, #1658, .T. ) ;
#2857 = EDGE_CURVE ( 'NONE', #1976, #1190, #87, .T. ) ;
#2858 = VECTOR ( 'NONE', #2310, 1000.000000000000114 ) ;
#2859 = ORIENTED_EDGE ( 'NONE', *, *, #155, .T. ) ;
#2860 = ORIENTED_EDGE ( 'NONE', *, *, #1727, .F. ) ;
#2861 = AXIS2_PLACEMENT_3D ( 'NONE', #3655, #1056, #2452 ) ;
#2862 = LINE ( 'NONE', #1127, #304 ) ;
#2863 = CARTESIAN_POINT ( 'NONE',  ( -9.999999999999996447, 3.799999999999903455, -26.15564437074638349 ) ) ;
#2864 = ORIENTED_EDGE ( 'NONE', *, *, #774, .F. ) ;
#2865 = CARTESIAN_POINT ( 'NONE',  ( 0.000000000000000000, 2.799999999999927880, 0.000000000000000000 ) ) ;
#2866 = LINE ( 'NONE', #1417, #3629 ) ;
#2867 = AXIS2_PLACEMENT_3D ( 'NONE', #2469, #2765, #3670 ) ;
#2868 = ADVANCED_FACE ( 'NONE', ( #1299 ), #313, .F. ) ;
#2869 = ORIENTED_EDGE ( 'NONE', *, *, #2265, .T. ) ;
#2870 = CIRCLE ( 'NONE', #802, 3.059999999999903242 ) ;
#2871 = EDGE_CURVE ( 'NONE', #806, #3149, #454, .T. ) ;
#2872 = LINE ( 'NONE', #2848, #3571 ) ;
#2873 = CARTESIAN_POINT ( 'NONE',  ( 13.04306982025041606, 11.25000000000000000, 14.49580386401778220 ) ) ;
#2874 = EDGE_CURVE ( 'NONE', #845, #936, #605, .T. ) ;
#2875 = CARTESIAN_POINT ( 'NONE',  ( -9.999999999999996447, 0.5499999999999325428, -24.35564437074637567 ) ) ;
#2876 = DIRECTION ( 'NONE',  ( 2.044391222244501069E-16, -0.7071067811865463515, 0.7071067811865487940 ) ) ;
#2877 = AXIS2_PLACEMENT_3D ( 'NONE', #3673, #1095, #3532 ) ;
#2878 = VERTEX_POINT ( 'NONE', #1014 ) ;
#2879 = CARTESIAN_POINT ( 'NONE',  ( -7.451182679375345508, 11.34999999999997300, 19.25903638836169662 ) ) ;
#2880 = DIRECTION ( 'NONE',  ( 0.000000000000000000, 0.000000000000000000, -1.000000000000000000 ) ) ;
#2881 = EDGE_LOOP ( 'NONE', ( #2662, #1584, #689, #3591 ) ) ;
#2882 = DIRECTION ( 'NONE',  ( -1.000000000000000000, -0.000000000000000000, 8.673617379884034486E-16 ) ) ;
#2883 = ORIENTED_EDGE ( 'NONE', *, *, #567, .T. ) ;
#2884 = EDGE_CURVE ( 'NONE', #2391, #90, #1242, .T. ) ;
#2885 = CARTESIAN_POINT ( 'NONE',  ( 7.535780628892249311, -2.974000000000072141, 20.52829426940657243 ) ) ;
#2886 = CARTESIAN_POINT ( 'NONE',  ( 6.980079899971487478, 11.25999999999997847, 16.15045995762239528 ) ) ;
#2887 = DIRECTION ( 'NONE',  ( 0.000000000000000000, 1.000000000000000000, 0.000000000000000000 ) ) ;
#2888 = VERTEX_POINT ( 'NONE', #2174 ) ;
#2889 = DIRECTION ( 'NONE',  ( -2.044391222244493920E-16, 0.7071067811865487940, 0.7071067811865463515 ) ) ;
#2890 = ORIENTED_EDGE ( 'NONE', *, *, #518, .T. ) ;
#2891 = CARTESIAN_POINT ( 'NONE',  ( 0.000000000000000000, -2.974000000000072141, 24.65564437074638349 ) ) ;
#2892 = EDGE_LOOP ( 'NONE', ( #3565, #1982, #2598, #1666, #3286, #147, #965, #1287, #1449, #1402, #1561, #1672, #2843, #3585 ) ) ;
#2893 = CARTESIAN_POINT ( 'NONE',  ( -9.999999999999994671, 9.799999999999926104, -20.15564437074637993 ) ) ;
#2894 = EDGE_LOOP ( 'NONE', ( #2611, #54, #1487, #3509, #2309, #2270, #431 ) ) ;
#2895 = LINE ( 'NONE', #1983, #818 ) ;
#2896 = CARTESIAN_POINT ( 'NONE',  ( 12.75859237157255244, -2.974000000000073030, -25.53432402718673089 ) ) ;
#2897 = VERTEX_POINT ( 'NONE', #959 ) ;
#2898 = CIRCLE ( 'NONE', #777, 0.09000000000000031586 ) ;
#2899 = CARTESIAN_POINT ( 'NONE',  ( -6.484437924835757983, 11.34999999999997300, 16.35576158573464767 ) ) ;
#2900 = DIRECTION ( 'NONE',  ( 0.3842467840676229707, 0.000000000000000000, 0.9232304202817893657 ) ) ;
#2901 = CARTESIAN_POINT ( 'NONE',  ( -7.500903216517202488, 11.32037897991462927, 19.31337669838869431 ) ) ;
#2902 = CARTESIAN_POINT ( 'NONE',  ( 0.000000000000000000, 11.25000000000000000, 0.000000000000000000 ) ) ;
#2903 = PLANE ( 'NONE',  #453 ) ;
#2904 = TOROIDAL_SURFACE ( 'NONE', #547, 20.50000000000000355, 2.000000000000000000 ) ;
#2905 = ADVANCED_FACE ( 'NONE', ( #2693 ), #3015, .T. ) ;
#2906 = AXIS2_PLACEMENT_3D ( 'NONE', #1246, #1326, #3045 ) ;
#2907 = EDGE_CURVE ( 'NONE', #589, #1843, #1514, .T. ) ;
#2908 = ORIENTED_EDGE ( 'NONE', *, *, #2710, .F. ) ;
#2909 = AXIS2_PLACEMENT_3D ( 'NONE', #236, #1107, #1137 ) ;
#2910 = CARTESIAN_POINT ( 'NONE',  ( 0.000000000000000000, 75.46461030678925397, -18.18499999999999517 ) ) ;
#2911 = ADVANCED_FACE ( 'NONE', ( #995 ), #729, .F. ) ;
#2912 = AXIS2_PLACEMENT_3D ( 'NONE', #2946, #2960, #2312 ) ;
#2913 = ORIENTED_EDGE ( 'NONE', *, *, #1668, .F. ) ;
#2914 = AXIS2_PLACEMENT_3D ( 'NONE', #2997, #83, #2669 ) ;
#2915 = FACE_OUTER_BOUND ( 'NONE', #2655, .T. ) ;
#2916 = EDGE_LOOP ( 'NONE', ( #3656, #1499, #696, #2106 ) ) ;
#2917 = LINE ( 'NONE', #683, #984 ) ;
#2918 = CARTESIAN_POINT ( 'NONE',  ( -7.181773703878873150, 11.25000000000000000, 20.09381813053617805 ) ) ;
#2919 = AXIS2_PLACEMENT_3D ( 'NONE', #1039, #2200, #1836 ) ;
#2920 = AXIS2_PLACEMENT_3D ( 'NONE', #3117, #510, #1367 ) ;
#2921 = ORIENTED_EDGE ( 'NONE', *, *, #220, .T. ) ;
#2922 = VECTOR ( 'NONE', #1233, 1000.000000000000000 ) ;
#2923 = DIRECTION ( 'NONE',  ( 0.000000000000000000, -1.000000000000000000, 0.000000000000000000 ) ) ;
#2924 = DIRECTION ( 'NONE',  ( -0.6962441674134129954, 0.000000000000000000, 0.7178050287806594376 ) ) ;
#2925 = VECTOR ( 'NONE', #1345, 1000.000000000000000 ) ;
#2926 = CARTESIAN_POINT ( 'NONE',  ( -7.477884561508763461, 11.34295705171408741, 19.28828832911119662 ) ) ;
#2927 = CARTESIAN_POINT ( 'NONE',  ( 0.000000000000000000, 9.824999999999972644, 20.50000000000000355 ) ) ;
#2928 = ORIENTED_EDGE ( 'NONE', *, *, #3143, .F. ) ;
#2929 = CARTESIAN_POINT ( 'NONE',  ( -0.9898953764363276342, 2.799999999999927880, 2.648711740116493463 ) ) ;
#2930 = EDGE_CURVE ( 'NONE', #2342, #3724, #1753, .T. ) ;
#2931 = ADVANCED_FACE ( 'NONE', ( #1914 ), #2730, .T. ) ;
#2932 = ORIENTED_EDGE ( 'NONE', *, *, #2720, .F. ) ;
#2933 = DIRECTION ( 'NONE',  ( -8.673617379884034486E-16, 0.000000000000000000, 1.000000000000000000 ) ) ;
#2934 = VECTOR ( 'NONE', #814, 1000.000000000000000 ) ;
#2935 = VERTEX_POINT ( 'NONE', #1605 ) ;
#2936 = CARTESIAN_POINT ( 'NONE',  ( 8.093958246547265034, 11.31267076130092875, 19.07874038842196640 ) ) ;
#2937 = ORIENTED_EDGE ( 'NONE', *, *, #1069, .T. ) ;
#2938 = DIRECTION ( 'NONE',  ( 0.9998837755602059119, 0.000000000000000000, -0.01524583128163091439 ) ) ;
#2939 = EDGE_CURVE ( 'NONE', #1046, #464, #3355, .T. ) ;
#2940 = ORIENTED_EDGE ( 'NONE', *, *, #903, .T. ) ;
#2941 = DIRECTION ( 'NONE',  ( -3.523657060577998668E-15, 0.000000000000000000, -1.000000000000000000 ) ) ;
#2942 = FILL_AREA_STYLE ('',( #955 ) ) ;
#2943 = DIRECTION ( 'NONE',  ( 0.000000000000000000, 0.000000000000000000, -1.000000000000000000 ) ) ;
#2944 = EDGE_CURVE ( 'NONE', #2342, #1113, #2770, .T. ) ;
#2945 = ORIENTED_EDGE ( 'NONE', *, *, #2231, .F. ) ;
#2946 = CARTESIAN_POINT ( 'NONE',  ( 6.980079899971487478, 74.98961030678925965, 16.15045995762239528 ) ) ;
#2947 = FACE_OUTER_BOUND ( 'NONE', #752, .T. ) ;
#2948 = VERTEX_POINT ( 'NONE', #158 ) ;
#2949 = DIRECTION ( 'NONE',  ( -0.000000000000000000, 1.000000000000000000, -0.000000000000000000 ) ) ;
#2950 = CARTESIAN_POINT ( 'NONE',  ( 0.000000000000000000, -1.474000000000072141, -24.65564437074638349 ) ) ;
#2951 = ORIENTED_EDGE ( 'NONE', *, *, #2022, .T. ) ;
#2952 = DIRECTION ( 'NONE',  ( -1.000000000000000000, 0.000000000000000000, 0.000000000000000000 ) ) ;
#2953 = DIRECTION ( 'NONE',  ( 0.000000000000000000, 1.000000000000000000, 0.000000000000000000 ) ) ;
#2954 = ORIENTED_EDGE ( 'NONE', *, *, #2508, .T. ) ;
#2955 = EDGE_CURVE ( 'NONE', #3417, #2425, #3615, .T. ) ;
#2956 = ADVANCED_FACE ( 'NONE', ( #3078 ), #471, .F. ) ;
#2957 = DIRECTION ( 'NONE',  ( 1.000000000000000000, 0.000000000000000000, 0.000000000000000000 ) ) ;
#2958 = LINE ( 'NONE', #273, #799 ) ;
#2959 = CARTESIAN_POINT ( 'NONE',  ( 12.55497707175189426, 9.217023246844302520, 18.72925009942590435 ) ) ;
#2960 = DIRECTION ( 'NONE',  ( -0.000000000000000000, -1.000000000000000000, -0.000000000000000000 ) ) ;
#2961 = CARTESIAN_POINT ( 'NONE',  ( 5.218048215738235740E-12, 11.57499999999997264, -2.220446049250313081E-12 ) ) ;
#2962 = DIRECTION ( 'NONE',  ( 0.9863891375665608807, 0.000000000000000000, 0.1644277023214037736 ) ) ;
#2963 = EDGE_LOOP ( 'NONE', ( #3131, #2433, #1159, #3427 ) ) ;
#2964 = ADVANCED_FACE ( 'NONE', ( #3001, #399 ), #1547, .F. ) ;
#2965 = AXIS2_PLACEMENT_3D ( 'NONE', #1980, #1695, #1726 ) ;
#2966 = CARTESIAN_POINT ( 'NONE',  ( -12.16772739409351445, 11.29010630668981641, 15.23156056701362360 ) ) ;
#2967 = ORIENTED_EDGE ( 'NONE', *, *, #1905, .F. ) ;
#2968 = AXIS2_PLACEMENT_3D ( 'NONE', #3732, #2525, #3702 ) ;
#2969 = CARTESIAN_POINT ( 'NONE',  ( -9.999999999999996447, -1.474000000000072141, 24.65564437074638349 ) ) ;
#2970 = VERTEX_POINT ( 'NONE', #2414 ) ;
#2971 = CYLINDRICAL_SURFACE ( 'NONE', #2504, 17.98499999999503274 ) ;
#2972 = VERTEX_POINT ( 'NONE', #980 ) ;
#2973 = AXIS2_PLACEMENT_3D ( 'NONE', #2633, #3716, #3221 ) ;
#2974 = AXIS2_PLACEMENT_3D ( 'NONE', #2544, #2776, #1327 ) ;
#2975 = AXIS2_PLACEMENT_3D ( 'NONE', #44, #285, #1148 ) ;
#2976 = PLANE ( 'NONE',  #1562 ) ;
#2977 = CARTESIAN_POINT ( 'NONE',  ( -6.484437924835757983, 11.25000000000000000, 16.35576158573464767 ) ) ;
#2978 = EDGE_CURVE ( 'NONE', #2030, #161, #2137, .T. ) ;
#2979 = FACE_OUTER_BOUND ( 'NONE', #3030, .T. ) ;
#2980 = EDGE_CURVE ( 'NONE', #2099, #3047, #3428, .T. ) ;
#2981 = ORIENTED_EDGE ( 'NONE', *, *, #405, .T. ) ;
#2982 = DIRECTION ( 'NONE',  ( 0.000000000000000000, -0.000000000000000000, -1.000000000000000000 ) ) ;
#2983 = CARTESIAN_POINT ( 'NONE',  ( -7.471049286279312973, 11.34586737362127273, 19.28081109464663356 ) ) ;
#2984 = VECTOR ( 'NONE', #2787, 1000.000000000000000 ) ;
#2985 = CARTESIAN_POINT ( 'NONE',  ( 9.999999999999994671, 8.632336374617837649, -20.15564437074637993 ) ) ;
#2986 = DIRECTION ( 'NONE',  ( 0.000000000000000000, 0.000000000000000000, 1.000000000000000000 ) ) ;
#2987 = EDGE_LOOP ( 'NONE', ( #1767, #2130, #2150, #715, #3018 ) ) ;
#2988 = CARTESIAN_POINT ( 'NONE',  ( 0.000000000000000000, 0.7999999999999279909, 0.000000000000000000 ) ) ;
#2989 = ORIENTED_EDGE ( 'NONE', *, *, #268, .F. ) ;
#2990 = CARTESIAN_POINT ( 'NONE',  ( -14.30311806478001735, 9.542965284016277749, -17.38422785931917858 ) ) ;
#2991 = ORIENTED_EDGE ( 'NONE', *, *, #3457, .F. ) ;
#2992 = DIRECTION ( 'NONE',  ( -2.891205793294676354E-16, 0.000000000000000000, -1.000000000000000000 ) ) ;
#2993 = EDGE_LOOP ( 'NONE', ( #128, #1166, #2330, #2991 ) ) ;
#2994 = ORIENTED_EDGE ( 'NONE', *, *, #540, .F. ) ;
#2995 = FACE_BOUND ( 'NONE', #1967, .T. ) ;
#2996 = CIRCLE ( 'NONE', #3413, 0.1999999999999987899 ) ;
#2997 = CARTESIAN_POINT ( 'NONE',  ( 11.99999999999998757, 0.5499999999999325428, -24.35564437074638278 ) ) ;
#2998 = EDGE_CURVE ( 'NONE', #1760, #1746, #2353, .T. ) ;
#2999 = ORIENTED_EDGE ( 'NONE', *, *, #3731, .T. ) ;
#3000 = CARTESIAN_POINT ( 'NONE',  ( -12.49999999999999645, -1.474000000000069033, -26.15564437074638349 ) ) ;
#3001 = FACE_BOUND ( 'NONE', #2203, .T. ) ;
#3002 = DIRECTION ( 'NONE',  ( 0.000000000000000000, 0.000000000000000000, 1.000000000000000000 ) ) ;
#3003 = ORIENTED_EDGE ( 'NONE', *, *, #889, .T. ) ;
#3004 = CARTESIAN_POINT ( 'NONE',  ( 9.999999999999998224, 9.799999999999929656, 20.15564437074637638 ) ) ;
#3005 = VERTEX_POINT ( 'NONE', #2498 ) ;
#3006 = ORIENTED_EDGE ( 'NONE', *, *, #1278, .F. ) ;
#3007 = CARTESIAN_POINT ( 'NONE',  ( 12.00000000000000178, 0.5499999999999264366, 24.83064437074637709 ) ) ;
#3008 = DIRECTION ( 'NONE',  ( 1.000000000000000000, 0.000000000000000000, -2.891205793294676354E-16 ) ) ;
#3009 = CARTESIAN_POINT ( 'NONE',  ( 13.12429721057666399, -2.974000000000072141, 24.65564437074637638 ) ) ;
#3010 = EDGE_LOOP ( 'NONE', ( #420, #892, #2725, #2717 ) ) ;
#3011 = DIRECTION ( 'NONE',  ( 0.000000000000000000, 0.000000000000000000, -1.000000000000000000 ) ) ;
#3012 = ADVANCED_FACE ( 'NONE', ( #1423 ), #3105, .F. ) ;
#3013 = CYLINDRICAL_SURFACE ( 'NONE', #1401, 0.4749999999999997558 ) ;
#3014 = ORIENTED_EDGE ( 'NONE', *, *, #744, .F. ) ;
#3015 = PLANE ( 'NONE',  #3271 ) ;
#3016 = CARTESIAN_POINT ( 'NONE',  ( -19.31591823177373257, 9.799999999999926104, -11.53886055308023906 ) ) ;
#3017 = PLANE ( 'NONE',  #3533 ) ;
#3018 = ORIENTED_EDGE ( 'NONE', *, *, #2158, .F. ) ;
#3019 = EDGE_CURVE ( 'NONE', #3216, #1025, #2268, .T. ) ;
#3020 = EDGE_CURVE ( 'NONE', #277, #1190, #3208, .T. ) ;
#3021 = DIRECTION ( 'NONE',  ( 0.000000000000000000, 1.000000000000000000, 0.000000000000000000 ) ) ;
#3022 = ORIENTED_EDGE ( 'NONE', *, *, #793, .F. ) ;
#3023 = ORIENTED_EDGE ( 'NONE', *, *, #157, .F. ) ;
#3024 = DIRECTION ( 'NONE',  ( 0.000000000000000000, 0.000000000000000000, -1.000000000000000000 ) ) ;
#3025 = DIRECTION ( 'NONE',  ( 0.000000000000000000, 0.000000000000000000, -1.000000000000000000 ) ) ;
#3026 = DIRECTION ( 'NONE',  ( 0.000000000000000000, 1.000000000000000000, -0.000000000000000000 ) ) ;
#3027 = ORIENTED_EDGE ( 'NONE', *, *, #3184, .F. ) ;
#3028 = VECTOR ( 'NONE', #3132, 1000.000000000000000 ) ;
#3029 = AXIS2_PLACEMENT_3D ( 'NONE', #2601, #2329, #2639 ) ;
#3030 = EDGE_LOOP ( 'NONE', ( #3209, #2636, #263, #779 ) ) ;
#3031 = DIRECTION ( 'NONE',  ( 0.4031531783023043491, 0.000000000000000000, 0.9151325121668174578 ) ) ;
#3032 = DIRECTION ( 'NONE',  ( 0.000000000000000000, 0.000000000000000000, 1.000000000000000000 ) ) ;
#3033 = CARTESIAN_POINT ( 'NONE',  ( 14.30311806478001735, 9.542965284016277749, 17.38422785931917858 ) ) ;
#3034 = ORIENTED_EDGE ( 'NONE', *, *, #2456, .F. ) ;
#3035 = VECTOR ( 'NONE', #1951, 1000.000000000000000 ) ;
#3036 = CARTESIAN_POINT ( 'NONE',  ( 0.000000000000000000, 9.824999999999972644, 0.000000000000000000 ) ) ;
#3037 = AXIS2_PLACEMENT_3D ( 'NONE', #734, #3352, #1340 ) ;
#3038 = CYLINDRICAL_SURFACE ( 'NONE', #1079, 19.50000000000000355 ) ;
#3039 = CARTESIAN_POINT ( 'NONE',  ( 0.000000000000000000, 9.799999999999926104, 0.000000000000000000 ) ) ;
#3040 = AXIS2_PLACEMENT_3D ( 'NONE', #828, #506, #1395 ) ;
#3041 = EDGE_LOOP ( 'NONE', ( #1388, #173, #1247, #3353 ) ) ;
#3042 = EDGE_CURVE ( 'NONE', #1230, #3713, #3411, .T. ) ;
#3043 = EDGE_CURVE ( 'NONE', #1383, #207, #1702, .T. ) ;
#3044 = VECTOR ( 'NONE', #1670, 1000.000000000000114 ) ;
#3045 = DIRECTION ( 'NONE',  ( 0.000000000000000000, -0.000000000000000000, -1.000000000000000000 ) ) ;
#3046 = ORIENTED_EDGE ( 'NONE', *, *, #2561, .T. ) ;
#3047 = VERTEX_POINT ( 'NONE', #3694 ) ;
#3048 =( BOUNDED_CURVE ( )  B_SPLINE_CURVE ( 3, ( #1007, #2427, #1353, #3009 ),
 .UNSPECIFIED., .F., .F. ) 
 B_SPLINE_CURVE_WITH_KNOTS ( ( 4, 4 ),
 ( 3.141592653589791784, 4.712388980384691450 ),
 .UNSPECIFIED. ) 
 CURVE ( )  GEOMETRIC_REPRESENTATION_ITEM ( )  RATIONAL_B_SPLINE_CURVE ( ( 1.000000000000000000, 0.8047378541243643824, 0.8047378541243643824, 1.000000000000000000 ) ) 
 REPRESENTATION_ITEM ( '' )  );
#3049 = PLANE ( 'NONE',  #1471 ) ;
#3050 = CARTESIAN_POINT ( 'NONE',  ( 12.59048283055161122, 11.26805167004154740, 14.89059240237222603 ) ) ;
#3051 = DIRECTION ( 'NONE',  ( 0.000000000000000000, 0.000000000000000000, 1.000000000000000000 ) ) ;
#3052 = ORIENTED_EDGE ( 'NONE', *, *, #307, .T. ) ;
#3053 = ORIENTED_EDGE ( 'NONE', *, *, #1505, .T. ) ;
#3054 = CARTESIAN_POINT ( 'NONE',  ( -12.13064373469592994, 9.900000000000035882, 15.26753033669436022 ) ) ;
#3055 = DIRECTION ( 'NONE',  ( -0.3215164798707810800, 0.000000000000000000, -0.9469039830793308798 ) ) ;
#3056 = ORIENTED_EDGE ( 'NONE', *, *, #483, .T. ) ;
#3057 = VECTOR ( 'NONE', #1680, 1000.000000000000000 ) ;
#3058 = DIRECTION ( 'NONE',  ( -1.000000000000000000, -0.000000000000000000, -0.000000000000000000 ) ) ;
#3059 = CARTESIAN_POINT ( 'NONE',  ( 12.00000000000000178, 0.5499999999999264366, 24.83064437074637709 ) ) ;
#3060 = AXIS2_PLACEMENT_3D ( 'NONE', #592, #3477, #1445 ) ;
#3061 = CARTESIAN_POINT ( 'NONE',  ( 11.99999999999998757, 0.5499999999999325428, -23.88064437074638491 ) ) ;
#3062 = ORIENTED_EDGE ( 'NONE', *, *, #3374, .F. ) ;
#3063 = CARTESIAN_POINT ( 'NONE',  ( 10.00000000000000355, -2.974000000000072141, -24.65564437074637993 ) ) ;
#3064 = DIRECTION ( 'NONE',  ( 0.000000000000000000, -1.000000000000000000, 0.000000000000000000 ) ) ;
#3065 = ORIENTED_EDGE ( 'NONE', *, *, #793, .T. ) ;
#3066 = EDGE_LOOP ( 'NONE', ( #1071, #2737, #3056 ) ) ;
#3067 = DIRECTION ( 'NONE',  ( 0.000000000000000000, 0.000000000000000000, -1.000000000000000000 ) ) ;
#3068 = CARTESIAN_POINT ( 'NONE',  ( 5.220250743006501471E-12, 11.82499999999997264, -17.98499999999725318 ) ) ;
#3069 = ORIENTED_EDGE ( 'NONE', *, *, #2066, .T. ) ;
#3070 = CARTESIAN_POINT ( 'NONE',  ( 8.038092722406085855, 11.34999999999997300, 19.02173299715788346 ) ) ;
#3071 = EDGE_LOOP ( 'NONE', ( #1389, #336, #2679 ) ) ;
#3072 = LINE ( 'NONE', #487, #2115 ) ;
#3073 = FACE_OUTER_BOUND ( 'NONE', #234, .T. ) ;
#3074 = EDGE_CURVE ( 'NONE', #3439, #2935, #1454, .T. ) ;
#3075 = AXIS2_PLACEMENT_3D ( 'NONE', #998, #3540, #924 ) ;
#3076 = ORIENTED_EDGE ( 'NONE', *, *, #1473, .F. ) ;
#3077 = EDGE_CURVE ( 'NONE', #3562, #1603, #74, .T. ) ;
#3078 = FACE_OUTER_BOUND ( 'NONE', #3343, .T. ) ;
#3079 = DIRECTION ( 'NONE',  ( 1.000000000000000000, 0.000000000000000000, -0.000000000000000000 ) ) ;
#3080 = CARTESIAN_POINT ( 'NONE',  ( 13.04306982025041783, 36.38267500856138525, 14.49580386401778220 ) ) ;
#3081 = EDGE_LOOP ( 'NONE', ( #137, #969, #2981 ) ) ;
#3082 = DIRECTION ( 'NONE',  ( -0.000000000000000000, -1.000000000000000000, -0.000000000000000000 ) ) ;
#3083 = EDGE_CURVE ( 'NONE', #1298, #750, #159, .T. ) ;
#3084 = VERTEX_POINT ( 'NONE', #819 ) ;
#3085 = LINE ( 'NONE', #480, #133 ) ;
#3086 = VERTEX_POINT ( 'NONE', #1623 ) ;
#3087 = CARTESIAN_POINT ( 'NONE',  ( -16.17957869874080146, 9.799999999999926104, -18.26476238673711450 ) ) ;
#3088 = ORIENTED_EDGE ( 'NONE', *, *, #3555, .T. ) ;
#3089 = DIRECTION ( 'NONE',  ( -1.000000000000000000, -0.000000000000000000, 8.673617379884034486E-16 ) ) ;
#3090 = CARTESIAN_POINT ( 'NONE',  ( -20.63924026080315599, 0.7999999999999275468, -8.959450957332267151 ) ) ;
#3091 = EDGE_CURVE ( 'NONE', #1012, #202, #3696, .T. ) ;
#3092 = PLANE ( 'NONE',  #3037 ) ;
#3093 = AXIS2_PLACEMENT_3D ( 'NONE', #2511, #1965, #1394 ) ;
#3094 = ORIENTED_EDGE ( 'NONE', *, *, #3469, .T. ) ;
#3095 = CIRCLE ( 'NONE', #417, 19.50000000000000355 ) ;
#3096 = CARTESIAN_POINT ( 'NONE',  ( 10.25000000000000355, 0.5499999999999325428, -24.35564437074638278 ) ) ;
#3097 = CIRCLE ( 'NONE', #2968, 22.50000000000000355 ) ;
#3098 = EDGE_CURVE ( 'NONE', #773, #3253, #2002, .T. ) ;
#3099 = CARTESIAN_POINT ( 'NONE',  ( -6.437785681113966874, 11.25999999999997314, 19.41540593894872657 ) ) ;
#3100 = AXIS2_PLACEMENT_3D ( 'NONE', #978, #2648, #2134 ) ;
#3101 = VECTOR ( 'NONE', #1308, 1000.000000000000114 ) ;
#3102 = DIRECTION ( 'NONE',  ( 0.000000000000000000, 0.000000000000000000, -1.000000000000000000 ) ) ;
#3103 = EDGE_CURVE ( 'NONE', #1357, #1887, #2872, .T. ) ;
#3104 = VERTEX_POINT ( 'NONE', #2560 ) ;
#3105 = TOROIDAL_SURFACE ( 'NONE', #907, 3.089999999999999858, 0.08999999999999999667 ) ;
#3106 = VECTOR ( 'NONE', #2524, 1000.000000000000000 ) ;
#3107 = ORIENTED_EDGE ( 'NONE', *, *, #1953, .T. ) ;
#3108 = DIRECTION ( 'NONE',  ( 0.3500778792871595546, 0.000000000000000000, -0.9367205978485820816 ) ) ;
#3109 = ADVANCED_FACE ( 'NONE', ( #3715 ), #1986, .F. ) ;
#3110 = VECTOR ( 'NONE', #876, 1000.000000000000000 ) ;
#3111 = DIRECTION ( 'NONE',  ( -0.3842467840676229152, 0.000000000000000000, -0.9232304202817894767 ) ) ;
#3112 = FACE_OUTER_BOUND ( 'NONE', #2314, .T. ) ;
#3113 = ORIENTED_EDGE ( 'NONE', *, *, #444, .F. ) ;
#3114 = CARTESIAN_POINT ( 'NONE',  ( -9.999999999999994671, 9.799999999999926104, 14.77086805989614149 ) ) ;
#3115 = EDGE_CURVE ( 'NONE', #2640, #3713, #854, .T. ) ;
#3116 = CARTESIAN_POINT ( 'NONE',  ( -13.54543027701340030, 36.38267500856138525, 13.96489683494791834 ) ) ;
#3117 = CARTESIAN_POINT ( 'NONE',  ( 0.000000000000000000, -3.200000000000072564, 14.77086805989612905 ) ) ;
#3118 = ORIENTED_EDGE ( 'NONE', *, *, #650, .F. ) ;
#3119 = CARTESIAN_POINT ( 'NONE',  ( 9.656014212262096663, -2.974000000000072141, 20.60908929367606035 ) ) ;
#3120 = FACE_OUTER_BOUND ( 'NONE', #266, .T. ) ;
#3121 = AXIS2_PLACEMENT_3D ( 'NONE', #1664, #2533, #792 ) ;
#3122 = FACE_OUTER_BOUND ( 'NONE', #1196, .T. ) ;
#3123 = VERTEX_POINT ( 'NONE', #3443 ) ;
#3124 = CARTESIAN_POINT ( 'NONE',  ( 0.000000000000000000, 0.04999999999992814359, 0.000000000000000000 ) ) ;
#3125 = CIRCLE ( 'NONE', #330, 13.00000000000000000 ) ;
#3126 = ADVANCED_FACE ( 'NONE', ( #2005 ), #8, .F. ) ;
#3127 = CARTESIAN_POINT ( 'NONE',  ( -18.30566896791331644, 3.549999999999928324, -8.658232131167169499 ) ) ;
#3128 = EDGE_LOOP ( 'NONE', ( #896, #2534, #500, #2073 ) ) ;
#3129 = CARTESIAN_POINT ( 'NONE',  ( 19.93310100931617868, 9.799999999999926104, -8.296119572172537815 ) ) ;
#3130 = DIRECTION ( 'NONE',  ( 0.000000000000000000, 0.000000000000000000, -1.000000000000000000 ) ) ;
#3131 = ORIENTED_EDGE ( 'NONE', *, *, #3248, .T. ) ;
#3132 = DIRECTION ( 'NONE',  ( 1.000000000000000000, 0.000000000000000000, -0.000000000000000000 ) ) ;
#3133 = CARTESIAN_POINT ( 'NONE',  ( 0.000000000000000000, -1.474000000000072585, -26.15564437074637993 ) ) ;
#3134 = CARTESIAN_POINT ( 'NONE',  ( 0.2958453560192104148, 74.98961030678925965, 19.40274466469435311 ) ) ;
#3135 = VERTEX_POINT ( 'NONE', #2885 ) ;
#3136 = EDGE_CURVE ( 'NONE', #769, #2642, #3516, .T. ) ;
#3137 = DIRECTION ( 'NONE',  ( 0.000000000000000000, 0.000000000000000000, -1.000000000000000000 ) ) ;
#3138 = FACE_OUTER_BOUND ( 'NONE', #105, .T. ) ;
#3139 = DIRECTION ( 'NONE',  ( -8.673617379884033500E-16, 0.000000000000000000, -1.000000000000000000 ) ) ;
#3140 = ORIENTED_EDGE ( 'NONE', *, *, #2001, .T. ) ;
#3141 = ORIENTED_EDGE ( 'NONE', *, *, #3374, .T. ) ;
#3142 = EDGE_CURVE ( 'NONE', #2046, #805, #1876, .T. ) ;
#3143 = EDGE_CURVE ( 'NONE', #189, #3648, #1434, .T. ) ;
#3144 = DIRECTION ( 'NONE',  ( -8.881784197001252323E-16, 0.000000000000000000, -1.000000000000000000 ) ) ;
#3145 = CARTESIAN_POINT ( 'NONE',  ( 12.50000000000000533, -1.474000000000069033, 26.15564437074637993 ) ) ;
#3146 = VERTEX_POINT ( 'NONE', #3494 ) ;
#3147 = DIRECTION ( 'NONE',  ( 0.4031531783023033499, 0.000000000000000000, 0.9151325121668179019 ) ) ;
#3148 = DIRECTION ( 'NONE',  ( 0.000000000000000000, -1.000000000000000000, 0.000000000000000000 ) ) ;
#3149 = VERTEX_POINT ( 'NONE', #2592 ) ;
#3150 = DIRECTION ( 'NONE',  ( 0.000000000000000000, 0.000000000000000000, 1.000000000000000000 ) ) ;
#3151 = DIRECTION ( 'NONE',  ( 0.3842467840676229707, 0.000000000000000000, -0.9232304202817893657 ) ) ;
#3152 = VECTOR ( 'NONE', #2392, 1000.000000000000114 ) ;
#3153 = LINE ( 'NONE', #3415, #3044 ) ;
#3154 = CARTESIAN_POINT ( 'NONE',  ( 6.980079899971487478, 11.25999999999997847, 16.15045995762239528 ) ) ;
#3155 = CIRCLE ( 'NONE', #1994, 1.500000000000001332 ) ;
#3156 = AXIS2_PLACEMENT_3D ( 'NONE', #621, #3171, #583 ) ;
#3157 = AXIS2_PLACEMENT_3D ( 'NONE', #3119, #1704, #534 ) ;
#3158 = ORIENTED_EDGE ( 'NONE', *, *, #2288, .F. ) ;
#3159 = VECTOR ( 'NONE', #1082, 1000.000000000000000 ) ;
#3160 = ADVANCED_FACE ( 'NONE', ( #1470 ), #1818, .F. ) ;
#3161 = CARTESIAN_POINT ( 'NONE',  ( -6.436413556298620442, 74.98961030678925965, 19.50539547874914703 ) ) ;
#3162 = DIRECTION ( 'NONE',  ( -0.7071067811865369146, 0.000000000000000000, 0.7071067811865581199 ) ) ;
#3163 = ORIENTED_EDGE ( 'NONE', *, *, #1478, .F. ) ;
#3164 = LINE ( 'NONE', #864, #3236 ) ;
#3165 = DIRECTION ( 'NONE',  ( 0.000000000000000000, 0.000000000000000000, 1.000000000000000000 ) ) ;
#3166 = AXIS2_PLACEMENT_3D ( 'NONE', #1, #1483, #2014 ) ;
#3167 = AXIS2_PLACEMENT_3D ( 'NONE', #232, #1381, #776 ) ;
#3168 = ORIENTED_EDGE ( 'NONE', *, *, #1552, .F. ) ;
#3169 = CIRCLE ( 'NONE', #2423, 20.25000000000000355 ) ;
#3170 = DIRECTION ( 'NONE',  ( 0.000000000000000000, 1.000000000000000000, -0.000000000000000000 ) ) ;
#3171 = DIRECTION ( 'NONE',  ( -0.9292098846067154971, 0.000000000000000000, -0.3695524189464526876 ) ) ;
#3172 = DIRECTION ( 'NONE',  ( -0.000000000000000000, -1.000000000000000000, -0.000000000000000000 ) ) ;
#3173 = AXIS2_PLACEMENT_3D ( 'NONE', #2927, #2040, #887 ) ;
#3174 = ORIENTED_EDGE ( 'NONE', *, *, #2026, .T. ) ;
#3175 = EDGE_CURVE ( 'NONE', #622, #1998, #2036, .T. ) ;
#3176 = DIRECTION ( 'NONE',  ( 0.9064578082128001979, 0.000000000000000000, -0.4222963910928513309 ) ) ;
#3177 = VERTEX_POINT ( 'NONE', #867 ) ;
#3178 = CARTESIAN_POINT ( 'NONE',  ( 13.65441362079806353, 10.15000000000000568, 13.79371445745431224 ) ) ;
#3179 = ORIENTED_EDGE ( 'NONE', *, *, #32, .T. ) ;
#3180 = CARTESIAN_POINT ( 'NONE',  ( 0.000000000000000000, 11.25999999999997314, 0.000000000000000000 ) ) ;
#3181 = CARTESIAN_POINT ( 'NONE',  ( 6.980079899886444394, 11.25000000000000000, 16.15045995767501807 ) ) ;
#3182 = EDGE_LOOP ( 'NONE', ( #211, #3179, #1585, #3487, #2702, #1018 ) ) ;
#3183 = CARTESIAN_POINT ( 'NONE',  ( 13.04306982025041250, -2.974000000000072141, 14.49580386401778931 ) ) ;
#3184 = EDGE_CURVE ( 'NONE', #2287, #3123, #1182, .T. ) ;
#3185 = LINE ( 'NONE', #597, #2665 ) ;
#3186 = EDGE_CURVE ( 'NONE', #2625, #90, #134, .T. ) ;
#3187 = CARTESIAN_POINT ( 'NONE',  ( 13.55587378748700544, 0.000000000000000000, 5.391253399353292508 ) ) ;
#3188 = DIRECTION ( 'NONE',  ( -0.000000000000000000, -1.000000000000000000, -0.000000000000000000 ) ) ;
#3189 = DIRECTION ( 'NONE',  ( -2.891205793294676354E-16, 0.000000000000000000, -1.000000000000000000 ) ) ;
#3190 = ORIENTED_EDGE ( 'NONE', *, *, #381, .T. ) ;
#3191 = CARTESIAN_POINT ( 'NONE',  ( -12.13666103145721387, 11.27271529481763501, 15.26169378274794575 ) ) ;
#3192 = EDGE_CURVE ( 'NONE', #2372, #537, #2056, .T. ) ;
#3193 = VERTEX_POINT ( 'NONE', #1197 ) ;
#3194 = CARTESIAN_POINT ( 'NONE',  ( 0.000000000000000000, 10.00000000000000000, 0.000000000000000000 ) ) ;
#3195 = ORIENTED_EDGE ( 'NONE', *, *, #1418, .T. ) ;
#3196 = CARTESIAN_POINT ( 'NONE',  ( -13.42788692071547985, -2.974000000000072141, 5.915531595694808686 ) ) ;
#3197 = CARTESIAN_POINT ( 'NONE',  ( 11.99999999999998757, 0.5499999999999325428, -24.35564437074638278 ) ) ;
#3198 = ORIENTED_EDGE ( 'NONE', *, *, #3680, .T. ) ;
#3199 = DIRECTION ( 'NONE',  ( 0.000000000000000000, 0.000000000000000000, 1.000000000000000000 ) ) ;
#3200 = DIRECTION ( 'NONE',  ( -0.000000000000000000, -1.000000000000000000, -0.000000000000000000 ) ) ;
#3201 = FACE_OUTER_BOUND ( 'NONE', #347, .T. ) ;
#3202 = CARTESIAN_POINT ( 'NONE',  ( -18.62577703540877749, 3.549999999999928324, -7.946252565029581660 ) ) ;
#3203 = CARTESIAN_POINT ( 'NONE',  ( -8.712419260641604879, 11.25000000000000000, 18.65273767788729842 ) ) ;
#3204 = VECTOR ( 'NONE', #830, 999.9999999999998863 ) ;
#3205 = ADVANCED_FACE ( 'NONE', ( #3219 ), #2020, .T. ) ;
#3206 = VERTEX_POINT ( 'NONE', #3183 ) ;
#3207 = CARTESIAN_POINT ( 'NONE',  ( -12.47873232267121679, 11.33737142224768490, 14.92989735922245309 ) ) ;
#3208 = CIRCLE ( 'NONE', #3505, 19.40500000002931458 ) ;
#3209 = ORIENTED_EDGE ( 'NONE', *, *, #2022, .F. ) ;
#3210 = VECTOR ( 'NONE', #2080, 1000.000000000000000 ) ;
#3211 = CARTESIAN_POINT ( 'NONE',  ( -19.18041321313021541, 3.549999999999928324, 3.515927896527460739 ) ) ;
#3212 = ORIENTED_EDGE ( 'NONE', *, *, #2884, .T. ) ;
#3213 = ADVANCED_FACE ( 'NONE', ( #2355 ), #1772, .F. ) ;
#3214 = CIRCLE ( 'NONE', #2606, 19.41000000000000369 ) ;
#3215 = DIRECTION ( 'NONE',  ( -1.000000000000000000, -0.000000000000000000, -0.000000000000000000 ) ) ;
#3216 = VERTEX_POINT ( 'NONE', #2077 ) ;
#3217 = VECTOR ( 'NONE', #1063, 1000.000000000000114 ) ;
#3218 = EDGE_CURVE ( 'NONE', #3581, #3086, #568, .T. ) ;
#3219 = FACE_OUTER_BOUND ( 'NONE', #1034, .T. ) ;
#3220 = DIRECTION ( 'NONE',  ( -0.000000000000000000, -1.000000000000000000, -0.000000000000000000 ) ) ;
#3221 = DIRECTION ( 'NONE',  ( 0.000000000000000000, 0.000000000000000000, -1.000000000000000000 ) ) ;
#3222 = AXIS2_PLACEMENT_3D ( 'NONE', #2340, #3224, #923 ) ;
#3223 = ORIENTED_EDGE ( 'NONE', *, *, #3646, .T. ) ;
#3224 = DIRECTION ( 'NONE',  ( -0.000000000000000000, 1.000000000000000000, -0.000000000000000000 ) ) ;
#3225 = DIRECTION ( 'NONE',  ( -6.234162491791945530E-15, 0.000000000000000000, -1.000000000000000000 ) ) ;
#3226 = CARTESIAN_POINT ( 'NONE',  ( 0.000000000000000000, 2.799999999999927880, 0.000000000000000000 ) ) ;
#3227 = VERTEX_POINT ( 'NONE', #1734 ) ;
#3228 = EDGE_CURVE ( 'NONE', #2935, #24, #2733, .T. ) ;
#3229 = ADVANCED_FACE ( 'NONE', ( #1489 ), #1754, .T. ) ;
#3230 = PLANE ( 'NONE',  #1693 ) ;
#3231 = CIRCLE ( 'NONE', #3121, 0.4749999999999997558 ) ;
#3232 = EDGE_LOOP ( 'NONE', ( #2250, #2629, #3022, #35 ) ) ;
#3233 = CYLINDRICAL_SURFACE ( 'NONE', #2558, 1.500000000000001332 ) ;
#3234 = VERTEX_POINT ( 'NONE', #636 ) ;
#3235 = CARTESIAN_POINT ( 'NONE',  ( 12.00000000000000178, 0.5499999999999264366, 24.35564437074637567 ) ) ;
#3236 = VECTOR ( 'NONE', #1130, 1000.000000000000000 ) ;
#3237 = ORIENTED_EDGE ( 'NONE', *, *, #3714, .T. ) ;
#3238 = DIRECTION ( 'NONE',  ( -0.000000000000000000, -1.000000000000000000, 0.000000000000000000 ) ) ;
#3239 =( NAMED_UNIT ( * ) PLANE_ANGLE_UNIT ( ) SI_UNIT ( $, .RADIAN. ) );
#3240 = CARTESIAN_POINT ( 'NONE',  ( 17.49999999999999645, 9.799999999999926104, -14.14213562373095634 ) ) ;
#3241 = VERTEX_POINT ( 'NONE', #1791 ) ;
#3242 = CARTESIAN_POINT ( 'NONE',  ( -7.508956501097037162, 11.30529604836629609, 19.32212912049509868 ) ) ;
#3243 = CARTESIAN_POINT ( 'NONE',  ( 9.277055991985228900, 36.38267500856138525, 18.37844129339694987 ) ) ;
#3244 = DIRECTION ( 'NONE',  ( -0.7071067811865369146, 8.659560562355062281E-17, -0.7071067811865581199 ) ) ;
#3245 = ORIENTED_EDGE ( 'NONE', *, *, #2807, .T. ) ;
#3246 = AXIS2_PLACEMENT_3D ( 'NONE', #1873, #435, #1587 ) ;
#3247 = DIRECTION ( 'NONE',  ( 0.000000000000000000, 0.000000000000000000, -1.000000000000000000 ) ) ;
#3248 = EDGE_CURVE ( 'NONE', #662, #1230, #3701, .T. ) ;
#3249 = CARTESIAN_POINT ( 'NONE',  ( 0.000000000000000000, 9.799999999999926104, 26.15564437074637993 ) ) ;
#3250 = ORIENTED_EDGE ( 'NONE', *, *, #2459, .F. ) ;
#3251 = CARTESIAN_POINT ( 'NONE',  ( 8.286763934086796013, 11.34999999999997300, 18.39646920218777026 ) ) ;
#3252 = EDGE_CURVE ( 'NONE', #674, #20, #3263, .T. ) ;
#3253 = VERTEX_POINT ( 'NONE', #2749 ) ;
#3254 = CARTESIAN_POINT ( 'NONE',  ( 15.78417040773772051, 9.799999999999926104, -18.26476238673711094 ) ) ;
#3255 = CARTESIAN_POINT ( 'NONE',  ( -13.51061806840691659, 11.34999999999997122, 13.92900658377336853 ) ) ;
#3256 = CARTESIAN_POINT ( 'NONE',  ( 7.535780628892249311, 0.000000000000000000, 20.52829426940657598 ) ) ;
#3257 = CARTESIAN_POINT ( 'NONE',  ( 13.96489683493073564, -2.974000000000072141, 13.54543027703088143 ) ) ;
#3258 = CARTESIAN_POINT ( 'NONE',  ( -12.49999999999999645, -2.352679656440426204, 26.15564437074638349 ) ) ;
#3259 = DIRECTION ( 'NONE',  ( -0.000000000000000000, -1.000000000000000000, -0.000000000000000000 ) ) ;
#3260 = CARTESIAN_POINT ( 'NONE',  ( -9.012038728212507621, -2.974000000000072141, 20.90012448714078275 ) ) ;
#3261 = ORIENTED_EDGE ( 'NONE', *, *, #650, .T. ) ;
#3262 = CARTESIAN_POINT ( 'NONE',  ( -12.21147631408769207, 11.30332690001730001, 15.18912574257789849 ) ) ;
#3263 = CIRCLE ( 'NONE', #2723, 22.50000000000000355 ) ;
#3264 = EDGE_LOOP ( 'NONE', ( #2448, #522, #635, #1333 ) ) ;
#3265 = ADVANCED_BREP_SHAPE_REPRESENTATION ( 'Watch Body', ( #1504, #2411 ), #1023 ) ;
#3266 = DIRECTION ( 'NONE',  ( 0.000000000000000000, -1.000000000000000000, 0.000000000000000000 ) ) ;
#3267 = ORIENTED_EDGE ( 'NONE', *, *, #1508, .T. ) ;
#3268 = EDGE_CURVE ( 'NONE', #354, #773, #2726, .T. ) ;
#3269 = ORIENTED_EDGE ( 'NONE', *, *, #1895, .F. ) ;
#3270 = VECTOR ( 'NONE', #3364, 1000.000000000000114 ) ;
#3271 = AXIS2_PLACEMENT_3D ( 'NONE', #3310, #3597, #1872 ) ;
#3272 = CARTESIAN_POINT ( 'NONE',  ( 9.999999999999982236, 9.799999999999926104, -8.673617379884018117E-15 ) ) ;
#3273 = PLANE ( 'NONE',  #1115 ) ;
#3274 = CARTESIAN_POINT ( 'NONE',  ( 0.000000000000000000, 75.46461030678925397, 0.000000000000000000 ) ) ;
#3275 = VECTOR ( 'NONE', #2214, 1000.000000000000000 ) ;
#3276 = DIRECTION ( 'NONE',  ( -1.000000000000000000, -0.000000000000000000, 0.000000000000000000 ) ) ;
#3277 = DIRECTION ( 'NONE',  ( -0.6962441674134027814, 0.000000000000000000, 0.7178050287806693186 ) ) ;
#3278 = CIRCLE ( 'NONE', #3040, 19.50000000000000355 ) ;
#3279 = DIRECTION ( 'NONE',  ( 0.000000000000000000, 0.000000000000000000, 1.000000000000000000 ) ) ;
#3280 = ORIENTED_EDGE ( 'NONE', *, *, #123, .F. ) ;
#3281 = CARTESIAN_POINT ( 'NONE',  ( -13.34552499462046704, 11.25999999999997314, 5.879247809647602629 ) ) ;
#3282 = ORIENTED_EDGE ( 'NONE', *, *, #3292, .T. ) ;
#3283 = EDGE_LOOP ( 'NONE', ( #603, #3052, #735, #2332 ) ) ;
#3284 = DIRECTION ( 'NONE',  ( 0.000000000000000000, 0.000000000000000000, -1.000000000000000000 ) ) ;
#3285 = ORIENTED_EDGE ( 'NONE', *, *, #953, .F. ) ;
#3286 = ORIENTED_EDGE ( 'NONE', *, *, #1206, .T. ) ;
#3287 = LINE ( 'NONE', #375, #187 ) ;
#3288 = CIRCLE ( 'NONE', #153, 22.50000000000000355 ) ;
#3289 = CARTESIAN_POINT ( 'NONE',  ( -10.24999999999999645, 0.5499999999999325428, -24.83064437074637709 ) ) ;
#3290 = ORIENTED_EDGE ( 'NONE', *, *, #1291, .F. ) ;
#3291 = CARTESIAN_POINT ( 'NONE',  ( -12.49999999999999645, 9.799999999999926104, -26.15564437074638349 ) ) ;
#3292 = EDGE_CURVE ( 'NONE', #1495, #2741, #3095, .T. ) ;
#3293 = EDGE_CURVE ( 'NONE', #1976, #2196, #1808, .T. ) ;
#3294 = CARTESIAN_POINT ( 'NONE',  ( 0.000000000000000000, 36.38267500856138525, 0.000000000000000000 ) ) ;
#3295 = VECTOR ( 'NONE', #240, 1000.000000000000000 ) ;
#3296 = CARTESIAN_POINT ( 'NONE',  ( -10.00000000000000000, -3.200000000000072564, -14.77086805989612905 ) ) ;
#3297 = EDGE_CURVE ( 'NONE', #2602, #610, #114, .T. ) ;
#3298 = ORIENTED_EDGE ( 'NONE', *, *, #65, .F. ) ;
#3299 = LINE ( 'NONE', #3557, #661 ) ;
#3300 = VERTEX_POINT ( 'NONE', #2430 ) ;
#3301 = ORIENTED_EDGE ( 'NONE', *, *, #2508, .F. ) ;
#3302 =( LENGTH_UNIT ( ) NAMED_UNIT ( * ) SI_UNIT ( .MILLI., .METRE. ) );
#3303 = CARTESIAN_POINT ( 'NONE',  ( 12.61123346958437175, 11.28287131276712429, 14.86919917030614435 ) ) ;
#3304 = DIRECTION ( 'NONE',  ( -0.000000000000000000, 1.000000000000000000, -0.000000000000000000 ) ) ;
#3305 = ORIENTED_EDGE ( 'NONE', *, *, #1979, .F. ) ;
#3306 = DIRECTION ( 'NONE',  ( -0.000000000000000000, 1.000000000000000000, -0.000000000000000000 ) ) ;
#3307 = DIRECTION ( 'NONE',  ( 0.000000000000000000, 1.000000000000000000, 0.000000000000000000 ) ) ;
#3308 = ORIENTED_EDGE ( 'NONE', *, *, #3020, .T. ) ;
#3309 = EDGE_CURVE ( 'NONE', #1484, #3253, #3287, .T. ) ;
#3310 = CARTESIAN_POINT ( 'NONE',  ( 11.99999999999998757, 0.5499999999999325428, -24.35564437074638278 ) ) ;
#3311 = ADVANCED_FACE ( 'NONE', ( #694, #2707 ), #2976, .F. ) ;
#3312 = DIRECTION ( 'NONE',  ( 0.000000000000000000, 0.000000000000000000, -1.000000000000000000 ) ) ;
#3313 = DIRECTION ( 'NONE',  ( 0.000000000000000000, 1.000000000000000000, -0.000000000000000000 ) ) ;
#3314 = ORIENTED_EDGE ( 'NONE', *, *, #307, .F. ) ;
#3315 = DIRECTION ( 'NONE',  ( 0.000000000000000000, -1.000000000000000000, 0.000000000000000000 ) ) ;
#3316 = EDGE_CURVE ( 'NONE', #3348, #3193, #3572, .T. ) ;
#3317 = EDGE_LOOP ( 'NONE', ( #409, #364, #928 ) ) ;
#3318 = ORIENTED_EDGE ( 'NONE', *, *, #2874, .F. ) ;
#3319 = DIRECTION ( 'NONE',  ( 0.000000000000000000, 0.000000000000000000, -1.000000000000000000 ) ) ;
#3320 = TOROIDAL_SURFACE ( 'NONE', #3093, 19.41000000000000369, 0.08999999999999999667 ) ;
#3321 = CARTESIAN_POINT ( 'NONE',  ( 13.29357359338712108, 10.12106578026699388, 14.16572875701128531 ) ) ;
#3322 = CARTESIAN_POINT ( 'NONE',  ( -0.6436645579237758596, 2.799999999999927880, -1.895668097355308834 ) ) ;
#3323 = EDGE_LOOP ( 'NONE', ( #3650, #3400, #1787, #1372 ) ) ;
#3324 = AXIS2_PLACEMENT_3D ( 'NONE', #1741, #91, #1212 ) ;
#3325 = VERTEX_POINT ( 'NONE', #977 ) ;
#3326 = DIRECTION ( 'NONE',  ( 0.000000000000000000, 0.000000000000000000, 1.000000000000000000 ) ) ;
#3327 = DIRECTION ( 'NONE',  ( 0.000000000000000000, 0.000000000000000000, 1.000000000000000000 ) ) ;
#3328 = VECTOR ( 'NONE', #1775, 1000.000000000000000 ) ;
#3329 = EDGE_LOOP ( 'NONE', ( #2470, #700, #2523, #1315 ) ) ;
#3330 = AXIS2_PLACEMENT_3D ( 'NONE', #1207, #1156, #3468 ) ;
#3331 = LINE ( 'NONE', #1316, #2252 ) ;
#3332 = AXIS2_PLACEMENT_3D ( 'NONE', #1892, #697, #2120 ) ;
#3333 = DIRECTION ( 'NONE',  ( 0.000000000000000000, 1.000000000000000000, 0.000000000000000000 ) ) ;
#3334 = VECTOR ( 'NONE', #3674, 1000.000000000000114 ) ;
#3335 = DIRECTION ( 'NONE',  ( 1.000000000000000000, 0.000000000000000000, 0.000000000000000000 ) ) ;
#3336 = VECTOR ( 'NONE', #751, 1000.000000000000114 ) ;
#3337 = PLANE ( 'NONE',  #2255 ) ;
#3338 = ORIENTED_EDGE ( 'NONE', *, *, #1319, .T. ) ;
#3339 = PLANE ( 'NONE',  #2670 ) ;
#3340 = CIRCLE ( 'NONE', #1104, 1.500000000000001332 ) ;
#3341 = CARTESIAN_POINT ( 'NONE',  ( 13.12429721057666399, -2.974000000000072141, 24.65564437074637638 ) ) ;
#3342 = ORIENTED_EDGE ( 'NONE', *, *, #1894, .T. ) ;
#3343 = EDGE_LOOP ( 'NONE', ( #1732, #2869, #1294, #57, #2345, #407, #1322 ) ) ;
#3344 = DIRECTION ( 'NONE',  ( 0.000000000000000000, -1.000000000000000000, 0.000000000000000000 ) ) ;
#3345 = ADVANCED_FACE ( 'NONE', ( #2133, #1850, #2995 ), #3611, .F. ) ;
#3346 = LINE ( 'NONE', #167, #1151 ) ;
#3347 = EDGE_CURVE ( 'NONE', #750, #2232, #1199, .T. ) ;
#3348 = VERTEX_POINT ( 'NONE', #2168 ) ;
#3349 = PLANE ( 'NONE',  #2192 ) ;
#3350 = ORIENTED_EDGE ( 'NONE', *, *, #2169, .T. ) ;
#3351 = LINE ( 'NONE', #1377, #482 ) ;
#3352 = DIRECTION ( 'NONE',  ( 0.000000000000000000, -0.7071067811865461294, -0.7071067811865490160 ) ) ;
#3353 = ORIENTED_EDGE ( 'NONE', *, *, #774, .T. ) ;
#3354 = AXIS2_PLACEMENT_3D ( 'NONE', #3116, #509, #1969 ) ;
#3355 = LINE ( 'NONE', #139, #1398 ) ;
#3356 = FACE_OUTER_BOUND ( 'NONE', #861, .T. ) ;
#3357 = EDGE_CURVE ( 'NONE', #207, #1383, #67, .T. ) ;
#3358 = DIRECTION ( 'NONE',  ( 0.000000000000000000, 1.000000000000000000, 0.000000000000000000 ) ) ;
#3359 = ORIENTED_EDGE ( 'NONE', *, *, #2053, .T. ) ;
#3360 = DIRECTION ( 'NONE',  ( 1.000000000000000000, 0.000000000000000000, -2.891205793294676354E-16 ) ) ;
#3361 = DIRECTION ( 'NONE',  ( 0.000000000000000000, 1.000000000000000000, -0.000000000000000000 ) ) ;
#3362 = ORIENTED_EDGE ( 'NONE', *, *, #3512, .T. ) ;
#3363 = DIRECTION ( 'NONE',  ( 0.000000000000000000, -1.000000000000000000, 0.000000000000000000 ) ) ;
#3364 = DIRECTION ( 'NONE',  ( 0.7071067811865442421, 8.659560562354972301E-17, 0.7071067811865507924 ) ) ;
#3365 = VERTEX_POINT ( 'NONE', #135 ) ;
#3366 = EDGE_CURVE ( 'NONE', #457, #1412, #1275, .T. ) ;
#3367 = DIRECTION ( 'NONE',  ( 0.000000000000000000, -0.000000000000000000, -1.000000000000000000 ) ) ;
#3368 = VERTEX_POINT ( 'NONE', #992 ) ;
#3369 = CARTESIAN_POINT ( 'NONE',  ( 0.000000000000000000, 9.900000000000035882, -19.50000000000000355 ) ) ;
#3370 = FACE_BOUND ( 'NONE', #1351, .T. ) ;
#3371 = EDGE_LOOP ( 'NONE', ( #3421, #2728 ) ) ;
#3372 = DIRECTION ( 'NONE',  ( 0.000000000000000000, 0.000000000000000000, 1.000000000000000000 ) ) ;
#3373 = DIRECTION ( 'NONE',  ( 0.000000000000000000, 0.000000000000000000, 1.000000000000000000 ) ) ;
#3374 = EDGE_CURVE ( 'NONE', #2497, #2227, #2152, .T. ) ;
#3375 = CARTESIAN_POINT ( 'NONE',  ( 6.980079899971487478, 11.34999999999997300, 16.15045995762239528 ) ) ;
#3376 = EDGE_LOOP ( 'NONE', ( #474, #812 ) ) ;
#3377 = ADVANCED_FACE ( 'NONE', ( #429 ), #98, .T. ) ;
#3378 = ORIENTED_EDGE ( 'NONE', *, *, #3228, .T. ) ;
#3379 = FACE_OUTER_BOUND ( 'NONE', #1827, .T. ) ;
#3380 = FACE_OUTER_BOUND ( 'NONE', #1710, .T. ) ;
#3381 = DIRECTION ( 'NONE',  ( 0.9836109340066773177, 0.000000000000000000, -0.1803039946937170235 ) ) ;
#3382 = CARTESIAN_POINT ( 'NONE',  ( -18.55232424079347808, 0.7999999999999279909, 8.116265475233481297 ) ) ;
#3383 = ORIENTED_EDGE ( 'NONE', *, *, #3499, .F. ) ;
#3384 = CARTESIAN_POINT ( 'NONE',  ( 11.99999999999998757, 0.5499999999999325428, -24.35564437074638278 ) ) ;
#3385 = CARTESIAN_POINT ( 'NONE',  ( 12.59048283055160766, 74.98961030678925965, 14.89059240237222070 ) ) ;
#3386 = CYLINDRICAL_SURFACE ( 'NONE', #2920, 13.00000000000000000 ) ;
#3387 = CIRCLE ( 'NONE', #785, 22.50000000000000355 ) ;
#3388 = ORIENTED_EDGE ( 'NONE', *, *, #1154, .F. ) ;
#3389 = CARTESIAN_POINT ( 'NONE',  ( 11.15802247752154663, 11.25999999999997314, 19.53838617673230615 ) ) ;
#3390 = EDGE_CURVE ( 'NONE', #2109, #1341, #1000, .T. ) ;
#3391 = DIRECTION ( 'NONE',  ( 0.6962441673994337332, 0.000000000000000000, -0.7178050287942189245 ) ) ;
#3392 = VECTOR ( 'NONE', #870, 1000.000000000000000 ) ;
#3393 = CIRCLE ( 'NONE', #607, 0.4749999999999997558 ) ;
#3394 = DIRECTION ( 'NONE',  ( -0.000000000000000000, -1.000000000000000000, -0.000000000000000000 ) ) ;
#3395 = ORIENTED_EDGE ( 'NONE', *, *, #3414, .F. ) ;
#3396 = AXIS2_PLACEMENT_3D ( 'NONE', #2899, #3238, #3199 ) ;
#3397 = DIRECTION ( 'NONE',  ( 1.000000000000000000, 0.000000000000000000, 0.000000000000000000 ) ) ;
#3398 = CIRCLE ( 'NONE', #3703, 20.25000000000000355 ) ;
#3399 = VECTOR ( 'NONE', #1796, 1000.000000000000000 ) ;
#3400 = ORIENTED_EDGE ( 'NONE', *, *, #2871, .F. ) ;
#3401 = CARTESIAN_POINT ( 'NONE',  ( -17.42416479728412071, 3.549999999999928324, 8.754911828058867584 ) ) ;
#3402 = CARTESIAN_POINT ( 'NONE',  ( 5.218048215738235740E-12, 11.57499999999997264, -2.220446049250313081E-12 ) ) ;
#3403 = VECTOR ( 'NONE', #2887, 1000.000000000000000 ) ;
#3404 = FACE_OUTER_BOUND ( 'NONE', #693, .T. ) ;
#3405 = CARTESIAN_POINT ( 'NONE',  ( -9.012038728212507621, 36.38267500856138525, 20.90012448714078275 ) ) ;
#3406 = ORIENTED_EDGE ( 'NONE', *, *, #3175, .T. ) ;
#3407 = FACE_OUTER_BOUND ( 'NONE', #2483, .T. ) ;
#3408 = DIRECTION ( 'NONE',  ( 0.8932766466830597274, 0.000000000000000000, 0.4495073219544571952 ) ) ;
#3409 = PLANE ( 'NONE',  #731 ) ;
#3410 = ORIENTED_EDGE ( 'NONE', *, *, #3098, .F. ) ;
#3411 = LINE ( 'NONE', #515, #3035 ) ;
#3412 = CARTESIAN_POINT ( 'NONE',  ( 8.370392823701402918, 0.000000000000000000, 18.42972891989294837 ) ) ;
#3413 = AXIS2_PLACEMENT_3D ( 'NONE', #949, #2952, #1523 ) ;
#3414 = EDGE_CURVE ( 'NONE', #1803, #1687, #2658, .T. ) ;
#3415 = CARTESIAN_POINT ( 'NONE',  ( -0.9898953764363276342, 2.799999999999927880, 2.648711740116493463 ) ) ;
#3416 = EDGE_CURVE ( 'NONE', #3123, #3149, #2173, .T. ) ;
#3417 = VERTEX_POINT ( 'NONE', #190 ) ;
#3418 = FACE_OUTER_BOUND ( 'NONE', #1250, .T. ) ;
#3419 = VECTOR ( 'NONE', #3244, 1000.000000000000000 ) ;
#3420 = EDGE_LOOP ( 'NONE', ( #2659, #2162, #991, #2568, #151 ) ) ;
#3421 = ORIENTED_EDGE ( 'NONE', *, *, #339, .T. ) ;
#3422 = DIRECTION ( 'NONE',  ( 0.000000000000000000, 0.000000000000000000, -1.000000000000000000 ) ) ;
#3423 = LINE ( 'NONE', #1441, #1442 ) ;
#3424 = LINE ( 'NONE', #206, #3336 ) ;
#3425 = EDGE_LOOP ( 'NONE', ( #109, #1870, #439, #839 ) ) ;
#3426 = CARTESIAN_POINT ( 'NONE',  ( -1.631763199232759927E-14, 0.04999999999992814359, 3.449955661462643006E-14 ) ) ;
#3427 = ORIENTED_EDGE ( 'NONE', *, *, #2516, .F. ) ;
#3428 = LINE ( 'NONE', #2256, #552 ) ;
#3429 = FACE_OUTER_BOUND ( 'NONE', #3283, .T. ) ;
#3430 = CIRCLE ( 'NONE', #3075, 19.40500000002931458 ) ;
#3431 = ADVANCED_FACE ( 'NONE', ( #1619 ), #2251, .F. ) ;
#3432 = EDGE_CURVE ( 'NONE', #750, #20, #2271, .T. ) ;
#3433 = CARTESIAN_POINT ( 'NONE',  ( 0.000000000000000000, 2.799999999999927880, 0.000000000000000000 ) ) ;
#3434 = DIRECTION ( 'NONE',  ( 0.000000000000000000, 0.000000000000000000, 1.000000000000000000 ) ) ;
#3435 = CARTESIAN_POINT ( 'NONE',  ( 13.55587378748700544, 11.25999999999997314, 5.391253399353292508 ) ) ;
#3436 = EDGE_LOOP ( 'NONE', ( #875, #1831, #2303, #1962 ) ) ;
#3437 = CARTESIAN_POINT ( 'NONE',  ( 10.00000000000000000, -2.974000000000072141, -20.15564437074637993 ) ) ;
#3438 = DIRECTION ( 'NONE',  ( 0.000000000000000000, 1.000000000000000000, 0.000000000000000000 ) ) ;
#3439 = VERTEX_POINT ( 'NONE', #753 ) ;
#3440 = CARTESIAN_POINT ( 'NONE',  ( -2.745402229934452673E-14, 3.549999999999928324, 1.646945678633283094E-13 ) ) ;
#3441 = DIRECTION ( 'NONE',  ( 0.000000000000000000, 0.000000000000000000, 1.000000000000000000 ) ) ;
#3442 = ORIENTED_EDGE ( 'NONE', *, *, #1468, .T. ) ;
#3443 = CARTESIAN_POINT ( 'NONE',  ( -18.55232424079347453, 2.799999999999927880, 8.116265475233481297 ) ) ;
#3444 = DIRECTION ( 'NONE',  ( 0.000000000000000000, -1.000000000000000000, 0.000000000000000000 ) ) ;
#3445 = VECTOR ( 'NONE', #560, 1000.000000000000000 ) ;
#3446 = VECTOR ( 'NONE', #3031, 1000.000000000000114 ) ;
#3447 = AXIS2_PLACEMENT_3D ( 'NONE', #2187, #3360, #686 ) ;
#3448 = DIRECTION ( 'NONE',  ( 0.000000000000000000, -1.000000000000000000, 0.000000000000000000 ) ) ;
#3449 = ORIENTED_EDGE ( 'NONE', *, *, #413, .F. ) ;
#3450 = VECTOR ( 'NONE', #3307, 1000.000000000000000 ) ;
#3451 = CARTESIAN_POINT ( 'NONE',  ( 0.000000000000000000, 9.799999999999926104, 0.000000000000000000 ) ) ;
#3452 = CIRCLE ( 'NONE', #3568, 18.18499999999999517 ) ;
#3453 = VECTOR ( 'NONE', #323, 1000.000000000000000 ) ;
#3454 = EDGE_LOOP ( 'NONE', ( #421, #1037, #1522, #93 ) ) ;
#3455 = AXIS2_PLACEMENT_3D ( 'NONE', #3662, #1062, #2220 ) ;
#3456 = CARTESIAN_POINT ( 'NONE',  ( 9.670286147185342074, 11.25999999999997314, 16.93326801983467078 ) ) ;
#3457 = EDGE_CURVE ( 'NONE', #2322, #3047, #302, .T. ) ;
#3458 = DIRECTION ( 'NONE',  ( 0.000000000000000000, 0.000000000000000000, -1.000000000000000000 ) ) ;
#3459 = VERTEX_POINT ( 'NONE', #2514 ) ;
#3460 = CARTESIAN_POINT ( 'NONE',  ( -17.42416479728412071, 3.549999999999928324, 8.754911828058867584 ) ) ;
#3461 = DIRECTION ( 'NONE',  ( -1.000000000000000000, 0.000000000000000000, 2.891205793294676847E-16 ) ) ;
#3462 = TOROIDAL_SURFACE ( 'NONE', #975, 3.059999999999825970, 0.08999999999999999667 ) ;
#3463 = EDGE_CURVE ( 'NONE', #732, #3325, #3387, .T. ) ;
#3464 = ORIENTED_EDGE ( 'NONE', *, *, #3617, .T. ) ;
#3465 = DIRECTION ( 'NONE',  ( -1.000000000000000000, 0.000000000000000000, 0.000000000000000000 ) ) ;
#3466 = CARTESIAN_POINT ( 'NONE',  ( 7.797594443048662782, 11.25000000000000000, 19.86998445578315398 ) ) ;
#3467 = CARTESIAN_POINT ( 'NONE',  ( -7.465087687625355350, 11.34840570171810015, 19.27428959120706153 ) ) ;
#3468 = DIRECTION ( 'NONE',  ( 0.000000000000000000, 0.000000000000000000, -1.000000000000000000 ) ) ;
#3469 = EDGE_CURVE ( 'NONE', #477, #3104, #1701, .T. ) ;
#3470 = AXIS2_PLACEMENT_3D ( 'NONE', #1576, #2145, #3024 ) ;
#3471 = ORIENTED_EDGE ( 'NONE', *, *, #1857, .T. ) ;
#3472 = CARTESIAN_POINT ( 'NONE',  ( 10.00000000000000355, 0.5499999999999264366, 25.08064437074641262 ) ) ;
#3473 = EDGE_CURVE ( 'NONE', #1002, #2322, #1991, .T. ) ;
#3474 = ORIENTED_EDGE ( 'NONE', *, *, #1438, .F. ) ;
#3475 = CARTESIAN_POINT ( 'NONE',  ( 0.000000000000000000, 10.15000000000000036, 0.000000000000000000 ) ) ;
#3476 = EDGE_LOOP ( 'NONE', ( #1138, #741, #3362, #2798 ) ) ;
#3477 = DIRECTION ( 'NONE',  ( -0.3695524189464527431, 0.000000000000000000, 0.9292098846067156082 ) ) ;
#3478 = DIRECTION ( 'NONE',  ( -0.01524583128163091092, 0.000000000000000000, -0.9998837755602058008 ) ) ;
#3479 = ORIENTED_EDGE ( 'NONE', *, *, #2206, .T. ) ;
#3480 = ADVANCED_FACE ( 'NONE', ( #791 ), #468, .F. ) ;
#3481 = CARTESIAN_POINT ( 'NONE',  ( 0.000000000000000000, 0.04999999999992814359, 0.000000000000000000 ) ) ;
#3482 = CARTESIAN_POINT ( 'NONE',  ( -12.49999999999999645, 3.799999999999930100, 26.15564437074638349 ) ) ;
#3483 = EDGE_CURVE ( 'NONE', #1025, #3548, #1947, .T. ) ;
#3484 = CARTESIAN_POINT ( 'NONE',  ( -9.999999999999996447, 3.799999999999930100, 26.15564437074638349 ) ) ;
#3485 = DIRECTION ( 'NONE',  ( -0.9367205978485819706, 0.000000000000000000, -0.3500778792871594991 ) ) ;
#3486 = EDGE_CURVE ( 'NONE', #3724, #674, #508, .T. ) ;
#3487 = ORIENTED_EDGE ( 'NONE', *, *, #2955, .F. ) ;
#3488 = EDGE_CURVE ( 'NONE', #2030, #2426, #3351, .T. ) ;
#3489 = DIRECTION ( 'NONE',  ( 0.000000000000000000, -1.000000000000000000, 0.000000000000000000 ) ) ;
#3490 = PLANE ( 'NONE',  #1647 ) ;
#3491 = ORIENTED_EDGE ( 'NONE', *, *, #2012, .F. ) ;
#3492 = DIRECTION ( 'NONE',  ( -1.000000000000000000, 0.000000000000000000, 2.891205793294676847E-16 ) ) ;
#3493 = ORIENTED_EDGE ( 'NONE', *, *, #3077, .F. ) ;
#3494 = CARTESIAN_POINT ( 'NONE',  ( 7.028104268508625019, 11.25999999999997847, 19.30009385063694438 ) ) ;
#3495 = FACE_OUTER_BOUND ( 'NONE', #1550, .T. ) ;
#3496 = DIRECTION ( 'NONE',  ( 0.000000000000000000, 1.000000000000000000, -0.000000000000000000 ) ) ;
#3497 = ORIENTED_EDGE ( 'NONE', *, *, #1364, .F. ) ;
#3498 = DIRECTION ( 'NONE',  ( 0.000000000000000000, 0.000000000000000000, -1.000000000000000000 ) ) ;
#3499 = EDGE_CURVE ( 'NONE', #3368, #922, #1054, .T. ) ;
#3500 = PLANE ( 'NONE',  #2416 ) ;
#3501 = CIRCLE ( 'NONE', #305, 0.08999999999999977462 ) ;
#3502 = CONICAL_SURFACE ( 'NONE', #10, 0.7249999999999825473, 0.7853981633974480570 ) ;
#3503 = ORIENTED_EDGE ( 'NONE', *, *, #2650, .T. ) ;
#3504 = CARTESIAN_POINT ( 'NONE',  ( -12.56819315867640618, 11.34153258990033741, 14.84312367726047910 ) ) ;
#3505 = AXIS2_PLACEMENT_3D ( 'NONE', #2789, #2519, #3137 ) ;
#3506 = VERTEX_POINT ( 'NONE', #1094 ) ;
#3507 = VECTOR ( 'NONE', #154, 1000.000000000000000 ) ;
#3508 = CARTESIAN_POINT ( 'NONE',  ( 0.000000000000000000, 11.34999999999997300, -18.18499999999999517 ) ) ;
#3509 = ORIENTED_EDGE ( 'NONE', *, *, #2699, .F. ) ;
#3510 = DIRECTION ( 'NONE',  ( 0.000000000000000000, 0.000000000000000000, 1.000000000000000000 ) ) ;
#3511 = DIRECTION ( 'NONE',  ( -0.4693032097463761265, 0.000000000000000000, 0.8830370871723048909 ) ) ;
#3512 = EDGE_CURVE ( 'NONE', #2215, #1864, #1114, .T. ) ;
#3513 = ADVANCED_FACE ( 'NONE', ( #3407 ), #2904, .T. ) ;
#3514 = ORIENTED_EDGE ( 'NONE', *, *, #3357, .T. ) ;
#3515 = VECTOR ( 'NONE', #759, 1000.000000000000000 ) ;
#3516 = LINE ( 'NONE', #2612, #1264 ) ;
#3517 = CARTESIAN_POINT ( 'NONE',  ( 14.99718884230663640, 5.992388155425058649, -23.96325621532124117 ) ) ;
#3518 = CARTESIAN_POINT ( 'NONE',  ( -10.00000000000000355, -2.974000000000072141, -2.891205793294677044E-15 ) ) ;
#3519 = AXIS2_PLACEMENT_3D ( 'NONE', #3433, #1136, #3102 ) ;
#3520 = VERTEX_POINT ( 'NONE', #1909 ) ;
#3521 = DIRECTION ( 'NONE',  ( -0.9292098846067154971, 0.000000000000000000, -0.3695524189464526876 ) ) ;
#3522 = DIRECTION ( 'NONE',  ( 0.000000000000000000, 0.000000000000000000, 1.000000000000000000 ) ) ;
#3523 = DIRECTION ( 'NONE',  ( 0.000000000000000000, -1.000000000000000000, 0.000000000000000000 ) ) ;
#3524 = EDGE_CURVE ( 'NONE', #3300, #866, #2866, .T. ) ;
#3525 = EDGE_CURVE ( 'NONE', #3365, #732, #3072, .T. ) ;
#3526 = ORIENTED_EDGE ( 'NONE', *, *, #3457, .T. ) ;
#3527 = CARTESIAN_POINT ( 'NONE',  ( 9.999999999999982236, 9.799999999999926104, 8.673617379884018117E-15 ) ) ;
#3528 = AXIS2_PLACEMENT_3D ( 'NONE', #1378, #1948, #1073 ) ;
#3529 = EDGE_LOOP ( 'NONE', ( #2908, #2853, #994, #3622 ) ) ;
#3530 = CARTESIAN_POINT ( 'NONE',  ( -14.90493150791687960, 9.654498493062492415, 16.91904328067858643 ) ) ;
#3531 = ORIENTED_EDGE ( 'NONE', *, *, #1778, .F. ) ;
#3532 = DIRECTION ( 'NONE',  ( 0.000000000000000000, 0.000000000000000000, -1.000000000000000000 ) ) ;
#3533 = AXIS2_PLACEMENT_3D ( 'NONE', #1566, #2713, #89 ) ;
#3534 = VERTEX_POINT ( 'NONE', #3369 ) ;
#3535 = DIRECTION ( 'NONE',  ( 1.000000000000000000, -0.000000000000000000, -0.000000000000000000 ) ) ;
#3536 = DIRECTION ( 'NONE',  ( 0.000000000000000000, 1.000000000000000000, -0.000000000000000000 ) ) ;
#3537 = CARTESIAN_POINT ( 'NONE',  ( 0.000000000000000000, 0.7999999999999279909, 0.000000000000000000 ) ) ;
#3538 = CARTESIAN_POINT ( 'NONE',  ( -15.29784594892997163, 9.799999999999926104, -14.77086805989612905 ) ) ;
#3539 = CARTESIAN_POINT ( 'NONE',  ( 10.00000000000000533, 9.799999999999926104, -26.15564437074637993 ) ) ;
#3540 = DIRECTION ( 'NONE',  ( 0.000000000000000000, -1.000000000000000000, 0.000000000000000000 ) ) ;
#3541 = EDGE_CURVE ( 'NONE', #314, #1046, #2045, .T. ) ;
#3542 = ORIENTED_EDGE ( 'NONE', *, *, #1649, .F. ) ;
#3543 = VECTOR ( 'NONE', #2417, 1000.000000000000000 ) ;
#3544 = CARTESIAN_POINT ( 'NONE',  ( -12.23362618124796874, 11.30788779572004543, 15.16764119566002122 ) ) ;
#3545 = ORIENTED_EDGE ( 'NONE', *, *, #220, .F. ) ;
#3546 = CARTESIAN_POINT ( 'NONE',  ( -13.54543027701340030, -2.974000000000072141, 13.96489683494792367 ) ) ;
#3547 = ORIENTED_EDGE ( 'NONE', *, *, #422, .T. ) ;
#3548 = VERTEX_POINT ( 'NONE', #1164 ) ;
#3549 = DIRECTION ( 'NONE',  ( 0.000000000000000000, -1.000000000000000000, 0.000000000000000000 ) ) ;
#3550 = CARTESIAN_POINT ( 'NONE',  ( 11.99999999999998757, 0.5499999999999325428, -24.83064437074638420 ) ) ;
#3551 = DIRECTION ( 'NONE',  ( -0.000000000000000000, -1.000000000000000000, -0.000000000000000000 ) ) ;
#3552 = CARTESIAN_POINT ( 'NONE',  ( 0.000000000000000000, 11.25000000000000000, 0.000000000000000000 ) ) ;
#3553 = DIRECTION ( 'NONE',  ( 0.4226182617406970543, 0.000000000000000000, -0.9063077870366511579 ) ) ;
#3554 = DIRECTION ( 'NONE',  ( 0.000000000000000000, -1.000000000000000000, 0.000000000000000000 ) ) ;
#3555 = EDGE_CURVE ( 'NONE', #1265, #2, #593, .T. ) ;
#3556 = EDGE_LOOP ( 'NONE', ( #341, #1282, #2518, #2989 ) ) ;
#3557 = CARTESIAN_POINT ( 'NONE',  ( -18.30566896791331644, 3.549999999999928324, -8.658232131167169499 ) ) ;
#3558 = AXIS2_PLACEMENT_3D ( 'NONE', #22, #3461, #2050 ) ;
#3559 = ORIENTED_EDGE ( 'NONE', *, *, #903, .F. ) ;
#3560 = AXIS2_PLACEMENT_3D ( 'NONE', #838, #1654, #1083 ) ;
#3561 = CARTESIAN_POINT ( 'NONE',  ( -9.999999999999994671, 8.632336374617837649, 20.15564437074637993 ) ) ;
#3562 = VERTEX_POINT ( 'NONE', #2590 ) ;
#3563 = DIRECTION ( 'NONE',  ( 1.000000000000000000, -0.000000000000000000, -0.000000000000000000 ) ) ;
#3564 = DIRECTION ( 'NONE',  ( 0.4226182617406970543, 0.000000000000000000, -0.9063077870366511579 ) ) ;
#3565 = ORIENTED_EDGE ( 'NONE', *, *, #249, .T. ) ;
#3566 = ADVANCED_FACE ( 'NONE', ( #1715 ), #865, .F. ) ;
#3567 = AXIS2_PLACEMENT_3D ( 'NONE', #1078, #3335, #2235 ) ;
#3568 = AXIS2_PLACEMENT_3D ( 'NONE', #2800, #185, #408 ) ;
#3569 = ADVANCED_FACE ( 'NONE', ( #2350 ), #1770, .F. ) ;
#3570 = ORIENTED_EDGE ( 'NONE', *, *, #2236, .T. ) ;
#3571 = VECTOR ( 'NONE', #1404, 999.9999999999998863 ) ;
#3572 = LINE ( 'NONE', #116, #2296 ) ;
#3573 = LINE ( 'NONE', #921, #132 ) ;
#3574 = CIRCLE ( 'NONE', #3455, 1.500000000000001332 ) ;
#3575 = ORIENTED_EDGE ( 'NONE', *, *, #1842, .T. ) ;
#3576 = VECTOR ( 'NONE', #295, 999.9999999999998863 ) ;
#3577 = CARTESIAN_POINT ( 'NONE',  ( -20.28561557374407442, 9.799999999999926104, -9.459337892425100591 ) ) ;
#3578 = CIRCLE ( 'NONE', #1761, 13.00000000000000000 ) ;
#3579 = CARTESIAN_POINT ( 'NONE',  ( 12.00000000000000178, 0.5499999999999264366, 24.35564437074637567 ) ) ;
#3580 = DIRECTION ( 'NONE',  ( 1.000000000000000000, 0.000000000000000000, 2.891205793294676354E-16 ) ) ;
#3581 = VERTEX_POINT ( 'NONE', #1180 ) ;
#3582 = CARTESIAN_POINT ( 'NONE',  ( 0.000000000000000000, 10.15000000000000036, 0.000000000000000000 ) ) ;
#3583 = FACE_OUTER_BOUND ( 'NONE', #1636, .T. ) ;
#3584 = VERTEX_POINT ( 'NONE', #2608 ) ;
#3585 = ORIENTED_EDGE ( 'NONE', *, *, #3486, .F. ) ;
#3586 = CARTESIAN_POINT ( 'NONE',  ( -17.62768122836097362, 3.549999999999928324, -8.337556867049867648 ) ) ;
#3587 = CARTESIAN_POINT ( 'NONE',  ( -10.24999999999999645, 0.5499999999999325428, -23.88064437074637780 ) ) ;
#3588 = DIRECTION ( 'NONE',  ( 0.9469039830793308798, 0.000000000000000000, -0.3215164798707810800 ) ) ;
#3589 = AXIS2_PLACEMENT_3D ( 'NONE', #871, #3188, #3422 ) ;
#3590 = EDGE_LOOP ( 'NONE', ( #575, #319, #2035, #460, #1880, #122 ) ) ;
#3591 = ORIENTED_EDGE ( 'NONE', *, *, #334, .T. ) ;
#3592 = CARTESIAN_POINT ( 'NONE',  ( 13.92900658350942678, 11.34999999999997122, 13.51061806867700099 ) ) ;
#3593 = AXIS2_PLACEMENT_3D ( 'NONE', #2165, #3304, #149 ) ;
#3594 = CARTESIAN_POINT ( 'NONE',  ( -6.484437924835757983, 11.25999999999997847, 16.35576158573464767 ) ) ;
#3595 = EDGE_LOOP ( 'NONE', ( #388, #669, #3628, #3118 ) ) ;
#3596 = EDGE_CURVE ( 'NONE', #3253, #773, #1391, .T. ) ;
#3597 = DIRECTION ( 'NONE',  ( -1.000000000000000000, -0.000000000000000000, 2.891205793294676354E-16 ) ) ;
#3598 = CARTESIAN_POINT ( 'NONE',  ( 0.000000000000000000, 10.15000000000000036, -19.40900744143347012 ) ) ;
#3599 = EDGE_CURVE ( 'NONE', #2240, #1998, #1751, .T. ) ;
#3600 = CARTESIAN_POINT ( 'NONE',  ( 0.000000000000000000, 11.37499999999996803, 0.000000000000000000 ) ) ;
#3601 = ORIENTED_EDGE ( 'NONE', *, *, #445, .T. ) ;
#3602 = EDGE_CURVE ( 'NONE', #769, #3146, #3501, .T. ) ;
#3603 = DIRECTION ( 'NONE',  ( 0.000000000000000000, 0.000000000000000000, -1.000000000000000000 ) ) ;
#3604 = VERTEX_POINT ( 'NONE', #916 ) ;
#3605 = ORIENTED_EDGE ( 'NONE', *, *, #3541, .T. ) ;
#3606 = CARTESIAN_POINT ( 'NONE',  ( 11.15802247752154663, 11.25999999999997314, 19.53838617673230615 ) ) ;
#3607 = CARTESIAN_POINT ( 'NONE',  ( 0.000000000000000000, 74.98961030678925965, 0.000000000000000000 ) ) ;
#3608 = CARTESIAN_POINT ( 'NONE',  ( -10.00000000000000000, -3.200000000000072564, 14.77086805989614149 ) ) ;
#3609 = ORIENTED_EDGE ( 'NONE', *, *, #1291, .T. ) ;
#3610 = ORIENTED_EDGE ( 'NONE', *, *, #2306, .T. ) ;
#3611 = CYLINDRICAL_SURFACE ( 'NONE', #1088, 19.50000000000000355 ) ;
#3612 = CARTESIAN_POINT ( 'NONE',  ( 0.000000000000000000, -2.974000000000072141, -19.50000000000000355 ) ) ;
#3613 = CARTESIAN_POINT ( 'NONE',  ( 16.97266793280125796, 9.799999999999926104, -14.77086805989614149 ) ) ;
#3614 = VERTEX_POINT ( 'NONE', #56 ) ;
#3615 = LINE ( 'NONE', #1317, #2729 ) ;
#3616 = CARTESIAN_POINT ( 'NONE',  ( 13.47224489787239854, 11.34999999999997300, 5.357993681648109963 ) ) ;
#3617 = EDGE_CURVE ( 'NONE', #2015, #3135, #4, .T. ) ;
#3618 = EDGE_CURVE ( 'NONE', #2099, #1746, #1254, .T. ) ;
#3619 = ORIENTED_EDGE ( 'NONE', *, *, #3074, .F. ) ;
#3620 = DIRECTION ( 'NONE',  ( 0.000000000000000000, 0.000000000000000000, -1.000000000000000000 ) ) ;
#3621 = DIRECTION ( 'NONE',  ( 0.000000000000000000, -1.000000000000000000, 0.000000000000000000 ) ) ;
#3622 = ORIENTED_EDGE ( 'NONE', *, *, #381, .F. ) ;
#3623 = EDGE_LOOP ( 'NONE', ( #1480, #767 ) ) ;
#3624 = FACE_OUTER_BOUND ( 'NONE', #3071, .T. ) ;
#3625 = VECTOR ( 'NONE', #1784, 1000.000000000000000 ) ;
#3626 = FACE_OUTER_BOUND ( 'NONE', #1811, .T. ) ;
#3627 = CARTESIAN_POINT ( 'NONE',  ( 0.000000000000000000, 11.34999999999997300, 0.000000000000000000 ) ) ;
#3628 = ORIENTED_EDGE ( 'NONE', *, *, #1244, .F. ) ;
#3629 = VECTOR ( 'NONE', #2575, 1000.000000000000000 ) ;
#3630 = AXIS2_PLACEMENT_3D ( 'NONE', #1844, #701, #3647 ) ;
#3631 = CARTESIAN_POINT ( 'NONE',  ( 2.755455298081545172E-15, 9.824999999999972644, 22.50000000000000355 ) ) ;
#3632 = ORIENTED_EDGE ( 'NONE', *, *, #1894, .F. ) ;
#3633 = CARTESIAN_POINT ( 'NONE',  ( 17.23832272926866693, 9.799999999999926104, -14.77086805989614327 ) ) ;
#3634 = LINE ( 'NONE', #1296, #1168 ) ;
#3635 = EDGE_CURVE ( 'NONE', #5, #1292, #2075, .T. ) ;
#3636 = FACE_OUTER_BOUND ( 'NONE', #1444, .T. ) ;
#3637 = AXIS2_PLACEMENT_3D ( 'NONE', #3537, #117, #1809 ) ;
#3638 = EDGE_LOOP ( 'NONE', ( #2219, #918, #1520, #3034 ) ) ;
#3639 = CARTESIAN_POINT ( 'NONE',  ( -19.72453493802065339, 3.549999999999928324, 4.583145369590927665 ) ) ;
#3640 = VECTOR ( 'NONE', #1774, 1000.000000000000000 ) ;
#3641 = CARTESIAN_POINT ( 'NONE',  ( -9.999999999999996447, 0.5499999999999265476, 25.08064437074636643 ) ) ;
#3642 = AXIS2_PLACEMENT_3D ( 'NONE', #1008, #1885, #3051 ) ;
#3643 = DIRECTION ( 'NONE',  ( -1.000000000000000000, 0.000000000000000000, 0.000000000000000000 ) ) ;
#3644 = EDGE_LOOP ( 'NONE', ( #985, #1612, #3158, #370, #1633 ) ) ;
#3645 = EDGE_CURVE ( 'NONE', #1484, #354, #848, .T. ) ;
#3646 = EDGE_CURVE ( 'NONE', #2099, #2167, #2344, .T. ) ;
#3647 = DIRECTION ( 'NONE',  ( 0.000000000000000000, 0.000000000000000000, -1.000000000000000000 ) ) ;
#3648 = VERTEX_POINT ( 'NONE', #2918 ) ;
#3649 = CARTESIAN_POINT ( 'NONE',  ( 12.66920787863038633, 11.30340147443876297, 14.80942944539997974 ) ) ;
#3650 = ORIENTED_EDGE ( 'NONE', *, *, #3416, .T. ) ;
#3651 = CARTESIAN_POINT ( 'NONE',  ( 0.000000000000000000, 0.04999999999992814359, 0.000000000000000000 ) ) ;
#3652 = ORIENTED_EDGE ( 'NONE', *, *, #1673, .T. ) ;
#3653 = DIRECTION ( 'NONE',  ( 0.000000000000000000, 1.000000000000000000, 0.000000000000000000 ) ) ;
#3654 = DIRECTION ( 'NONE',  ( -1.000000000000000000, 0.000000000000000000, 2.891205793294676847E-16 ) ) ;
#3655 = CARTESIAN_POINT ( 'NONE',  ( 0.000000000000000000, -2.974000000000072141, 0.000000000000000000 ) ) ;
#3656 = ORIENTED_EDGE ( 'NONE', *, *, #1001, .T. ) ;
#3657 = VECTOR ( 'NONE', #602, 1000.000000000000000 ) ;
#3658 = CARTESIAN_POINT ( 'NONE',  ( 0.000000000000000000, 11.82499999999997264, 0.000000000000000000 ) ) ;
#3659 = FACE_OUTER_BOUND ( 'NONE', #2092, .T. ) ;
#3660 = DIRECTION ( 'NONE',  ( 1.000000000000000000, 0.000000000000000000, -2.891205793294676354E-16 ) ) ;
#3661 = ORIENTED_EDGE ( 'NONE', *, *, #3693, .T. ) ;
#3662 = CARTESIAN_POINT ( 'NONE',  ( -9.999999999999996447, -1.474000000000072141, -24.65564437074638349 ) ) ;
#3663 = CIRCLE ( 'NONE', #2023, 3.149999999999826716 ) ;
#3664 = ADVANCED_FACE ( 'NONE', ( #321 ), #2333, .F. ) ;
#3665 = CARTESIAN_POINT ( 'NONE',  ( -0.9898953764363276342, 0.7999999999999279909, 2.648711740116493463 ) ) ;
#3666 = ORIENTED_EDGE ( 'NONE', *, *, #546, .T. ) ;
#3667 = CARTESIAN_POINT ( 'NONE',  ( -9.109175301177385720, 11.34999999999997300, 17.13974986201431960 ) ) ;
#3668 = DIRECTION ( 'NONE',  ( 2.891205793294676354E-16, 0.000000000000000000, 1.000000000000000000 ) ) ;
#3669 = FACE_OUTER_BOUND ( 'NONE', #3595, .T. ) ;
#3670 = DIRECTION ( 'NONE',  ( -0.9064578082128001979, 0.000000000000000000, 0.4222963910928513864 ) ) ;
#3671 = ORIENTED_EDGE ( 'NONE', *, *, #3293, .F. ) ;
#3672 = CARTESIAN_POINT ( 'NONE',  ( 9.999999999999994671, 9.799999999999926104, -20.15564437074637993 ) ) ;
#3673 = CARTESIAN_POINT ( 'NONE',  ( 0.000000000000000000, 9.900000000000035882, 0.000000000000000000 ) ) ;
#3674 = DIRECTION ( 'NONE',  ( -0.7071067811865426878, 8.659560562354992023E-17, -0.7071067811865522357 ) ) ;
#3675 = ORIENTED_EDGE ( 'NONE', *, *, #1488, .T. ) ;
#3676 = CARTESIAN_POINT ( 'NONE',  ( 10.00000000000000355, 0.5499999999999264366, 24.35564437074637567 ) ) ;
#3677 = CARTESIAN_POINT ( 'NONE',  ( -11.99999999999999645, 0.5499999999999264366, 24.83064437074638420 ) ) ;
#3678 = CARTESIAN_POINT ( 'NONE',  ( 0.000000000000000000, 0.7999999999999279909, 0.000000000000000000 ) ) ;
#3679 = ORIENTED_EDGE ( 'NONE', *, *, #1765, .F. ) ;
#3680 = EDGE_CURVE ( 'NONE', #1678, #1891, #904, .T. ) ;
#3681 = DIRECTION ( 'NONE',  ( 0.000000000000000000, 0.000000000000000000, 1.000000000000000000 ) ) ;
#3682 = ORIENTED_EDGE ( 'NONE', *, *, #27, .F. ) ;
#3683 = DIRECTION ( 'NONE',  ( -0.000000000000000000, -1.000000000000000000, 0.000000000000000000 ) ) ;
#3684 = LINE ( 'NONE', #2891, #2346 ) ;
#3685 = ORIENTED_EDGE ( 'NONE', *, *, #2459, .T. ) ;
#3686 = DIRECTION ( 'NONE',  ( 0.7071067811865477948, 8.659560562354931626E-17, 0.7071067811865473507 ) ) ;
#3687 = DIRECTION ( 'NONE',  ( -0.000000000000000000, 1.000000000000000000, -0.000000000000000000 ) ) ;
#3688 = LINE ( 'NONE', #1360, #3507 ) ;
#3689 = AXIS2_PLACEMENT_3D ( 'NONE', #3197, #1749, #3165 ) ;
#3690 = EDGE_CURVE ( 'NONE', #1396, #2240, #1131, .T. ) ;
#3691 = CIRCLE ( 'NONE', #3029, 22.50000000000000355 ) ;
#3692 = VERTEX_POINT ( 'NONE', #895 ) ;
#3693 = EDGE_CURVE ( 'NONE', #2948, #1921, #3155, .T. ) ;
#3694 = CARTESIAN_POINT ( 'NONE',  ( -9.151412590054560425, 11.25000000000000000, 17.21922319985983307 ) ) ;
#3695 = CARTESIAN_POINT ( 'NONE',  ( 14.44070884072149497, 8.462944526683497060, 21.49269984406280187 ) ) ;
#3696 = CIRCLE ( 'NONE', #3157, 2.000000000000001776 ) ;
#3697 = AXIS2_PLACEMENT_3D ( 'NONE', #3099, #213, #1016 ) ;
#3698 = PLANE ( 'NONE',  #1706 ) ;
#3699 = ORIENTED_EDGE ( 'NONE', *, *, #3347, .F. ) ;
#3700 = CARTESIAN_POINT ( 'NONE',  ( -0.2016580806570709150, 0.7999999999999279909, -0.4328584038517560573 ) ) ;
#3701 = CIRCLE ( 'NONE', #1324, 0.4749999999999997558 ) ;
#3702 = DIRECTION ( 'NONE',  ( 0.000000000000000000, 0.000000000000000000, -1.000000000000000000 ) ) ;
#3703 = AXIS2_PLACEMENT_3D ( 'NONE', #2107, #3266, #110 ) ;
#3704 = AXIS2_PLACEMENT_3D ( 'NONE', #1533, #1243, #3002 ) ;
#3705 = EDGE_LOOP ( 'NONE', ( #50, #2828, #616, #3308 ) ) ;
#3706 = CARTESIAN_POINT ( 'NONE',  ( -9.999999999999994671, 9.799999999999926104, 20.15564437074637993 ) ) ;
#3707 = CYLINDRICAL_SURFACE ( 'NONE', #2103, 1.500000000000001332 ) ;
#3708 = AXIS2_PLACEMENT_3D ( 'NONE', #3730, #3448, #1723 ) ;
#3709 = CARTESIAN_POINT ( 'NONE',  ( 0.000000000000000000, 9.900000000000035882, 0.000000000000000000 ) ) ;
#3710 = CARTESIAN_POINT ( 'NONE',  ( 8.039628191407247826, 11.34997757963526865, 19.02330787126357237 ) ) ;
#3711 = ORIENTED_EDGE ( 'NONE', *, *, #2384, .F. ) ;
#3712 = DIRECTION ( 'NONE',  ( 0.000000000000000000, 0.000000000000000000, -1.000000000000000000 ) ) ;
#3713 = VERTEX_POINT ( 'NONE', #1432 ) ;
#3714 = EDGE_CURVE ( 'NONE', #2439, #2151, #250, .T. ) ;
#3715 = FACE_OUTER_BOUND ( 'NONE', #2370, .T. ) ;
#3716 = DIRECTION ( 'NONE',  ( -0.000000000000000000, -1.000000000000000000, -0.000000000000000000 ) ) ;
#3717 = VECTOR ( 'NONE', #3687, 1000.000000000000000 ) ;
#3718 = LINE ( 'NONE', #2239, #1888 ) ;
#3719 = ORIENTED_EDGE ( 'NONE', *, *, #1403, .F. ) ;
#3720 = VECTOR ( 'NONE', #1466, 1000.000000000000114 ) ;
#3721 = ORIENTED_EDGE ( 'NONE', *, *, #2832, .T. ) ;
#3722 = CARTESIAN_POINT ( 'NONE',  ( -10.24999999999998046, 0.5499999999999265476, 23.88064437074638491 ) ) ;
#3723 = CYLINDRICAL_SURFACE ( 'NONE', #2127, 19.50000000000000355 ) ;
#3724 = VERTEX_POINT ( 'NONE', #1829 ) ;
#3725 = DIRECTION ( 'NONE',  ( -0.000000000000000000, -1.000000000000000000, -0.000000000000000000 ) ) ;
#3726 = CARTESIAN_POINT ( 'NONE',  ( -9.999999999999996447, 0.5499999999999265476, 25.08064437074636643 ) ) ;
#3727 = ORIENTED_EDGE ( 'NONE', *, *, #1721, .T. ) ;
#3728 = DIRECTION ( 'NONE',  ( 1.000000000000000000, 0.000000000000000000, -2.891205793294676354E-16 ) ) ;
#3729 = PLANE ( 'NONE',  #2603 ) ;
#3730 = CARTESIAN_POINT ( 'NONE',  ( -10.55932221929372083, 11.25000000000000000, 19.86833446137672610 ) ) ;
#3731 = EDGE_CURVE ( 'NONE', #730, #822, #391, .T. ) ;
#3732 = CARTESIAN_POINT ( 'NONE',  ( 0.000000000000000000, -2.974000000000072141, 0.000000000000000000 ) ) ;
#3733 = ADVANCED_FACE ( 'NONE', ( #2146, #372 ), #950, .T. ) ;
#3734 = ORIENTED_EDGE ( 'NONE', *, *, #2930, .T. ) ;
#3735 = DIRECTION ( 'NONE',  ( 0.000000000000000000, 1.000000000000000000, 0.000000000000000000 ) ) ;
ENDSEC;
END-ISO-10303-21;
